drift_type,trigger,primary_strategy,seed,net_value,value_before_retraining_cost,retrainings,requests,any_request,pre_drift_requests,pre_drift_false_alarm,post_drift_requests,post_drift_response,first_post_request_step,first_response_delay,mean_oracle_value_per_customer
none,never,True,1000,211424.48542970876,211424.48542970876,0,0,False,0,False,0,False,,,10.571224271485438
none,never,True,1001,227487.1341268539,227487.1341268539,0,0,False,0,False,0,False,,,11.374356706342697
none,never,True,1002,225266.8148657325,225266.8148657325,0,0,False,0,False,0,False,,,11.263340743286625
none,never,True,1003,220218.6584712677,220218.6584712677,0,0,False,0,False,0,False,,,11.010932923563386
none,never,True,1004,221069.8034640364,221069.8034640364,0,0,False,0,False,0,False,,,11.05349017320182
none,never,True,1005,220609.75989000063,220609.75989000063,0,0,False,0,False,0,False,,,11.030487994500028
none,never,True,1006,225577.54536734862,225577.54536734862,0,0,False,0,False,0,False,,,11.278877268367431
none,never,True,1007,222051.4058891942,222051.4058891942,0,0,False,0,False,0,False,,,11.10257029445971
none,never,True,1008,220722.84596622596,220722.84596622596,0,0,False,0,False,0,False,,,11.036142298311297
none,never,True,1009,221660.89545532616,221660.89545532616,0,0,False,0,False,0,False,,,11.083044772766309
none,never,True,1010,220821.79159098375,220821.79159098375,0,0,False,0,False,0,False,,,11.041089579549187
none,never,True,1011,214665.11539283657,214665.11539283657,0,0,False,0,False,0,False,,,10.733255769641827
none,never,True,1012,228768.0461764484,228768.0461764484,0,0,False,0,False,0,False,,,11.43840230882242
none,never,True,1013,225185.61021367577,225185.61021367577,0,0,False,0,False,0,False,,,11.259280510683787
none,never,True,1014,224314.47686230775,224314.47686230775,0,0,False,0,False,0,False,,,11.215723843115388
none,never,True,1015,217154.94541349972,217154.94541349972,0,0,False,0,False,0,False,,,10.857747270674986
none,never,True,1016,205451.4834214523,205451.4834214523,0,0,False,0,False,0,False,,,10.272574171072613
none,never,True,1017,219835.43657442112,219835.43657442112,0,0,False,0,False,0,False,,,10.99177182872106
none,never,True,1018,228812.70291805617,228812.70291805617,0,0,False,0,False,0,False,,,11.440635145902805
none,never,True,1019,228608.64163735815,228608.64163735815,0,0,False,0,False,0,False,,,11.430432081867904
none,never,True,1020,224044.6161415392,224044.6161415392,0,0,False,0,False,0,False,,,11.20223080707696
none,never,True,1021,218311.17718216695,218311.17718216695,0,0,False,0,False,0,False,,,10.915558859108351
none,never,True,1022,217841.79699130292,217841.79699130292,0,0,False,0,False,0,False,,,10.892089849565147
none,never,True,1023,211632.07377864645,211632.07377864645,0,0,False,0,False,0,False,,,10.581603688932324
none,never,True,1024,218714.44517536144,218714.44517536144,0,0,False,0,False,0,False,,,10.935722258768072
none,never,True,1025,207533.4916166876,207533.4916166876,0,0,False,0,False,0,False,,,10.376674580834381
none,never,True,1026,221670.89520014447,221670.89520014447,0,0,False,0,False,0,False,,,11.083544760007223
none,never,True,1027,228843.00195217805,228843.00195217805,0,0,False,0,False,0,False,,,11.4421500976089
none,never,True,1028,224550.40699327705,224550.40699327705,0,0,False,0,False,0,False,,,11.227520349663855
none,never,True,1029,219426.02313557334,219426.02313557334,0,0,False,0,False,0,False,,,10.971301156778665
none,periodic,True,1000,197934.7894501085,199184.7894501085,5,5,True,0,False,0,False,,,9.959239472505425
none,periodic,True,1001,171684.3142552517,172934.3142552517,5,5,True,0,False,0,False,,,8.646715712762584
none,periodic,True,1002,170474.4157843794,171724.4157843794,5,5,True,0,False,0,False,,,8.586220789218968
none,periodic,True,1003,194582.12188656692,195832.12188656692,5,5,True,0,False,0,False,,,9.791606094328346
none,periodic,True,1004,184248.84376581348,185498.84376581348,5,5,True,0,False,0,False,,,9.274942188290675
none,periodic,True,1005,153677.3286108474,154927.3286108474,5,5,True,0,False,0,False,,,7.746366430542372
none,periodic,True,1006,168334.41849605233,169584.41849605233,5,5,True,0,False,0,False,,,8.479220924802616
none,periodic,True,1007,183680.0216710395,184930.0216710395,5,5,True,0,False,0,False,,,9.246501083551976
none,periodic,True,1008,172313.70242567686,173563.70242567686,5,5,True,0,False,0,False,,,8.678185121283843
none,periodic,True,1009,183796.65139725557,185046.65139725557,5,5,True,0,False,0,False,,,9.252332569862778
none,periodic,True,1010,206049.67449165593,207299.67449165593,5,5,True,0,False,0,False,,,10.364983724582796
none,periodic,True,1011,192411.35510196153,193661.35510196153,5,5,True,0,False,0,False,,,9.683067755098076
none,periodic,True,1012,199421.84788687085,200671.84788687085,5,5,True,0,False,0,False,,,10.033592394343543
none,periodic,True,1013,179474.5891958224,180724.5891958224,5,5,True,0,False,0,False,,,9.036229459791118
none,periodic,True,1014,184312.89408093196,185562.89408093196,5,5,True,0,False,0,False,,,9.2781447040466
none,periodic,True,1015,183407.30183512298,184657.30183512298,5,5,True,0,False,0,False,,,9.232865091756148
none,periodic,True,1016,183584.45013812243,184834.45013812243,5,5,True,0,False,0,False,,,9.241722506906122
none,periodic,True,1017,200202.6661855973,201452.6661855973,5,5,True,0,False,0,False,,,10.072633309279865
none,periodic,True,1018,207446.31967011164,208696.31967011164,5,5,True,0,False,0,False,,,10.434815983505581
none,periodic,True,1019,197483.57977649383,198733.57977649383,5,5,True,0,False,0,False,,,9.936678988824694
none,periodic,True,1020,189427.47861752016,190677.47861752016,5,5,True,0,False,0,False,,,9.533873930876007
none,periodic,True,1021,171610.4455866525,172860.4455866525,5,5,True,0,False,0,False,,,8.643022279332625
none,periodic,True,1022,171875.19070469955,173125.19070469955,5,5,True,0,False,0,False,,,8.656259535234977
none,periodic,True,1023,183938.4497209558,185188.4497209558,5,5,True,0,False,0,False,,,9.259422486047788
none,periodic,True,1024,181413.13812255004,182663.13812255004,5,5,True,0,False,0,False,,,9.1331569061275
none,periodic,True,1025,158658.4692815557,159908.4692815557,5,5,True,0,False,0,False,,,7.995423464077784
none,periodic,True,1026,182602.7254904978,183852.7254904978,5,5,True,0,False,0,False,,,9.192636274524892
none,periodic,True,1027,168845.41896445066,170095.41896445066,5,5,True,0,False,0,False,,,8.504770948222536
none,periodic,True,1028,185848.07831184554,187098.07831184554,5,5,True,0,False,0,False,,,9.354903915592276
none,periodic,True,1029,192694.00794222814,193944.00794222814,5,5,True,0,False,0,False,,,9.697200397111407
none,feature_drift,True,1000,211424.48542970876,211424.48542970876,0,0,False,0,False,0,False,,,10.571224271485438
none,feature_drift,True,1001,227487.1341268539,227487.1341268539,0,0,False,0,False,0,False,,,11.374356706342697
none,feature_drift,True,1002,225266.8148657325,225266.8148657325,0,0,False,0,False,0,False,,,11.263340743286625
none,feature_drift,True,1003,220218.6584712677,220218.6584712677,0,0,False,0,False,0,False,,,11.010932923563386
none,feature_drift,True,1004,221069.8034640364,221069.8034640364,0,0,False,0,False,0,False,,,11.05349017320182
none,feature_drift,True,1005,127175.46647503077,127425.46647503077,1,1,True,0,False,0,False,,,6.371273323751537
none,feature_drift,True,1006,225577.54536734862,225577.54536734862,0,0,False,0,False,0,False,,,11.278877268367431
none,feature_drift,True,1007,222051.4058891942,222051.4058891942,0,0,False,0,False,0,False,,,11.10257029445971
none,feature_drift,True,1008,220722.84596622596,220722.84596622596,0,0,False,0,False,0,False,,,11.036142298311297
none,feature_drift,True,1009,221660.89545532616,221660.89545532616,0,0,False,0,False,0,False,,,11.083044772766309
none,feature_drift,True,1010,216364.86579192604,216614.86579192604,1,1,True,0,False,0,False,,,10.830743289596303
none,feature_drift,True,1011,214665.11539283657,214665.11539283657,0,0,False,0,False,0,False,,,10.733255769641827
none,feature_drift,True,1012,228768.0461764484,228768.0461764484,0,0,False,0,False,0,False,,,11.43840230882242
none,feature_drift,True,1013,225185.61021367577,225185.61021367577,0,0,False,0,False,0,False,,,11.259280510683787
none,feature_drift,True,1014,224314.47686230775,224314.47686230775,0,0,False,0,False,0,False,,,11.215723843115388
none,feature_drift,True,1015,217154.94541349972,217154.94541349972,0,0,False,0,False,0,False,,,10.857747270674986
none,feature_drift,True,1016,205451.4834214523,205451.4834214523,0,0,False,0,False,0,False,,,10.272574171072613
none,feature_drift,True,1017,219835.43657442112,219835.43657442112,0,0,False,0,False,0,False,,,10.99177182872106
none,feature_drift,True,1018,228812.70291805617,228812.70291805617,0,0,False,0,False,0,False,,,11.440635145902805
none,feature_drift,True,1019,228608.64163735815,228608.64163735815,0,0,False,0,False,0,False,,,11.430432081867904
none,feature_drift,True,1020,224044.6161415392,224044.6161415392,0,0,False,0,False,0,False,,,11.20223080707696
none,feature_drift,True,1021,218311.17718216695,218311.17718216695,0,0,False,0,False,0,False,,,10.915558859108351
none,feature_drift,True,1022,217841.79699130292,217841.79699130292,0,0,False,0,False,0,False,,,10.892089849565147
none,feature_drift,True,1023,211632.07377864645,211632.07377864645,0,0,False,0,False,0,False,,,10.581603688932324
none,feature_drift,True,1024,218714.44517536144,218714.44517536144,0,0,False,0,False,0,False,,,10.935722258768072
none,feature_drift,True,1025,207533.4916166876,207533.4916166876,0,0,False,0,False,0,False,,,10.376674580834381
none,feature_drift,True,1026,221670.89520014447,221670.89520014447,0,0,False,0,False,0,False,,,11.083544760007223
none,feature_drift,True,1027,228843.00195217805,228843.00195217805,0,0,False,0,False,0,False,,,11.4421500976089
none,feature_drift,True,1028,224550.40699327705,224550.40699327705,0,0,False,0,False,0,False,,,11.227520349663855
none,feature_drift,True,1029,219426.02313557334,219426.02313557334,0,0,False,0,False,0,False,,,10.971301156778665
none,performance,True,1000,211424.48542970876,211424.48542970876,0,0,False,0,False,0,False,,,10.571224271485438
none,performance,True,1001,227487.1341268539,227487.1341268539,0,0,False,0,False,0,False,,,11.374356706342697
none,performance,True,1002,225266.8148657325,225266.8148657325,0,0,False,0,False,0,False,,,11.263340743286625
none,performance,True,1003,220218.6584712677,220218.6584712677,0,0,False,0,False,0,False,,,11.010932923563386
none,performance,True,1004,221069.8034640364,221069.8034640364,0,0,False,0,False,0,False,,,11.05349017320182
none,performance,True,1005,220609.75989000063,220609.75989000063,0,0,False,0,False,0,False,,,11.030487994500028
none,performance,True,1006,225577.54536734862,225577.54536734862,0,0,False,0,False,0,False,,,11.278877268367431
none,performance,True,1007,222051.4058891942,222051.4058891942,0,0,False,0,False,0,False,,,11.10257029445971
none,performance,True,1008,220722.84596622596,220722.84596622596,0,0,False,0,False,0,False,,,11.036142298311297
none,performance,True,1009,221660.89545532616,221660.89545532616,0,0,False,0,False,0,False,,,11.083044772766309
none,performance,True,1010,220821.79159098375,220821.79159098375,0,0,False,0,False,0,False,,,11.041089579549187
none,performance,True,1011,214665.11539283657,214665.11539283657,0,0,False,0,False,0,False,,,10.733255769641827
none,performance,True,1012,228768.0461764484,228768.0461764484,0,0,False,0,False,0,False,,,11.43840230882242
none,performance,True,1013,225185.61021367577,225185.61021367577,0,0,False,0,False,0,False,,,11.259280510683787
none,performance,True,1014,224314.47686230775,224314.47686230775,0,0,False,0,False,0,False,,,11.215723843115388
none,performance,True,1015,217154.94541349972,217154.94541349972,0,0,False,0,False,0,False,,,10.857747270674986
none,performance,True,1016,205451.4834214523,205451.4834214523,0,0,False,0,False,0,False,,,10.272574171072613
none,performance,True,1017,219835.43657442112,219835.43657442112,0,0,False,0,False,0,False,,,10.99177182872106
none,performance,True,1018,228812.70291805617,228812.70291805617,0,0,False,0,False,0,False,,,11.440635145902805
none,performance,True,1019,228608.64163735815,228608.64163735815,0,0,False,0,False,0,False,,,11.430432081867904
none,performance,True,1020,224044.6161415392,224044.6161415392,0,0,False,0,False,0,False,,,11.20223080707696
none,performance,True,1021,218311.17718216695,218311.17718216695,0,0,False,0,False,0,False,,,10.915558859108351
none,performance,True,1022,217841.79699130292,217841.79699130292,0,0,False,0,False,0,False,,,10.892089849565147
none,performance,True,1023,211632.07377864645,211632.07377864645,0,0,False,0,False,0,False,,,10.581603688932324
none,performance,True,1024,218714.44517536144,218714.44517536144,0,0,False,0,False,0,False,,,10.935722258768072
none,performance,True,1025,171449.65600514147,172949.65600514147,6,6,True,0,False,0,False,,,8.647482800257073
none,performance,True,1026,193277.4505597105,193777.4505597105,2,2,True,0,False,0,False,,,9.688872527985525
none,performance,True,1027,228843.00195217805,228843.00195217805,0,0,False,0,False,0,False,,,11.4421500976089
none,performance,True,1028,224550.40699327705,224550.40699327705,0,0,False,0,False,0,False,,,11.227520349663855
none,performance,True,1029,219426.02313557334,219426.02313557334,0,0,False,0,False,0,False,,,10.971301156778665
none,cate_shift,True,1000,212713.69382762213,212963.69382762213,1,1,True,0,False,0,False,,,10.648184691381104
none,cate_shift,True,1001,145165.56818162263,145665.56818162263,2,2,True,0,False,0,False,,,7.283278409081131
none,cate_shift,True,1002,147651.89899776288,147901.89899776288,1,1,True,0,False,0,False,,,7.3950949498881435
none,cate_shift,True,1003,181494.3021190345,181994.3021190345,2,2,True,0,False,0,False,,,9.099715105951724
none,cate_shift,True,1004,221069.8034640364,221069.8034640364,0,0,False,0,False,0,False,,,11.05349017320182
none,cate_shift,True,1005,220609.75989000063,220609.75989000063,0,0,False,0,False,0,False,,,11.030487994500028
none,cate_shift,True,1006,199682.24739012713,200682.24739012713,4,4,True,0,False,0,False,,,10.03411236950636
none,cate_shift,True,1007,191927.5933457331,192427.5933457331,2,2,True,0,False,0,False,,,9.621379667286655
none,cate_shift,True,1008,220722.84596622596,220722.84596622596,0,0,False,0,False,0,False,,,11.036142298311297
none,cate_shift,True,1009,221660.89545532616,221660.89545532616,0,0,False,0,False,0,False,,,11.083044772766309
none,cate_shift,True,1010,220821.79159098375,220821.79159098375,0,0,False,0,False,0,False,,,11.041089579549187
none,cate_shift,True,1011,214665.11539283657,214665.11539283657,0,0,False,0,False,0,False,,,10.733255769641827
none,cate_shift,True,1012,192566.97869910058,193066.97869910058,2,2,True,0,False,0,False,,,9.653348934955032
none,cate_shift,True,1013,225185.61021367577,225185.61021367577,0,0,False,0,False,0,False,,,11.259280510683787
none,cate_shift,True,1014,212692.21247569457,212942.21247569457,1,1,True,0,False,0,False,,,10.647110623784728
none,cate_shift,True,1015,217154.94541349972,217154.94541349972,0,0,False,0,False,0,False,,,10.857747270674986
none,cate_shift,True,1016,178223.42775423196,178473.42775423196,1,1,True,0,False,0,False,,,8.923671387711597
none,cate_shift,True,1017,219835.43657442112,219835.43657442112,0,0,False,0,False,0,False,,,10.99177182872106
none,cate_shift,True,1018,228812.70291805617,228812.70291805617,0,0,False,0,False,0,False,,,11.440635145902805
none,cate_shift,True,1019,228608.64163735815,228608.64163735815,0,0,False,0,False,0,False,,,11.430432081867904
none,cate_shift,True,1020,220837.10185787088,221087.10185787088,1,1,True,0,False,0,False,,,11.054355092893545
none,cate_shift,True,1021,218311.17718216695,218311.17718216695,0,0,False,0,False,0,False,,,10.915558859108351
none,cate_shift,True,1022,199999.91058518854,200249.91058518854,1,1,True,0,False,0,False,,,10.01249552925943
none,cate_shift,True,1023,203590.4293759212,204090.4293759212,2,2,True,0,False,0,False,,,10.204521468796061
none,cate_shift,True,1024,218714.44517536144,218714.44517536144,0,0,False,0,False,0,False,,,10.935722258768072
none,cate_shift,True,1025,207533.4916166876,207533.4916166876,0,0,False,0,False,0,False,,,10.376674580834381
none,cate_shift,True,1026,221670.89520014447,221670.89520014447,0,0,False,0,False,0,False,,,11.083544760007223
none,cate_shift,True,1027,177304.7749601166,177554.7749601166,1,1,True,0,False,0,False,,,8.877738748005829
none,cate_shift,True,1028,224550.40699327705,224550.40699327705,0,0,False,0,False,0,False,,,11.227520349663855
none,cate_shift,True,1029,219426.02313557334,219426.02313557334,0,0,False,0,False,0,False,,,10.971301156778665
none,policy_value,True,1000,179251.66145039396,179751.66145039396,2,2,True,0,False,0,False,,,8.9875830725197
none,policy_value,True,1001,175479.83919103074,177479.83919103074,8,8,True,0,False,0,False,,,8.873991959551539
none,policy_value,True,1002,179451.0332418605,181201.0332418605,7,7,True,0,False,0,False,,,9.060051662093024
none,policy_value,True,1003,185050.65061968178,185550.65061968178,2,2,True,0,False,0,False,,,9.27753253098409
none,policy_value,True,1004,176866.88645579328,179366.88645579328,10,10,True,0,False,0,False,,,8.968344322789664
none,policy_value,True,1005,156418.59305552015,159418.59305552015,12,12,True,0,False,0,False,,,7.9709296527760065
none,policy_value,True,1006,192082.19549173847,194082.19549173847,8,8,True,0,False,0,False,,,9.704109774586923
none,policy_value,True,1007,179014.23767829375,181264.23767829375,9,9,True,0,False,0,False,,,9.063211883914688
none,policy_value,True,1008,177766.58777479312,179016.58777479312,5,5,True,0,False,0,False,,,8.950829388739656
none,policy_value,True,1009,175249.32746345957,176999.32746345957,7,7,True,0,False,0,False,,,8.849966373172979
none,policy_value,True,1010,205457.3502250223,206207.3502250223,3,3,True,0,False,0,False,,,10.310367511251114
none,policy_value,True,1011,187171.87081142963,188671.87081142963,6,6,True,0,False,0,False,,,9.433593540571483
none,policy_value,True,1012,208370.04434804773,209120.04434804773,3,3,True,0,False,0,False,,,10.456002217402387
none,policy_value,True,1013,217952.5232442215,218202.5232442215,1,1,True,0,False,0,False,,,10.910126162211075
none,policy_value,True,1014,224314.47686230775,224314.47686230775,0,0,False,0,False,0,False,,,11.215723843115388
none,policy_value,True,1015,177902.53138482006,179402.53138482006,6,6,True,0,False,0,False,,,8.970126569241003
none,policy_value,True,1016,192633.07637500757,194383.07637500757,7,7,True,0,False,0,False,,,9.719153818750378
none,policy_value,True,1017,216442.53831589012,217192.53831589012,3,3,True,0,False,0,False,,,10.859626915794506
none,policy_value,True,1018,217215.7726443561,218465.7726443561,5,5,True,0,False,0,False,,,10.923288632217805
none,policy_value,True,1019,189524.2219084387,190524.2219084387,4,4,True,0,False,0,False,,,9.526211095421933
none,policy_value,True,1020,185166.4657332648,185916.4657332648,3,3,True,0,False,0,False,,,9.29582328666324
none,policy_value,True,1021,179726.10215995053,181726.10215995053,8,8,True,0,False,0,False,,,9.086305107997525
none,policy_value,True,1022,175812.3192805667,176562.3192805667,3,3,True,0,False,0,False,,,8.828115964028337
none,policy_value,True,1023,172866.62145634473,173366.62145634473,2,2,True,0,False,0,False,,,8.668331072817237
none,policy_value,True,1024,178332.55698683628,181582.55698683628,13,13,True,0,False,0,False,,,9.079127849341813
none,policy_value,True,1025,176056.3902376785,176806.3902376785,3,3,True,0,False,0,False,,,8.840319511883926
none,policy_value,True,1026,172632.69147034138,173382.69147034138,3,3,True,0,False,0,False,,,8.66913457351707
none,policy_value,True,1027,148613.3434682628,151863.3434682628,13,13,True,0,False,0,False,,,7.593167173413139
none,policy_value,True,1028,195617.0516833621,196117.0516833621,2,2,True,0,False,0,False,,,9.805852584168104
none,policy_value,True,1029,195793.04136345818,197543.04136345818,7,7,True,0,False,0,False,,,9.877152068172908
none,policy_value_confident,False,1000,211424.48542970876,211424.48542970876,0,0,False,0,False,0,False,,,10.571224271485438
none,policy_value_confident,False,1001,223899.55143487893,224649.55143487893,3,3,True,0,False,0,False,,,11.232477571743948
none,policy_value_confident,False,1002,126621.562865777,127621.562865777,4,4,True,0,False,0,False,,,6.3810781432888515
none,policy_value_confident,False,1003,220218.6584712677,220218.6584712677,0,0,False,0,False,0,False,,,11.010932923563386
none,policy_value_confident,False,1004,221069.8034640364,221069.8034640364,0,0,False,0,False,0,False,,,11.05349017320182
none,policy_value_confident,False,1005,152381.66431791708,154381.66431791708,8,8,True,0,False,0,False,,,7.719083215895853
none,policy_value_confident,False,1006,193199.28493337784,193699.28493337784,2,2,True,0,False,0,False,,,9.684964246668894
none,policy_value_confident,False,1007,222051.4058891942,222051.4058891942,0,0,False,0,False,0,False,,,11.10257029445971
none,policy_value_confident,False,1008,220722.84596622596,220722.84596622596,0,0,False,0,False,0,False,,,11.036142298311297
none,policy_value_confident,False,1009,221660.89545532616,221660.89545532616,0,0,False,0,False,0,False,,,11.083044772766309
none,policy_value_confident,False,1010,220821.79159098375,220821.79159098375,0,0,False,0,False,0,False,,,11.041089579549187
none,policy_value_confident,False,1011,214665.11539283657,214665.11539283657,0,0,False,0,False,0,False,,,10.733255769641827
none,policy_value_confident,False,1012,228768.0461764484,228768.0461764484,0,0,False,0,False,0,False,,,11.43840230882242
none,policy_value_confident,False,1013,217952.5232442215,218202.5232442215,1,1,True,0,False,0,False,,,10.910126162211075
none,policy_value_confident,False,1014,224314.47686230775,224314.47686230775,0,0,False,0,False,0,False,,,11.215723843115388
none,policy_value_confident,False,1015,213292.77831830614,213542.77831830614,1,1,True,0,False,0,False,,,10.677138915915307
none,policy_value_confident,False,1016,186632.1130094705,187632.1130094705,4,4,True,0,False,0,False,,,9.381605650473523
none,policy_value_confident,False,1017,219585.43657442112,219835.43657442112,1,1,True,0,False,0,False,,,10.99177182872106
none,policy_value_confident,False,1018,214398.04911125533,215148.04911125533,3,3,True,0,False,0,False,,,10.757402455562769
none,policy_value_confident,False,1019,228608.64163735815,228608.64163735815,0,0,False,0,False,0,False,,,11.430432081867904
none,policy_value_confident,False,1020,224044.6161415392,224044.6161415392,0,0,False,0,False,0,False,,,11.20223080707696
none,policy_value_confident,False,1021,218311.17718216695,218311.17718216695,0,0,False,0,False,0,False,,,10.915558859108351
none,policy_value_confident,False,1022,175949.12030628207,176949.12030628207,4,4,True,0,False,0,False,,,8.847456015314101
none,policy_value_confident,False,1023,184283.138569899,184533.138569899,1,1,True,0,False,0,False,,,9.22665692849495
none,policy_value_confident,False,1024,208790.1286131927,209290.1286131927,2,2,True,0,False,0,False,,,10.464506430659634
none,policy_value_confident,False,1025,207533.4916166876,207533.4916166876,0,0,False,0,False,0,False,,,10.376674580834381
none,policy_value_confident,False,1026,194611.4909176855,195111.4909176855,2,2,True,0,False,0,False,,,9.755574545884276
none,policy_value_confident,False,1027,165869.27983710624,167369.27983710624,6,6,True,0,False,0,False,,,8.368463991855311
none,policy_value_confident,False,1028,224550.40699327705,224550.40699327705,0,0,False,0,False,0,False,,,11.227520349663855
none,policy_value_confident,False,1029,210293.00134459473,210793.00134459473,2,2,True,0,False,0,False,,,10.539650067229736
covariate,never,True,1000,297117.72965311946,297117.72965311946,0,0,False,0,False,0,False,,,14.855886482655972
covariate,never,True,1001,317030.8829875714,317030.8829875714,0,0,False,0,False,0,False,,,15.851544149378574
covariate,never,True,1002,313240.151436028,313240.151436028,0,0,False,0,False,0,False,,,15.662007571801396
covariate,never,True,1003,304471.0049725623,304471.0049725623,0,0,False,0,False,0,False,,,15.223550248628115
covariate,never,True,1004,312462.42816904566,312462.42816904566,0,0,False,0,False,0,False,,,15.623121408452283
covariate,never,True,1005,309747.6462729749,309747.6462729749,0,0,False,0,False,0,False,,,15.487382313648745
covariate,never,True,1006,310867.2217938197,310867.2217938197,0,0,False,0,False,0,False,,,15.543361089690983
covariate,never,True,1007,309675.36595689284,309675.36595689284,0,0,False,0,False,0,False,,,15.483768297844644
covariate,never,True,1008,310112.470989307,310112.470989307,0,0,False,0,False,0,False,,,15.505623549465351
covariate,never,True,1009,309647.5228704766,309647.5228704766,0,0,False,0,False,0,False,,,15.482376143523828
covariate,never,True,1010,310470.5739740664,310470.5739740664,0,0,False,0,False,0,False,,,15.523528698703323
covariate,never,True,1011,304063.7833579601,304063.7833579601,0,0,False,0,False,0,False,,,15.203189167898012
covariate,never,True,1012,316602.13297686493,316602.13297686493,0,0,False,0,False,0,False,,,15.830106648843241
covariate,never,True,1013,312974.70711960876,312974.70711960876,0,0,False,0,False,0,False,,,15.648735355980437
covariate,never,True,1014,315822.7725441591,315822.7725441591,0,0,False,0,False,0,False,,,15.791138627207951
covariate,never,True,1015,304629.5399907521,304629.5399907521,0,0,False,0,False,0,False,,,15.231476999537604
covariate,never,True,1016,286788.9886876742,286788.9886876742,0,0,False,0,False,0,False,,,14.339449434383711
covariate,never,True,1017,309707.2803458475,309707.2803458475,0,0,False,0,False,0,False,,,15.485364017292373
covariate,never,True,1018,318405.33894489874,318405.33894489874,0,0,False,0,False,0,False,,,15.920266947244938
covariate,never,True,1019,317633.4242453478,317633.4242453478,0,0,False,0,False,0,False,,,15.881671212267385
covariate,never,True,1020,311984.58335486206,311984.58335486206,0,0,False,0,False,0,False,,,15.5992291677431
covariate,never,True,1021,304496.3372035239,304496.3372035239,0,0,False,0,False,0,False,,,15.224816860176192
covariate,never,True,1022,306655.1880033156,306655.1880033156,0,0,False,0,False,0,False,,,15.332759400165777
covariate,never,True,1023,297769.5741392945,297769.5741392945,0,0,False,0,False,0,False,,,14.888478706964724
covariate,never,True,1024,303590.3515324089,303590.3515324089,0,0,False,0,False,0,False,,,15.179517576620444
covariate,never,True,1025,290954.0100579704,290954.0100579704,0,0,False,0,False,0,False,,,14.547700502898522
covariate,never,True,1026,308281.7302676799,308281.7302676799,0,0,False,0,False,0,False,,,15.414086513383996
covariate,never,True,1027,315724.64097699185,315724.64097699185,0,0,False,0,False,0,False,,,15.786232048849586
covariate,never,True,1028,314704.65225377807,314704.65225377807,0,0,False,0,False,0,False,,,15.735232612688904
covariate,never,True,1029,307270.59922540275,307270.59922540275,0,0,False,0,False,0,False,,,15.363529961270137
covariate,periodic,True,1000,281128.74225243996,282378.74225243996,5,5,True,1,True,4,True,14.0,0.0,14.118937112622
covariate,periodic,True,1001,267883.38256190385,269133.38256190385,5,5,True,1,True,4,True,14.0,0.0,13.456669128095195
covariate,periodic,True,1002,242901.64306950007,244151.64306950007,5,5,True,1,True,4,True,14.0,0.0,12.207582153475002
covariate,periodic,True,1003,281976.7664506597,283226.7664506597,5,5,True,1,True,4,True,14.0,0.0,14.161338322532986
covariate,periodic,True,1004,273648.4822119352,274898.4822119352,5,5,True,1,True,4,True,14.0,0.0,13.74492411059676
covariate,periodic,True,1005,260246.09675771138,261496.09675771138,5,5,True,1,True,4,True,14.0,0.0,13.07480483788557
covariate,periodic,True,1006,267565.7988555421,268815.7988555421,5,5,True,1,True,4,True,14.0,0.0,13.440789942777103
covariate,periodic,True,1007,260582.0193160028,261832.0193160028,5,5,True,1,True,4,True,14.0,0.0,13.091600965800142
covariate,periodic,True,1008,247602.92788471893,248852.92788471893,5,5,True,1,True,4,True,14.0,0.0,12.442646394235947
covariate,periodic,True,1009,251307.4484531968,252557.4484531968,5,5,True,1,True,4,True,14.0,0.0,12.627872422659841
covariate,periodic,True,1010,275782.92447069706,277032.92447069706,5,5,True,1,True,4,True,14.0,0.0,13.851646223534853
covariate,periodic,True,1011,275029.0877970161,276279.0877970161,5,5,True,1,True,4,True,14.0,0.0,13.813954389850803
covariate,periodic,True,1012,278988.753818512,280238.753818512,5,5,True,1,True,4,True,14.0,0.0,14.011937690925604
covariate,periodic,True,1013,267408.858415627,268658.858415627,5,5,True,1,True,4,True,14.0,0.0,13.432942920781347
covariate,periodic,True,1014,268172.80242938636,269422.80242938636,5,5,True,1,True,4,True,14.0,0.0,13.471140121469318
covariate,periodic,True,1015,252940.20851072652,254190.20851072652,5,5,True,1,True,4,True,14.0,0.0,12.709510425536326
covariate,periodic,True,1016,287728.78079026256,288978.78079026256,5,5,True,1,True,4,True,14.0,0.0,14.44893903951313
covariate,periodic,True,1017,275000.97411097266,276250.97411097266,5,5,True,1,True,4,True,14.0,0.0,13.812548705548634
covariate,periodic,True,1018,293696.8396251306,294946.8396251306,5,5,True,1,True,4,True,14.0,0.0,14.747341981256527
covariate,periodic,True,1019,263819.28351521294,265069.28351521294,5,5,True,1,True,4,True,14.0,0.0,13.253464175760646
covariate,periodic,True,1020,276209.0156718304,277459.0156718304,5,5,True,1,True,4,True,14.0,0.0,13.872950783591524
covariate,periodic,True,1021,257761.21300588903,259011.21300588903,5,5,True,1,True,4,True,14.0,0.0,12.95056065029445
covariate,periodic,True,1022,263476.9730688461,264726.9730688461,5,5,True,1,True,4,True,14.0,0.0,13.236348653442306
covariate,periodic,True,1023,267607.00665353396,268857.00665353396,5,5,True,1,True,4,True,14.0,0.0,13.442850332676697
covariate,periodic,True,1024,269411.7564810091,270661.7564810091,5,5,True,1,True,4,True,14.0,0.0,13.533087824050456
covariate,periodic,True,1025,273490.23407994723,274740.23407994723,5,5,True,1,True,4,True,14.0,0.0,13.737011703997359
covariate,periodic,True,1026,269066.73308738833,270316.73308738833,5,5,True,1,True,4,True,14.0,0.0,13.515836654369416
covariate,periodic,True,1027,281085.72762430337,282335.72762430337,5,5,True,1,True,4,True,14.0,0.0,14.116786381215165
covariate,periodic,True,1028,266810.0137448569,268060.0137448569,5,5,True,1,True,4,True,14.0,0.0,13.40300068724284
covariate,periodic,True,1029,268875.0513422638,270125.0513422638,5,5,True,1,True,4,True,14.0,0.0,13.50625256711319
covariate,feature_drift,True,1000,280094.2313237855,281344.2313237855,5,5,True,0,False,5,True,14.0,0.0,14.067211566189275
covariate,feature_drift,True,1001,250971.2116818526,252471.2116818526,6,6,True,0,False,6,True,14.0,0.0,12.623560584092631
covariate,feature_drift,True,1002,241099.03127257514,242349.03127257514,5,5,True,0,False,5,True,14.0,0.0,12.117451563628759
covariate,feature_drift,True,1003,302519.19889408385,303769.19889408385,5,5,True,0,False,5,True,14.0,0.0,15.18845994470419
covariate,feature_drift,True,1004,280853.3610997818,282103.3610997818,5,5,True,0,False,5,True,14.0,0.0,14.105168054989091
covariate,feature_drift,True,1005,272119.70483413985,273369.70483413985,5,5,True,0,False,5,True,14.0,0.0,13.668485241706989
covariate,feature_drift,True,1006,274438.06188029324,275688.06188029324,5,5,True,0,False,5,True,14.0,0.0,13.784403094014666
covariate,feature_drift,True,1007,279026.3850141588,280276.3850141588,5,5,True,0,False,5,True,14.0,0.0,14.013819250707943
covariate,feature_drift,True,1008,276152.5256812747,277402.5256812747,5,5,True,0,False,5,True,14.0,0.0,13.870126284063735
covariate,feature_drift,True,1009,269421.60991944774,270671.60991944774,5,5,True,0,False,5,True,14.0,0.0,13.533580495972386
covariate,feature_drift,True,1010,263096.99419296253,264346.99419296253,5,5,True,0,False,5,True,14.0,0.0,13.217349709648126
covariate,feature_drift,True,1011,260688.47281177403,261938.47281177403,5,5,True,0,False,5,True,14.0,0.0,13.0969236405887
covariate,feature_drift,True,1012,266339.44211526896,267589.44211526896,5,5,True,0,False,5,True,14.0,0.0,13.379472105763446
covariate,feature_drift,True,1013,278401.6930336399,279651.6930336399,5,5,True,0,False,5,True,14.0,0.0,13.982584651681996
covariate,feature_drift,True,1014,290235.6566836736,291485.6566836736,5,5,True,0,False,5,True,14.0,0.0,14.574282834183677
covariate,feature_drift,True,1015,269187.8469551739,270687.8469551739,6,6,True,0,False,6,True,14.0,0.0,13.534392347758692
covariate,feature_drift,True,1016,295984.9348431679,297234.9348431679,5,5,True,0,False,5,True,14.0,0.0,14.861746742158395
covariate,feature_drift,True,1017,297288.8274782749,298538.8274782749,5,5,True,0,False,5,True,14.0,0.0,14.926941373913744
covariate,feature_drift,True,1018,306119.6371529626,307369.6371529626,5,5,True,0,False,5,True,14.0,0.0,15.368481857648128
covariate,feature_drift,True,1019,285743.4948118722,286993.4948118722,5,5,True,0,False,5,True,14.0,0.0,14.349674740593612
covariate,feature_drift,True,1020,293844.5986437919,295094.5986437919,5,5,True,0,False,5,True,14.0,0.0,14.754729932189598
covariate,feature_drift,True,1021,285788.3411804553,287038.3411804553,5,5,True,0,False,5,True,14.0,0.0,14.351917059022764
covariate,feature_drift,True,1022,287381.1235732617,288631.1235732617,5,5,True,0,False,5,True,14.0,0.0,14.431556178663087
covariate,feature_drift,True,1023,262201.63216423924,263451.63216423924,5,5,True,0,False,5,True,14.0,0.0,13.172581608211964
covariate,feature_drift,True,1024,300274.9142997239,301524.9142997239,5,5,True,0,False,5,True,14.0,0.0,15.076245714986197
covariate,feature_drift,True,1025,261552.3229355422,262802.3229355422,5,5,True,0,False,5,True,14.0,0.0,13.14011614677711
covariate,feature_drift,True,1026,272805.71699834266,274055.71699834266,5,5,True,0,False,5,True,14.0,0.0,13.702785849917131
covariate,feature_drift,True,1027,296081.40044113196,297331.40044113196,5,5,True,0,False,5,True,14.0,0.0,14.8665700220566
covariate,feature_drift,True,1028,285891.89808707975,287141.89808707975,5,5,True,0,False,5,True,14.0,0.0,14.357094904353987
covariate,feature_drift,True,1029,259660.1308903965,260910.1308903965,5,5,True,0,False,5,True,14.0,0.0,13.045506544519824
covariate,performance,True,1000,276913.8367579606,280913.8367579606,16,16,True,0,False,16,True,14.0,0.0,14.04569183789803
covariate,performance,True,1001,269436.85795290716,273436.85795290716,16,16,True,0,False,16,True,14.0,0.0,13.671842897645355
covariate,performance,True,1002,258136.6544862453,262136.6544862453,16,16,True,0,False,16,True,14.0,0.0,13.106832724312266
covariate,performance,True,1003,287652.86382160254,291402.86382160254,15,15,True,0,False,15,True,14.0,0.0,14.570143191080124
covariate,performance,True,1004,282848.6465434835,286598.6465434835,15,15,True,0,False,15,True,15.0,1.0,14.329932327174177
covariate,performance,True,1005,273632.09262676345,277632.09262676345,16,16,True,0,False,16,True,14.0,0.0,13.881604631338172
covariate,performance,True,1006,284332.3942115568,288332.3942115568,16,16,True,0,False,16,True,14.0,0.0,14.416619710577843
covariate,performance,True,1007,267745.6168811533,271745.6168811533,16,16,True,0,False,16,True,14.0,0.0,13.587280844057664
covariate,performance,True,1008,253665.29464673554,257415.29464673554,15,15,True,0,False,15,True,14.0,0.0,12.870764732336777
covariate,performance,True,1009,248569.6930400723,252069.6930400723,14,14,True,0,False,14,True,16.0,2.0,12.603484652003615
covariate,performance,True,1010,282535.09683527576,286285.09683527576,15,15,True,0,False,15,True,14.0,0.0,14.314254841763786
covariate,performance,True,1011,268462.44662273035,272212.44662273035,15,15,True,0,False,15,True,14.0,0.0,13.610622331136517
covariate,performance,True,1012,291403.6691683781,294153.6691683781,11,11,True,0,False,11,True,19.0,5.0,14.707683458418904
covariate,performance,True,1013,281482.7826643536,285232.7826643536,15,15,True,0,False,15,True,15.0,1.0,14.26163913321768
covariate,performance,True,1014,272919.007362843,276919.007362843,16,16,True,0,False,16,True,14.0,0.0,13.84595036814215
covariate,performance,True,1015,270584.8291574819,274334.8291574819,15,15,True,0,False,15,True,15.0,1.0,13.716741457874093
covariate,performance,True,1016,285904.83167297154,289404.83167297154,14,14,True,0,False,14,True,14.0,0.0,14.470241583648578
covariate,performance,True,1017,282782.60431706125,286532.60431706125,15,15,True,0,False,15,True,15.0,1.0,14.326630215853061
covariate,performance,True,1018,301942.2711080556,305942.2711080556,16,16,True,0,False,16,True,14.0,0.0,15.29711355540278
covariate,performance,True,1019,272399.9153892534,276399.9153892534,16,16,True,0,False,16,True,14.0,0.0,13.819995769462668
covariate,performance,True,1020,287662.09836649295,291662.09836649295,16,16,True,0,False,16,True,14.0,0.0,14.58310491832465
covariate,performance,True,1021,270827.4210438912,274577.4210438912,15,15,True,0,False,15,True,14.0,0.0,13.728871052194556
covariate,performance,True,1022,277141.69343144697,281141.69343144697,16,16,True,0,False,16,True,14.0,0.0,14.057084671572351
covariate,performance,True,1023,271898.9374511525,275898.9374511525,16,16,True,0,False,16,True,14.0,0.0,13.794946872557624
covariate,performance,True,1024,294369.25053348235,298119.25053348235,15,15,True,0,False,15,True,14.0,0.0,14.905962526674118
covariate,performance,True,1025,264777.83732588857,269027.83732588857,17,17,True,1,True,16,True,14.0,0.0,13.451391866294427
covariate,performance,True,1026,281989.45872168033,285989.45872168033,16,16,True,0,False,16,True,14.0,0.0,14.299472936084019
covariate,performance,True,1027,297817.1598767227,301567.1598767227,15,15,True,0,False,15,True,15.0,1.0,15.078357993836137
covariate,performance,True,1028,261429.08787691372,265429.0878769137,16,16,True,0,False,16,True,14.0,0.0,13.271454393845683
covariate,performance,True,1029,272953.4106008267,276953.4106008267,16,16,True,0,False,16,True,14.0,0.0,13.847670530041336
covariate,cate_shift,True,1000,282176.7816153406,283176.7816153406,4,4,True,0,False,4,True,16.0,2.0,14.15883908076703
covariate,cate_shift,True,1001,264942.02370847034,265692.02370847034,3,3,True,1,True,2,True,16.0,2.0,13.284601185423515
covariate,cate_shift,True,1002,238600.76743390682,239600.76743390682,4,4,True,1,True,3,True,15.0,1.0,11.980038371695343
covariate,cate_shift,True,1003,279984.8778807267,281234.8778807267,5,5,True,1,True,4,True,14.0,0.0,14.061743894036333
covariate,cate_shift,True,1004,296442.7339764045,296942.7339764045,2,2,True,0,False,2,True,16.0,2.0,14.847136698820226
covariate,cate_shift,True,1005,272562.67564128054,272812.67564128054,1,1,True,0,False,1,True,16.0,2.0,13.640633782064024
covariate,cate_shift,True,1006,290103.4730058655,291853.4730058655,7,7,True,1,True,6,True,15.0,1.0,14.592673650293277
covariate,cate_shift,True,1007,258379.98991474445,259129.98991474445,3,3,True,1,True,2,True,16.0,2.0,12.956499495737221
covariate,cate_shift,True,1008,297908.11304243037,298408.11304243037,2,2,True,0,False,2,True,25.0,11.0,14.920405652121522
covariate,cate_shift,True,1009,281722.8191394379,281972.8191394379,1,1,True,0,False,1,True,24.0,10.0,14.098640956971897
covariate,cate_shift,True,1010,310470.5739740664,310470.5739740664,0,0,False,0,False,0,False,,,15.523528698703323
covariate,cate_shift,True,1011,304063.7833579601,304063.7833579601,0,0,False,0,False,0,False,,,15.203189167898012
covariate,cate_shift,True,1012,269758.95148550253,271008.95148550253,5,5,True,1,True,4,True,15.0,1.0,13.550447574275124
covariate,cate_shift,True,1013,265874.1853456291,266124.1853456291,1,1,True,0,False,1,True,16.0,2.0,13.306209267281453
covariate,cate_shift,True,1014,298050.09301637864,298550.09301637864,2,2,True,1,True,1,True,28.0,14.0,14.92750465081893
covariate,cate_shift,True,1015,278262.455974863,279762.455974863,6,6,True,0,False,6,True,19.0,5.0,13.988122798743154
covariate,cate_shift,True,1016,272823.48960799497,274073.48960799497,5,5,True,1,True,4,True,16.0,2.0,13.703674480399748
covariate,cate_shift,True,1017,309707.2803458475,309707.2803458475,0,0,False,0,False,0,False,,,15.485364017292373
covariate,cate_shift,True,1018,306957.21035670035,307457.21035670035,2,2,True,0,False,2,True,21.0,7.0,15.37286051783502
covariate,cate_shift,True,1019,277883.50553699856,278383.50553699856,2,2,True,0,False,2,True,17.0,3.0,13.919175276849929
covariate,cate_shift,True,1020,292827.738405437,294077.738405437,5,5,True,0,False,5,True,15.0,1.0,14.703886920271852
covariate,cate_shift,True,1021,288439.9209964681,288939.9209964681,2,2,True,0,False,2,True,24.0,10.0,14.446996049823406
covariate,cate_shift,True,1022,288014.2950397621,289014.2950397621,4,4,True,1,True,3,True,20.0,6.0,14.450714751988107
covariate,cate_shift,True,1023,290688.9108617207,291438.9108617207,3,3,True,1,True,2,True,22.0,8.0,14.571945543086036
covariate,cate_shift,True,1024,301621.0799932929,302121.0799932929,2,2,True,0,False,2,True,27.0,13.0,15.106053999664647
covariate,cate_shift,True,1025,279223.4621741652,279723.4621741652,2,2,True,0,False,2,True,19.0,5.0,13.986173108708263
covariate,cate_shift,True,1026,297682.89469423465,298432.89469423465,3,3,True,0,False,3,True,19.0,5.0,14.921644734711734
covariate,cate_shift,True,1027,312045.53143079573,313045.53143079573,4,4,True,0,False,4,True,25.0,11.0,15.652276571539785
covariate,cate_shift,True,1028,269912.5474117726,270412.5474117726,2,2,True,0,False,2,True,21.0,7.0,13.52062737058863
covariate,cate_shift,True,1029,276819.24877789116,277069.24877789116,1,1,True,0,False,1,True,20.0,6.0,13.853462438894555
covariate,policy_value,True,1000,264793.5145079344,266293.5145079344,6,6,True,2,True,4,True,23.0,9.0,13.314675725396722
covariate,policy_value,True,1001,252121.61404858937,253621.61404858937,6,6,True,0,False,6,True,14.0,0.0,12.681080702429469
covariate,policy_value,True,1002,230285.36179260322,231785.36179260322,6,6,True,2,True,4,True,14.0,0.0,11.589268089630163
covariate,policy_value,True,1003,272847.73533238523,273347.73533238523,2,2,True,2,True,0,False,,,13.667386766619263
covariate,policy_value,True,1004,269676.4053164071,270926.4053164071,5,5,True,2,True,3,True,23.0,9.0,13.546320265820354
covariate,policy_value,True,1005,243912.63154658698,245662.63154658698,7,7,True,3,True,4,True,21.0,7.0,12.283131577329351
covariate,policy_value,True,1006,278278.30660928803,279028.30660928803,3,3,True,2,True,1,True,19.0,5.0,13.951415330464402
covariate,policy_value,True,1007,247104.61530252104,250854.61530252104,15,15,True,7,True,8,True,18.0,4.0,12.54273076512605
covariate,policy_value,True,1008,252953.73791200423,253953.73791200423,4,4,True,1,True,3,True,14.0,0.0,12.697686895600214
covariate,policy_value,True,1009,243492.37399263028,245242.37399263028,7,7,True,2,True,5,True,14.0,0.0,12.262118699631516
covariate,policy_value,True,1010,279071.2792115064,279821.2792115064,3,3,True,0,False,3,True,17.0,3.0,13.991063960575321
covariate,policy_value,True,1011,242450.46492464843,243200.46492464843,3,3,True,0,False,3,True,14.0,0.0,12.160023246232422
covariate,policy_value,True,1012,316602.13297686493,316602.13297686493,0,0,False,0,False,0,False,,,15.830106648843241
covariate,policy_value,True,1013,309149.6350910199,309399.6350910199,1,1,True,0,False,1,True,24.0,10.0,15.469981754551
covariate,policy_value,True,1014,305625.7973686934,306125.7973686934,2,2,True,0,False,2,True,26.0,12.0,15.30628986843467
covariate,policy_value,True,1015,244815.76812245464,246815.76812245464,8,8,True,3,True,5,True,21.0,7.0,12.340788406122734
covariate,policy_value,True,1016,292073.4948377077,293323.4948377077,5,5,True,2,True,3,True,17.0,3.0,14.666174741885387
covariate,policy_value,True,1017,284522.3687510501,286272.3687510501,7,7,True,0,False,7,True,15.0,1.0,14.313618437552504
covariate,policy_value,True,1018,309770.73000927863,310270.73000927863,2,2,True,1,True,1,True,18.0,4.0,15.513536500463932
covariate,policy_value,True,1019,258541.40761895102,260291.40761895102,7,7,True,1,True,6,True,20.0,6.0,13.014570380947553
covariate,policy_value,True,1020,269301.27519994363,270051.27519994363,3,3,True,1,True,2,True,24.0,10.0,13.50256375999718
covariate,policy_value,True,1021,259931.70472917327,260431.70472917327,2,2,True,2,True,0,False,,,13.02158523645866
covariate,policy_value,True,1022,254948.55302709958,255448.55302709958,2,2,True,1,True,1,True,29.0,15.0,12.77242765135498
covariate,policy_value,True,1023,293724.75200394366,294474.75200394366,3,3,True,1,True,2,True,23.0,9.0,14.723737600197177
covariate,policy_value,True,1024,244206.77865158947,245706.77865158947,6,6,True,5,True,1,True,14.0,0.0,12.285338932579473
covariate,policy_value,True,1025,248158.77295881312,248658.77295881312,2,2,True,0,False,2,True,15.0,1.0,12.432938647940654
covariate,policy_value,True,1026,274183.8536860749,275433.8536860749,5,5,True,0,False,5,True,15.0,1.0,13.771692684303744
covariate,policy_value,True,1027,263782.80562559917,265782.80562559917,8,8,True,5,True,3,True,15.0,1.0,13.28914028127996
covariate,policy_value,True,1028,314704.65225377807,314704.65225377807,0,0,False,0,False,0,False,,,15.735232612688904
covariate,policy_value,True,1029,288499.3516368766,290249.3516368766,7,7,True,5,True,2,True,24.0,10.0,14.51246758184383
covariate,policy_value_confident,False,1000,297117.72965311946,297117.72965311946,0,0,False,0,False,0,False,,,14.855886482655972
covariate,policy_value_confident,False,1001,309832.8564149407,310582.8564149407,3,3,True,0,False,3,True,27.0,13.0,15.529142820747035
covariate,policy_value_confident,False,1002,203243.15181472685,204243.15181472685,4,4,True,2,True,2,True,14.0,0.0,10.212157590736343
covariate,policy_value_confident,False,1003,304471.0049725623,304471.0049725623,0,0,False,0,False,0,False,,,15.223550248628115
covariate,policy_value_confident,False,1004,312462.42816904566,312462.42816904566,0,0,False,0,False,0,False,,,15.623121408452283
covariate,policy_value_confident,False,1005,277044.25775596214,277294.25775596214,1,1,True,1,True,0,False,,,13.864712887798108
covariate,policy_value_confident,False,1006,310867.2217938197,310867.2217938197,0,0,False,0,False,0,False,,,15.543361089690983
covariate,policy_value_confident,False,1007,309675.36595689284,309675.36595689284,0,0,False,0,False,0,False,,,15.483768297844644
covariate,policy_value_confident,False,1008,282939.02156880975,283439.02156880975,2,2,True,0,False,2,True,18.0,4.0,14.171951078440486
covariate,policy_value_confident,False,1009,253961.54049307594,254461.54049307594,2,2,True,0,False,2,True,19.0,5.0,12.723077024653799
covariate,policy_value_confident,False,1010,310470.5739740664,310470.5739740664,0,0,False,0,False,0,False,,,15.523528698703323
covariate,policy_value_confident,False,1011,304063.7833579601,304063.7833579601,0,0,False,0,False,0,False,,,15.203189167898012
covariate,policy_value_confident,False,1012,316602.13297686493,316602.13297686493,0,0,False,0,False,0,False,,,15.830106648843241
covariate,policy_value_confident,False,1013,312974.70711960876,312974.70711960876,0,0,False,0,False,0,False,,,15.648735355980437
covariate,policy_value_confident,False,1014,309025.5593885161,309275.5593885161,1,1,True,0,False,1,True,27.0,13.0,15.463777969425802
covariate,policy_value_confident,False,1015,301743.38098430354,301993.38098430354,1,1,True,0,False,1,True,26.0,12.0,15.099669049215173
covariate,policy_value_confident,False,1016,286788.9886876742,286788.9886876742,0,0,False,0,False,0,False,,,14.339449434383711
covariate,policy_value_confident,False,1017,309457.2803458475,309707.2803458475,1,1,True,0,False,1,True,29.0,15.0,15.485364017292373
covariate,policy_value_confident,False,1018,318405.33894489874,318405.33894489874,0,0,False,0,False,0,False,,,15.920266947244938
covariate,policy_value_confident,False,1019,287028.93344720406,287528.93344720406,2,2,True,0,False,2,True,21.0,7.0,14.376446672360203
covariate,policy_value_confident,False,1020,311984.58335486206,311984.58335486206,0,0,False,0,False,0,False,,,15.5992291677431
covariate,policy_value_confident,False,1021,304496.3372035239,304496.3372035239,0,0,False,0,False,0,False,,,15.224816860176192
covariate,policy_value_confident,False,1022,247527.11933061233,248527.11933061233,4,4,True,2,True,2,True,14.0,0.0,12.426355966530616
covariate,policy_value_confident,False,1023,297769.5741392945,297769.5741392945,0,0,False,0,False,0,False,,,14.888478706964724
covariate,policy_value_confident,False,1024,303590.3515324089,303590.3515324089,0,0,False,0,False,0,False,,,15.179517576620444
covariate,policy_value_confident,False,1025,290954.0100579704,290954.0100579704,0,0,False,0,False,0,False,,,14.547700502898522
covariate,policy_value_confident,False,1026,267022.4417598488,267272.4417598488,1,1,True,0,False,1,True,16.0,2.0,13.363622087992434
covariate,policy_value_confident,False,1027,315724.64097699185,315724.64097699185,0,0,False,0,False,0,False,,,15.786232048849586
covariate,policy_value_confident,False,1028,314704.65225377807,314704.65225377807,0,0,False,0,False,0,False,,,15.735232612688904
covariate,policy_value_confident,False,1029,307270.59922540275,307270.59922540275,0,0,False,0,False,0,False,,,15.363529961270137
outcome,never,True,1000,150320.30194816983,150320.30194816983,0,0,False,0,False,0,False,,,7.516015097408493
outcome,never,True,1001,162436.29851217687,162436.29851217687,0,0,False,0,False,0,False,,,8.121814925608843
outcome,never,True,1002,163024.31108264506,163024.31108264506,0,0,False,0,False,0,False,,,8.151215554132252
outcome,never,True,1003,158732.01770830795,158732.01770830795,0,0,False,0,False,0,False,,,7.936600885415396
outcome,never,True,1004,158534.75426183734,158534.75426183734,0,0,False,0,False,0,False,,,7.926737713091867
outcome,never,True,1005,157495.3797089267,157495.3797089267,0,0,False,0,False,0,False,,,7.874768985446335
outcome,never,True,1006,161665.05967551624,161665.05967551624,0,0,False,0,False,0,False,,,8.083252983775814
outcome,never,True,1007,160458.51484902203,160458.51484902203,0,0,False,0,False,0,False,,,8.022925742451099
outcome,never,True,1008,158450.9841023159,158450.9841023159,0,0,False,0,False,0,False,,,7.922549205115794
outcome,never,True,1009,156899.30918791145,156899.30918791145,0,0,False,0,False,0,False,,,7.844965459395571
outcome,never,True,1010,156018.5270759935,156018.5270759935,0,0,False,0,False,0,False,,,7.800926353799678
outcome,never,True,1011,151622.1311345377,151622.1311345377,0,0,False,0,False,0,False,,,7.5811065567268825
outcome,never,True,1012,165750.3752380821,165750.3752380821,0,0,False,0,False,0,False,,,8.287518761904103
outcome,never,True,1013,162230.91157219047,162230.91157219047,0,0,False,0,False,0,False,,,8.111545578609523
outcome,never,True,1014,159783.83129012777,159783.83129012777,0,0,False,0,False,0,False,,,7.98919156450639
outcome,never,True,1015,155872.72379683857,155872.72379683857,0,0,False,0,False,0,False,,,7.793636189841931
outcome,never,True,1016,144471.19032226043,144471.19032226043,0,0,False,0,False,0,False,,,7.223559516113022
outcome,never,True,1017,158065.61724065116,158065.61724065116,0,0,False,0,False,0,False,,,7.9032808620325605
outcome,never,True,1018,163374.20008141865,163374.20008141865,0,0,False,0,False,0,False,,,8.168710004070933
outcome,never,True,1019,163402.56400909647,163402.56400909647,0,0,False,0,False,0,False,,,8.170128200454824
outcome,never,True,1020,161105.2957101994,161105.2957101994,0,0,False,0,False,0,False,,,8.05526478550997
outcome,never,True,1021,155298.1099392624,155298.1099392624,0,0,False,0,False,0,False,,,7.76490549696312
outcome,never,True,1022,154127.87761336463,154127.87761336463,0,0,False,0,False,0,False,,,7.706393880668229
outcome,never,True,1023,149615.66527149707,149615.66527149707,0,0,False,0,False,0,False,,,7.480783263574855
outcome,never,True,1024,157725.74011732533,157725.74011732533,0,0,False,0,False,0,False,,,7.886287005866266
outcome,never,True,1025,145071.570620819,145071.570620819,0,0,False,0,False,0,False,,,7.253578531040948
outcome,never,True,1026,158802.63666828192,158802.63666828192,0,0,False,0,False,0,False,,,7.940131833414097
outcome,never,True,1027,165251.54463573723,165251.54463573723,0,0,False,0,False,0,False,,,8.262577231786862
outcome,never,True,1028,159543.7369029427,159543.7369029427,0,0,False,0,False,0,False,,,7.977186845147133
outcome,never,True,1029,157966.12301858075,157966.12301858075,0,0,False,0,False,0,False,,,7.898306150929038
outcome,periodic,True,1000,129137.94337573004,130387.94337573004,5,5,True,1,True,4,True,14.0,0.0,6.519397168786501
outcome,periodic,True,1001,130990.73899944504,132240.73899944505,5,5,True,1,True,4,True,14.0,0.0,6.612036949972252
outcome,periodic,True,1002,120198.74944370045,121448.74944370045,5,5,True,1,True,4,True,14.0,0.0,6.072437472185021
outcome,periodic,True,1003,142536.12095856384,143786.12095856384,5,5,True,1,True,4,True,14.0,0.0,7.189306047928191
outcome,periodic,True,1004,125649.25119531961,126899.25119531961,5,5,True,1,True,4,True,14.0,0.0,6.34496255976598
outcome,periodic,True,1005,113737.89212910288,114987.89212910288,5,5,True,1,True,4,True,14.0,0.0,5.749394606455144
outcome,periodic,True,1006,117794.88949163973,119044.88949163973,5,5,True,1,True,4,True,14.0,0.0,5.952244474581987
outcome,periodic,True,1007,127416.50297559475,128666.50297559475,5,5,True,1,True,4,True,14.0,0.0,6.433325148779736
outcome,periodic,True,1008,125129.60174619738,126379.60174619738,5,5,True,1,True,4,True,14.0,0.0,6.318980087309869
outcome,periodic,True,1009,138538.94392614887,139788.94392614887,5,5,True,1,True,4,True,14.0,0.0,6.989447196307444
outcome,periodic,True,1010,142310.5353831797,143560.5353831797,5,5,True,1,True,4,True,14.0,0.0,7.178026769158984
outcome,periodic,True,1011,127869.69143027574,129119.69143027574,5,5,True,1,True,4,True,14.0,0.0,6.4559845715137865
outcome,periodic,True,1012,140291.92221435995,141541.92221435995,5,5,True,1,True,4,True,14.0,0.0,7.077096110717995
outcome,periodic,True,1013,116424.88299768892,117674.88299768892,5,5,True,1,True,4,True,14.0,0.0,5.883744149884446
outcome,periodic,True,1014,132594.00250127676,133844.00250127676,5,5,True,1,True,4,True,14.0,0.0,6.692200125063839
outcome,periodic,True,1015,121889.54851656216,123139.54851656216,5,5,True,1,True,4,True,14.0,0.0,6.156977425828108
outcome,periodic,True,1016,137958.28341645663,139208.28341645663,5,5,True,1,True,4,True,14.0,0.0,6.960414170822833
outcome,periodic,True,1017,131648.34507125182,132898.34507125182,5,5,True,1,True,4,True,14.0,0.0,6.644917253562593
outcome,periodic,True,1018,132484.81808720346,133734.81808720346,5,5,True,1,True,4,True,14.0,0.0,6.686740904360173
outcome,periodic,True,1019,133727.8460219637,134977.8460219637,5,5,True,1,True,4,True,14.0,0.0,6.748892301098184
outcome,periodic,True,1020,133792.94957251797,135042.94957251797,5,5,True,1,True,4,True,14.0,0.0,6.752147478625898
outcome,periodic,True,1021,118094.11455155817,119344.11455155817,5,5,True,1,True,4,True,14.0,0.0,5.967205727577911
outcome,periodic,True,1022,118136.86300963524,119386.86300963524,5,5,True,1,True,4,True,14.0,0.0,5.96934315048176
outcome,periodic,True,1023,119305.47134640683,120555.47134640683,5,5,True,1,True,4,True,14.0,0.0,6.027773567320342
outcome,periodic,True,1024,107226.74294709289,108476.74294709289,5,5,True,1,True,4,True,14.0,0.0,5.423837147354643
outcome,periodic,True,1025,125374.26751165964,126624.26751165964,5,5,True,1,True,4,True,14.0,0.0,6.3312133755829825
outcome,periodic,True,1026,129478.32234470369,130728.32234470369,5,5,True,1,True,4,True,14.0,0.0,6.536416117235185
outcome,periodic,True,1027,135334.68143051036,136584.68143051036,5,5,True,1,True,4,True,14.0,0.0,6.829234071525517
outcome,periodic,True,1028,139374.92443759157,140624.92443759157,5,5,True,1,True,4,True,14.0,0.0,7.031246221879578
outcome,periodic,True,1029,123473.51079072905,124723.51079072905,5,5,True,1,True,4,True,14.0,0.0,6.23617553953645
outcome,feature_drift,True,1000,150320.30194816983,150320.30194816983,0,0,False,0,False,0,False,,,7.516015097408493
outcome,feature_drift,True,1001,162436.29851217687,162436.29851217687,0,0,False,0,False,0,False,,,8.121814925608843
outcome,feature_drift,True,1002,163024.31108264506,163024.31108264506,0,0,False,0,False,0,False,,,8.151215554132252
outcome,feature_drift,True,1003,158732.01770830795,158732.01770830795,0,0,False,0,False,0,False,,,7.936600885415396
outcome,feature_drift,True,1004,158534.75426183734,158534.75426183734,0,0,False,0,False,0,False,,,7.926737713091867
outcome,feature_drift,True,1005,109665.62326500592,109915.62326500592,1,1,True,0,False,1,True,14.0,0.0,5.495781163250297
outcome,feature_drift,True,1006,161665.05967551624,161665.05967551624,0,0,False,0,False,0,False,,,8.083252983775814
outcome,feature_drift,True,1007,160458.51484902203,160458.51484902203,0,0,False,0,False,0,False,,,8.022925742451099
outcome,feature_drift,True,1008,158450.9841023159,158450.9841023159,0,0,False,0,False,0,False,,,7.922549205115794
outcome,feature_drift,True,1009,156899.30918791145,156899.30918791145,0,0,False,0,False,0,False,,,7.844965459395571
outcome,feature_drift,True,1010,152605.8736923103,152855.8736923103,1,1,True,0,False,1,True,26.0,12.0,7.642793684615516
outcome,feature_drift,True,1011,151622.1311345377,151622.1311345377,0,0,False,0,False,0,False,,,7.5811065567268825
outcome,feature_drift,True,1012,165750.3752380821,165750.3752380821,0,0,False,0,False,0,False,,,8.287518761904103
outcome,feature_drift,True,1013,162230.91157219047,162230.91157219047,0,0,False,0,False,0,False,,,8.111545578609523
outcome,feature_drift,True,1014,159783.83129012777,159783.83129012777,0,0,False,0,False,0,False,,,7.98919156450639
outcome,feature_drift,True,1015,155872.72379683857,155872.72379683857,0,0,False,0,False,0,False,,,7.793636189841931
outcome,feature_drift,True,1016,144471.19032226043,144471.19032226043,0,0,False,0,False,0,False,,,7.223559516113022
outcome,feature_drift,True,1017,158065.61724065116,158065.61724065116,0,0,False,0,False,0,False,,,7.9032808620325605
outcome,feature_drift,True,1018,163374.20008141865,163374.20008141865,0,0,False,0,False,0,False,,,8.168710004070933
outcome,feature_drift,True,1019,163402.56400909647,163402.56400909647,0,0,False,0,False,0,False,,,8.170128200454824
outcome,feature_drift,True,1020,161105.2957101994,161105.2957101994,0,0,False,0,False,0,False,,,8.05526478550997
outcome,feature_drift,True,1021,155298.1099392624,155298.1099392624,0,0,False,0,False,0,False,,,7.76490549696312
outcome,feature_drift,True,1022,154127.87761336463,154127.87761336463,0,0,False,0,False,0,False,,,7.706393880668229
outcome,feature_drift,True,1023,149615.66527149707,149615.66527149707,0,0,False,0,False,0,False,,,7.480783263574855
outcome,feature_drift,True,1024,157725.74011732533,157725.74011732533,0,0,False,0,False,0,False,,,7.886287005866266
outcome,feature_drift,True,1025,145071.570620819,145071.570620819,0,0,False,0,False,0,False,,,7.253578531040948
outcome,feature_drift,True,1026,158802.63666828192,158802.63666828192,0,0,False,0,False,0,False,,,7.940131833414097
outcome,feature_drift,True,1027,165251.54463573723,165251.54463573723,0,0,False,0,False,0,False,,,8.262577231786862
outcome,feature_drift,True,1028,159543.7369029427,159543.7369029427,0,0,False,0,False,0,False,,,7.977186845147133
outcome,feature_drift,True,1029,157966.12301858075,157966.12301858075,0,0,False,0,False,0,False,,,7.898306150929038
outcome,performance,True,1000,150320.30194816983,150320.30194816983,0,0,False,0,False,0,False,,,7.516015097408493
outcome,performance,True,1001,162436.29851217687,162436.29851217687,0,0,False,0,False,0,False,,,8.121814925608843
outcome,performance,True,1002,163024.31108264506,163024.31108264506,0,0,False,0,False,0,False,,,8.151215554132252
outcome,performance,True,1003,158732.01770830795,158732.01770830795,0,0,False,0,False,0,False,,,7.936600885415396
outcome,performance,True,1004,158534.75426183734,158534.75426183734,0,0,False,0,False,0,False,,,7.926737713091867
outcome,performance,True,1005,157495.3797089267,157495.3797089267,0,0,False,0,False,0,False,,,7.874768985446335
outcome,performance,True,1006,161665.05967551624,161665.05967551624,0,0,False,0,False,0,False,,,8.083252983775814
outcome,performance,True,1007,160458.51484902203,160458.51484902203,0,0,False,0,False,0,False,,,8.022925742451099
outcome,performance,True,1008,158450.9841023159,158450.9841023159,0,0,False,0,False,0,False,,,7.922549205115794
outcome,performance,True,1009,156899.30918791145,156899.30918791145,0,0,False,0,False,0,False,,,7.844965459395571
outcome,performance,True,1010,156018.5270759935,156018.5270759935,0,0,False,0,False,0,False,,,7.800926353799678
outcome,performance,True,1011,151622.1311345377,151622.1311345377,0,0,False,0,False,0,False,,,7.5811065567268825
outcome,performance,True,1012,165750.3752380821,165750.3752380821,0,0,False,0,False,0,False,,,8.287518761904103
outcome,performance,True,1013,162230.91157219047,162230.91157219047,0,0,False,0,False,0,False,,,8.111545578609523
outcome,performance,True,1014,159783.83129012777,159783.83129012777,0,0,False,0,False,0,False,,,7.98919156450639
outcome,performance,True,1015,155872.72379683857,155872.72379683857,0,0,False,0,False,0,False,,,7.793636189841931
outcome,performance,True,1016,144471.19032226043,144471.19032226043,0,0,False,0,False,0,False,,,7.223559516113022
outcome,performance,True,1017,158065.61724065116,158065.61724065116,0,0,False,0,False,0,False,,,7.9032808620325605
outcome,performance,True,1018,163374.20008141865,163374.20008141865,0,0,False,0,False,0,False,,,8.168710004070933
outcome,performance,True,1019,163402.56400909647,163402.56400909647,0,0,False,0,False,0,False,,,8.170128200454824
outcome,performance,True,1020,161105.2957101994,161105.2957101994,0,0,False,0,False,0,False,,,8.05526478550997
outcome,performance,True,1021,155298.1099392624,155298.1099392624,0,0,False,0,False,0,False,,,7.76490549696312
outcome,performance,True,1022,154127.87761336463,154127.87761336463,0,0,False,0,False,0,False,,,7.706393880668229
outcome,performance,True,1023,149615.66527149707,149615.66527149707,0,0,False,0,False,0,False,,,7.480783263574855
outcome,performance,True,1024,157725.74011732533,157725.74011732533,0,0,False,0,False,0,False,,,7.886287005866266
outcome,performance,True,1025,111639.72186944672,111889.72186944672,1,1,True,1,True,0,False,,,5.5944860934723355
outcome,performance,True,1026,158802.63666828192,158802.63666828192,0,0,False,0,False,0,False,,,7.940131833414097
outcome,performance,True,1027,165251.54463573723,165251.54463573723,0,0,False,0,False,0,False,,,8.262577231786862
outcome,performance,True,1028,159543.7369029427,159543.7369029427,0,0,False,0,False,0,False,,,7.977186845147133
outcome,performance,True,1029,157966.12301858075,157966.12301858075,0,0,False,0,False,0,False,,,7.898306150929038
outcome,cate_shift,True,1000,150320.30194816983,150320.30194816983,0,0,False,0,False,0,False,,,7.516015097408493
outcome,cate_shift,True,1001,161798.84922388647,162048.84922388647,1,1,True,1,True,0,False,,,8.102442461194324
outcome,cate_shift,True,1002,107771.77372828285,108021.77372828285,1,1,True,1,True,0,False,,,5.40108868641414
outcome,cate_shift,True,1003,131050.76248813412,131300.76248813412,1,1,True,1,True,0,False,,,6.565038124406706
outcome,cate_shift,True,1004,158534.75426183734,158534.75426183734,0,0,False,0,False,0,False,,,7.926737713091867
outcome,cate_shift,True,1005,157495.3797089267,157495.3797089267,0,0,False,0,False,0,False,,,7.874768985446335
outcome,cate_shift,True,1006,153409.3966240015,153659.3966240015,1,1,True,1,True,0,False,,,7.682969831200076
outcome,cate_shift,True,1007,122181.7194196747,122431.7194196747,1,1,True,1,True,0,False,,,6.121585970983737
outcome,cate_shift,True,1008,158450.9841023159,158450.9841023159,0,0,False,0,False,0,False,,,7.922549205115794
outcome,cate_shift,True,1009,156899.30918791145,156899.30918791145,0,0,False,0,False,0,False,,,7.844965459395571
outcome,cate_shift,True,1010,156018.5270759935,156018.5270759935,0,0,False,0,False,0,False,,,7.800926353799678
outcome,cate_shift,True,1011,151622.1311345377,151622.1311345377,0,0,False,0,False,0,False,,,7.5811065567268825
outcome,cate_shift,True,1012,141531.33209458843,141781.33209458843,1,1,True,1,True,0,False,,,7.08906660472942
outcome,cate_shift,True,1013,162230.91157219047,162230.91157219047,0,0,False,0,False,0,False,,,8.111545578609523
outcome,cate_shift,True,1014,151078.82737918705,151328.82737918705,1,1,True,1,True,0,False,,,7.566441368959353
outcome,cate_shift,True,1015,155872.72379683857,155872.72379683857,0,0,False,0,False,0,False,,,7.793636189841931
outcome,cate_shift,True,1016,124205.30758058126,124455.30758058126,1,1,True,1,True,0,False,,,6.2227653790290605
outcome,cate_shift,True,1017,158065.61724065116,158065.61724065116,0,0,False,0,False,0,False,,,7.9032808620325605
outcome,cate_shift,True,1018,163374.20008141865,163374.20008141865,0,0,False,0,False,0,False,,,8.168710004070933
outcome,cate_shift,True,1019,163402.56400909647,163402.56400909647,0,0,False,0,False,0,False,,,8.170128200454824
outcome,cate_shift,True,1020,161105.2957101994,161105.2957101994,0,0,False,0,False,0,False,,,8.05526478550997
outcome,cate_shift,True,1021,155298.1099392624,155298.1099392624,0,0,False,0,False,0,False,,,7.76490549696312
outcome,cate_shift,True,1022,141848.65063710348,142098.65063710348,1,1,True,1,True,0,False,,,7.104932531855173
outcome,cate_shift,True,1023,137979.52706391114,138479.52706391114,2,2,True,1,True,1,True,24.0,10.0,6.923976353195555
outcome,cate_shift,True,1024,157725.74011732533,157725.74011732533,0,0,False,0,False,0,False,,,7.886287005866266
outcome,cate_shift,True,1025,145071.570620819,145071.570620819,0,0,False,0,False,0,False,,,7.253578531040948
outcome,cate_shift,True,1026,158802.63666828192,158802.63666828192,0,0,False,0,False,0,False,,,7.940131833414097
outcome,cate_shift,True,1027,165251.54463573723,165251.54463573723,0,0,False,0,False,0,False,,,8.262577231786862
outcome,cate_shift,True,1028,159543.7369029427,159543.7369029427,0,0,False,0,False,0,False,,,7.977186845147133
outcome,cate_shift,True,1029,157966.12301858075,157966.12301858075,0,0,False,0,False,0,False,,,7.898306150929038
outcome,policy_value,True,1000,126475.2187572186,126975.2187572186,2,2,True,2,True,0,False,,,6.34876093786093
outcome,policy_value,True,1001,159531.82701564734,160031.82701564734,2,2,True,0,False,2,True,27.0,13.0,8.001591350782368
outcome,policy_value,True,1002,107028.7775605525,109028.7775605525,8,8,True,2,True,6,True,14.0,0.0,5.4514388780276235
outcome,policy_value,True,1003,134300.91009861795,134800.91009861795,2,2,True,2,True,0,False,,,6.740045504930898
outcome,policy_value,True,1004,127516.63058568082,129516.63058568082,8,8,True,2,True,6,True,16.0,2.0,6.475831529284039
outcome,policy_value,True,1005,114776.1583851452,117026.1583851452,9,9,True,3,True,6,True,14.0,0.0,5.851307919257259
outcome,policy_value,True,1006,153603.42643654475,154353.42643654475,3,3,True,2,True,1,True,23.0,9.0,7.717671321827238
outcome,policy_value,True,1007,124637.74716315631,126887.74716315631,9,9,True,7,True,2,True,18.0,4.0,6.344387358157815
outcome,policy_value,True,1008,101605.33656518828,102355.33656518828,3,3,True,1,True,2,True,14.0,0.0,5.117766828259413
outcome,policy_value,True,1009,133826.16249307178,136326.16249307178,10,10,True,2,True,8,True,14.0,0.0,6.81630812465359
outcome,policy_value,True,1010,154144.56725520076,154394.56725520076,1,1,True,0,False,1,True,14.0,0.0,7.719728362760038
outcome,policy_value,True,1011,127399.86865708332,128149.86865708332,3,3,True,0,False,3,True,15.0,1.0,6.407493432854168
outcome,policy_value,True,1012,165750.3752380821,165750.3752380821,0,0,False,0,False,0,False,,,8.287518761904103
outcome,policy_value,True,1013,140615.50993986664,141115.50993986664,2,2,True,0,False,2,True,22.0,8.0,7.055775496993331
outcome,policy_value,True,1014,159783.83129012777,159783.83129012777,0,0,False,0,False,0,False,,,7.98919156450639
outcome,policy_value,True,1015,115918.03989016487,119168.03989016487,13,13,True,3,True,10,True,20.0,6.0,5.958401994508243
outcome,policy_value,True,1016,135794.83568752874,137294.83568752874,6,6,True,2,True,4,True,14.0,0.0,6.864741784376437
outcome,policy_value,True,1017,145034.01218529185,146284.01218529185,5,5,True,0,False,5,True,25.0,11.0,7.314200609264593
outcome,policy_value,True,1018,141663.197801651,143163.197801651,6,6,True,1,True,5,True,15.0,1.0,7.158159890082551
outcome,policy_value,True,1019,136276.02760873522,137026.02760873522,3,3,True,1,True,2,True,20.0,6.0,6.851301380436761
outcome,policy_value,True,1020,124808.77475114792,126058.77475114792,5,5,True,1,True,4,True,17.0,3.0,6.302938737557395
outcome,policy_value,True,1021,110051.04434908467,112051.04434908467,8,8,True,2,True,6,True,16.0,2.0,5.6025522174542335
outcome,policy_value,True,1022,128227.24528224846,128727.24528224846,2,2,True,1,True,1,True,26.0,12.0,6.436362264112422
outcome,policy_value,True,1023,128013.94037817763,130013.94037817763,8,8,True,1,True,7,True,18.0,4.0,6.500697018908883
outcome,policy_value,True,1024,93423.91359838583,96173.91359838583,11,11,True,5,True,6,True,14.0,0.0,4.808695679919291
outcome,policy_value,True,1025,144792.0644111414,145042.0644111414,1,1,True,0,False,1,True,23.0,9.0,7.25210322055707
outcome,policy_value,True,1026,138817.71032094906,140317.71032094906,6,6,True,0,False,6,True,16.0,2.0,7.015885516047454
outcome,policy_value,True,1027,126754.22239453989,129254.22239453989,10,10,True,5,True,5,True,15.0,1.0,6.462711119726993
outcome,policy_value,True,1028,159543.7369029427,159543.7369029427,0,0,False,0,False,0,False,,,7.977186845147133
outcome,policy_value,True,1029,118336.33232291912,121836.33232291912,14,14,True,5,True,9,True,17.0,3.0,6.091816616145955
outcome,policy_value_confident,False,1000,150320.30194816983,150320.30194816983,0,0,False,0,False,0,False,,,7.516015097408493
outcome,policy_value_confident,False,1001,162436.29851217687,162436.29851217687,0,0,False,0,False,0,False,,,8.121814925608843
outcome,policy_value_confident,False,1002,102261.65997964697,103261.65997964697,4,4,True,2,True,2,True,14.0,0.0,5.163082998982348
outcome,policy_value_confident,False,1003,158732.01770830795,158732.01770830795,0,0,False,0,False,0,False,,,7.936600885415396
outcome,policy_value_confident,False,1004,158534.75426183734,158534.75426183734,0,0,False,0,False,0,False,,,7.926737713091867
outcome,policy_value_confident,False,1005,126971.36373953464,127971.36373953464,4,4,True,1,True,3,True,18.0,4.0,6.398568186976731
outcome,policy_value_confident,False,1006,161665.05967551624,161665.05967551624,0,0,False,0,False,0,False,,,8.083252983775814
outcome,policy_value_confident,False,1007,160458.51484902203,160458.51484902203,0,0,False,0,False,0,False,,,8.022925742451099
outcome,policy_value_confident,False,1008,158450.9841023159,158450.9841023159,0,0,False,0,False,0,False,,,7.922549205115794
outcome,policy_value_confident,False,1009,143115.4222294293,144115.4222294293,4,4,True,0,False,4,True,16.0,2.0,7.205771111471467
outcome,policy_value_confident,False,1010,156018.5270759935,156018.5270759935,0,0,False,0,False,0,False,,,7.800926353799678
outcome,policy_value_confident,False,1011,128459.15003283168,128959.15003283168,2,2,True,0,False,2,True,20.0,6.0,6.447957501641585
outcome,policy_value_confident,False,1012,165750.3752380821,165750.3752380821,0,0,False,0,False,0,False,,,8.287518761904103
outcome,policy_value_confident,False,1013,162230.91157219047,162230.91157219047,0,0,False,0,False,0,False,,,8.111545578609523
outcome,policy_value_confident,False,1014,159783.83129012777,159783.83129012777,0,0,False,0,False,0,False,,,7.98919156450639
outcome,policy_value_confident,False,1015,155872.72379683857,155872.72379683857,0,0,False,0,False,0,False,,,7.793636189841931
outcome,policy_value_confident,False,1016,142754.11328190897,143004.11328190897,1,1,True,0,False,1,True,16.0,2.0,7.150205664095449
outcome,policy_value_confident,False,1017,152069.36304999527,152319.36304999527,1,1,True,0,False,1,True,27.0,13.0,7.615968152499765
outcome,policy_value_confident,False,1018,141480.487631122,141730.487631122,1,1,True,0,False,1,True,16.0,2.0,7.0865243815561
outcome,policy_value_confident,False,1019,163402.56400909647,163402.56400909647,0,0,False,0,False,0,False,,,8.170128200454824
outcome,policy_value_confident,False,1020,161105.2957101994,161105.2957101994,0,0,False,0,False,0,False,,,8.05526478550997
outcome,policy_value_confident,False,1021,148167.2609948317,148667.2609948317,2,2,True,0,False,2,True,26.0,12.0,7.433363049741584
outcome,policy_value_confident,False,1022,116609.99865351948,118109.99865351948,6,6,True,2,True,4,True,14.0,0.0,5.905499932675975
outcome,policy_value_confident,False,1023,144296.9939903904,144796.9939903904,2,2,True,0,False,2,True,24.0,10.0,7.239849699519518
outcome,policy_value_confident,False,1024,115546.63758151552,116296.63758151552,3,3,True,0,False,3,True,16.0,2.0,5.814831879075776
outcome,policy_value_confident,False,1025,145071.570620819,145071.570620819,0,0,False,0,False,0,False,,,7.253578531040948
outcome,policy_value_confident,False,1026,147989.90848475578,148489.90848475578,2,2,True,0,False,2,True,16.0,2.0,7.424495424237789
outcome,policy_value_confident,False,1027,138007.77509337754,138757.77509337754,3,3,True,0,False,3,True,16.0,2.0,6.937888754668877
outcome,policy_value_confident,False,1028,159543.7369029427,159543.7369029427,0,0,False,0,False,0,False,,,7.977186845147133
outcome,policy_value_confident,False,1029,139474.22415421763,140224.22415421763,3,3,True,0,False,3,True,25.0,11.0,7.011211207710883
treatment,never,True,1000,-62135.00610287866,-62135.00610287866,0,0,False,0,False,0,False,,,-3.106750305143933
treatment,never,True,1001,-55220.33359096501,-55220.33359096501,0,0,False,0,False,0,False,,,-2.7610166795482503
treatment,never,True,1002,-70250.44452578554,-70250.44452578554,0,0,False,0,False,0,False,,,-3.5125222262892772
treatment,never,True,1003,-69793.87573721378,-69793.87573721378,0,0,False,0,False,0,False,,,-3.4896937868606885
treatment,never,True,1004,-62995.18014332572,-62995.18014332572,0,0,False,0,False,0,False,,,-3.1497590071662867
treatment,never,True,1005,-65325.03107602186,-65325.03107602186,0,0,False,0,False,0,False,,,-3.2662515538010926
treatment,never,True,1006,-55345.48566942605,-55345.48566942605,0,0,False,0,False,0,False,,,-2.7672742834713024
treatment,never,True,1007,-69782.44052171317,-69782.44052171317,0,0,False,0,False,0,False,,,-3.489122026085658
treatment,never,True,1008,-62712.068421868134,-62712.068421868134,0,0,False,0,False,0,False,,,-3.135603421093407
treatment,never,True,1009,-61057.21957994857,-61057.21957994857,0,0,False,0,False,0,False,,,-3.0528609789974284
treatment,never,True,1010,-61428.88999807497,-61428.88999807497,0,0,False,0,False,0,False,,,-3.0714444999037496
treatment,never,True,1011,-65012.23918872101,-65012.23918872101,0,0,False,0,False,0,False,,,-3.2506119594360494
treatment,never,True,1012,-65057.16898401453,-65057.16898401453,0,0,False,0,False,0,False,,,-3.252858449200727
treatment,never,True,1013,-68323.62120757592,-68323.62120757592,0,0,False,0,False,0,False,,,-3.4161810603787965
treatment,never,True,1014,-56135.60368829146,-56135.60368829146,0,0,False,0,False,0,False,,,-2.8067801844145723
treatment,never,True,1015,-70772.25363813867,-70772.25363813867,0,0,False,0,False,0,False,,,-3.5386126819069337
treatment,never,True,1016,-68538.818870649,-68538.818870649,0,0,False,0,False,0,False,,,-3.42694094353245
treatment,never,True,1017,-62214.801251102355,-62214.801251102355,0,0,False,0,False,0,False,,,-3.110740062555118
treatment,never,True,1018,-59615.05738741273,-59615.05738741273,0,0,False,0,False,0,False,,,-2.980752869370637
treatment,never,True,1019,-59913.0810481494,-59913.0810481494,0,0,False,0,False,0,False,,,-2.9956540524074704
treatment,never,True,1020,-60381.995697043254,-60381.995697043254,0,0,False,0,False,0,False,,,-3.0190997848521626
treatment,never,True,1021,-60308.859855226474,-60308.859855226474,0,0,False,0,False,0,False,,,-3.015442992761324
treatment,never,True,1022,-62089.28818821117,-62089.28818821117,0,0,False,0,False,0,False,,,-3.104464409410558
treatment,never,True,1023,-69732.26360502701,-69732.26360502701,0,0,False,0,False,0,False,,,-3.48661318025135
treatment,never,True,1024,-66280.20210449354,-66280.20210449354,0,0,False,0,False,0,False,,,-3.314010105224676
treatment,never,True,1025,-63226.796146332876,-63226.796146332876,0,0,False,0,False,0,False,,,-3.161339807316644
treatment,never,True,1026,-57082.555919575185,-57082.555919575185,0,0,False,0,False,0,False,,,-2.854127795978759
treatment,never,True,1027,-61729.69863246376,-61729.69863246376,0,0,False,0,False,0,False,,,-3.0864849316231884
treatment,never,True,1028,-60211.69500171491,-60211.69500171491,0,0,False,0,False,0,False,,,-3.0105847500857448
treatment,never,True,1029,-65709.8641544558,-65709.8641544558,0,0,False,0,False,0,False,,,-3.28549320772279
treatment,periodic,True,1000,-45404.43315538548,-44154.43315538548,5,5,True,1,True,4,True,14.0,0.0,-2.2077216577692735
treatment,periodic,True,1001,-24110.538234414948,-22860.538234414948,5,5,True,1,True,4,True,14.0,0.0,-1.1430269117207472
treatment,periodic,True,1002,-11366.922329644778,-10116.922329644778,5,5,True,1,True,4,True,14.0,0.0,-0.5058461164822399
treatment,periodic,True,1003,-8563.239242854772,-7313.239242854772,5,5,True,1,True,4,True,14.0,0.0,-0.3656619621427379
treatment,periodic,True,1004,-37983.81680705119,-36733.81680705119,5,5,True,1,True,4,True,14.0,0.0,-1.8366908403525597
treatment,periodic,True,1005,-14609.991815475016,-13359.991815475016,5,5,True,1,True,4,True,14.0,0.0,-0.6679995907737508
treatment,periodic,True,1006,-49366.870065857605,-48116.870065857605,5,5,True,1,True,4,True,14.0,0.0,-2.40584350329288
treatment,periodic,True,1007,-48720.5800607426,-47470.5800607426,5,5,True,1,True,4,True,14.0,0.0,-2.37352900303713
treatment,periodic,True,1008,-51737.77747315554,-50487.77747315554,5,5,True,1,True,4,True,14.0,0.0,-2.524388873657777
treatment,periodic,True,1009,-28873.280771052956,-27623.280771052956,5,5,True,1,True,4,True,14.0,0.0,-1.3811640385526482
treatment,periodic,True,1010,-28055.395698102126,-26805.395698102126,5,5,True,1,True,4,True,14.0,0.0,-1.3402697849051064
treatment,periodic,True,1011,-13117.634201990233,-11867.634201990233,5,5,True,1,True,4,True,14.0,0.0,-0.5933817100995118
treatment,periodic,True,1012,-13836.117013465751,-12586.117013465751,5,5,True,1,True,4,True,14.0,0.0,-0.6293058506732886
treatment,periodic,True,1013,7176.054324243005,8426.054324243005,5,5,True,1,True,4,True,14.0,0.0,0.42130271621215065
treatment,periodic,True,1014,-33210.16425731322,-31960.16425731322,5,5,True,1,True,4,True,14.0,0.0,-1.5980082128656607
treatment,periodic,True,1015,-23173.197777607853,-21923.197777607853,5,5,True,1,True,4,True,14.0,0.0,-1.0961598888803918
treatment,periodic,True,1016,-16769.484103609757,-15519.484103609757,5,5,True,1,True,4,True,14.0,0.0,-0.7759742051804878
treatment,periodic,True,1017,-12182.18153220943,-10932.18153220943,5,5,True,1,True,4,True,14.0,0.0,-0.5466090766104709
treatment,periodic,True,1018,-17305.113288103083,-16055.113288103083,5,5,True,1,True,4,True,14.0,0.0,-0.8027556644051548
treatment,periodic,True,1019,-15940.615335320863,-14690.615335320863,5,5,True,1,True,4,True,14.0,0.0,-0.7345307667660435
treatment,periodic,True,1020,-21133.65207511873,-19883.65207511873,5,5,True,1,True,4,True,14.0,0.0,-0.9941826037559364
treatment,periodic,True,1021,-32502.162682813927,-31252.162682813927,5,5,True,1,True,4,True,14.0,0.0,-1.5626081341406957
treatment,periodic,True,1022,-27250.80312020931,-26000.80312020931,5,5,True,1,True,4,True,14.0,0.0,-1.300040156010465
treatment,periodic,True,1023,-21988.70590720475,-20738.70590720475,5,5,True,1,True,4,True,14.0,0.0,-1.036935295360238
treatment,periodic,True,1024,-51312.97332795624,-50062.97332795624,5,5,True,1,True,4,True,14.0,0.0,-2.5031486663978133
treatment,periodic,True,1025,-19233.999442689157,-17983.999442689157,5,5,True,1,True,4,True,14.0,0.0,-0.899199972134458
treatment,periodic,True,1026,-14379.162567167798,-13129.162567167798,5,5,True,1,True,4,True,14.0,0.0,-0.6564581283583897
treatment,periodic,True,1027,-17335.977186827073,-16085.977186827073,5,5,True,1,True,4,True,14.0,0.0,-0.8042988593413537
treatment,periodic,True,1028,-21258.227954811246,-20008.227954811246,5,5,True,1,True,4,True,14.0,0.0,-1.0004113977405629
treatment,periodic,True,1029,-6747.938099695057,-5497.938099695057,5,5,True,1,True,4,True,14.0,0.0,-0.2748969049847536
treatment,feature_drift,True,1000,-62135.00610287866,-62135.00610287866,0,0,False,0,False,0,False,,,-3.106750305143933
treatment,feature_drift,True,1001,-55220.33359096501,-55220.33359096501,0,0,False,0,False,0,False,,,-2.7610166795482503
treatment,feature_drift,True,1002,-70250.44452578554,-70250.44452578554,0,0,False,0,False,0,False,,,-3.5125222262892772
treatment,feature_drift,True,1003,-69793.87573721378,-69793.87573721378,0,0,False,0,False,0,False,,,-3.4896937868606885
treatment,feature_drift,True,1004,-62995.18014332572,-62995.18014332572,0,0,False,0,False,0,False,,,-3.1497590071662867
treatment,feature_drift,True,1005,-71351.73043471112,-71101.73043471112,1,1,True,0,False,1,True,14.0,0.0,-3.5550865217355563
treatment,feature_drift,True,1006,-55345.48566942605,-55345.48566942605,0,0,False,0,False,0,False,,,-2.7672742834713024
treatment,feature_drift,True,1007,-69782.44052171317,-69782.44052171317,0,0,False,0,False,0,False,,,-3.489122026085658
treatment,feature_drift,True,1008,-62712.068421868134,-62712.068421868134,0,0,False,0,False,0,False,,,-3.135603421093407
treatment,feature_drift,True,1009,-61057.21957994857,-61057.21957994857,0,0,False,0,False,0,False,,,-3.0528609789974284
treatment,feature_drift,True,1010,-46914.90305233044,-46664.90305233044,1,1,True,0,False,1,True,26.0,12.0,-2.3332451526165228
treatment,feature_drift,True,1011,-65012.23918872101,-65012.23918872101,0,0,False,0,False,0,False,,,-3.2506119594360494
treatment,feature_drift,True,1012,-65057.16898401453,-65057.16898401453,0,0,False,0,False,0,False,,,-3.252858449200727
treatment,feature_drift,True,1013,-68323.62120757592,-68323.62120757592,0,0,False,0,False,0,False,,,-3.4161810603787965
treatment,feature_drift,True,1014,-56135.60368829146,-56135.60368829146,0,0,False,0,False,0,False,,,-2.8067801844145723
treatment,feature_drift,True,1015,-70772.25363813867,-70772.25363813867,0,0,False,0,False,0,False,,,-3.5386126819069337
treatment,feature_drift,True,1016,-68538.818870649,-68538.818870649,0,0,False,0,False,0,False,,,-3.42694094353245
treatment,feature_drift,True,1017,-62214.801251102355,-62214.801251102355,0,0,False,0,False,0,False,,,-3.110740062555118
treatment,feature_drift,True,1018,-59615.05738741273,-59615.05738741273,0,0,False,0,False,0,False,,,-2.980752869370637
treatment,feature_drift,True,1019,-59913.0810481494,-59913.0810481494,0,0,False,0,False,0,False,,,-2.9956540524074704
treatment,feature_drift,True,1020,-60381.995697043254,-60381.995697043254,0,0,False,0,False,0,False,,,-3.0190997848521626
treatment,feature_drift,True,1021,-60308.859855226474,-60308.859855226474,0,0,False,0,False,0,False,,,-3.015442992761324
treatment,feature_drift,True,1022,-62089.28818821117,-62089.28818821117,0,0,False,0,False,0,False,,,-3.104464409410558
treatment,feature_drift,True,1023,-69732.26360502701,-69732.26360502701,0,0,False,0,False,0,False,,,-3.48661318025135
treatment,feature_drift,True,1024,-66280.20210449354,-66280.20210449354,0,0,False,0,False,0,False,,,-3.314010105224676
treatment,feature_drift,True,1025,-63226.796146332876,-63226.796146332876,0,0,False,0,False,0,False,,,-3.161339807316644
treatment,feature_drift,True,1026,-57082.555919575185,-57082.555919575185,0,0,False,0,False,0,False,,,-2.854127795978759
treatment,feature_drift,True,1027,-61729.69863246376,-61729.69863246376,0,0,False,0,False,0,False,,,-3.0864849316231884
treatment,feature_drift,True,1028,-60211.69500171491,-60211.69500171491,0,0,False,0,False,0,False,,,-3.0105847500857448
treatment,feature_drift,True,1029,-65709.8641544558,-65709.8641544558,0,0,False,0,False,0,False,,,-3.28549320772279
treatment,performance,True,1000,-62135.00610287866,-62135.00610287866,0,0,False,0,False,0,False,,,-3.106750305143933
treatment,performance,True,1001,-43555.26297855277,-43305.26297855277,1,1,True,0,False,1,True,15.0,1.0,-2.1652631489276386
treatment,performance,True,1002,-20029.799562872962,-19529.799562872962,2,2,True,0,False,2,True,19.0,5.0,-0.9764899781436486
treatment,performance,True,1003,-69793.87573721378,-69793.87573721378,0,0,False,0,False,0,False,,,-3.4896937868606885
treatment,performance,True,1004,-62995.18014332572,-62995.18014332572,0,0,False,0,False,0,False,,,-3.1497590071662867
treatment,performance,True,1005,-65325.03107602186,-65325.03107602186,0,0,False,0,False,0,False,,,-3.2662515538010926
treatment,performance,True,1006,-55345.48566942605,-55345.48566942605,0,0,False,0,False,0,False,,,-2.7672742834713024
treatment,performance,True,1007,-70032.44052171317,-69782.44052171317,1,1,True,0,False,1,True,29.0,15.0,-3.489122026085658
treatment,performance,True,1008,-62712.068421868134,-62712.068421868134,0,0,False,0,False,0,False,,,-3.135603421093407
treatment,performance,True,1009,-61057.21957994857,-61057.21957994857,0,0,False,0,False,0,False,,,-3.0528609789974284
treatment,performance,True,1010,-61428.88999807497,-61428.88999807497,0,0,False,0,False,0,False,,,-3.0714444999037496
treatment,performance,True,1011,-65012.23918872101,-65012.23918872101,0,0,False,0,False,0,False,,,-3.2506119594360494
treatment,performance,True,1012,6853.467766393638,7103.467766393638,1,1,True,0,False,1,True,19.0,5.0,0.35517338831968137
treatment,performance,True,1013,-68323.62120757592,-68323.62120757592,0,0,False,0,False,0,False,,,-3.4161810603787965
treatment,performance,True,1014,-56135.60368829146,-56135.60368829146,0,0,False,0,False,0,False,,,-2.8067801844145723
treatment,performance,True,1015,-70772.25363813867,-70772.25363813867,0,0,False,0,False,0,False,,,-3.5386126819069337
treatment,performance,True,1016,-68538.818870649,-68538.818870649,0,0,False,0,False,0,False,,,-3.42694094353245
treatment,performance,True,1017,-31876.95787055921,-31626.95787055921,1,1,True,0,False,1,True,22.0,8.0,-1.5813478935279606
treatment,performance,True,1018,-59615.05738741273,-59615.05738741273,0,0,False,0,False,0,False,,,-2.980752869370637
treatment,performance,True,1019,-35572.17369285542,-35322.17369285542,1,1,True,0,False,1,True,16.0,2.0,-1.7661086846427716
treatment,performance,True,1020,-60381.995697043254,-60381.995697043254,0,0,False,0,False,0,False,,,-3.0190997848521626
treatment,performance,True,1021,-60308.859855226474,-60308.859855226474,0,0,False,0,False,0,False,,,-3.015442992761324
treatment,performance,True,1022,-62089.28818821117,-62089.28818821117,0,0,False,0,False,0,False,,,-3.104464409410558
treatment,performance,True,1023,-69732.26360502701,-69732.26360502701,0,0,False,0,False,0,False,,,-3.48661318025135
treatment,performance,True,1024,-66280.20210449354,-66280.20210449354,0,0,False,0,False,0,False,,,-3.314010105224676
treatment,performance,True,1025,-36219.7727214669,-35469.7727214669,3,3,True,1,True,2,True,15.0,1.0,-1.7734886360733446
treatment,performance,True,1026,-40856.986589595675,-40606.986589595675,1,1,True,0,False,1,True,16.0,2.0,-2.0303493294797827
treatment,performance,True,1027,-15370.24563127264,-14870.24563127264,2,2,True,0,False,2,True,15.0,1.0,-0.7435122815636328
treatment,performance,True,1028,-60211.69500171491,-60211.69500171491,0,0,False,0,False,0,False,,,-3.0105847500857448
treatment,performance,True,1029,-65709.8641544558,-65709.8641544558,0,0,False,0,False,0,False,,,-3.28549320772279
treatment,cate_shift,True,1000,-40825.71186652716,-40575.71186652716,1,1,True,0,False,1,True,22.0,8.0,-2.028785593326358
treatment,cate_shift,True,1001,-32725.2764750789,-32225.2764750789,2,2,True,1,True,1,True,22.0,8.0,-1.6112638237539456
treatment,cate_shift,True,1002,-62854.88738726429,-62354.88738726429,2,2,True,1,True,1,True,28.0,14.0,-3.1177443693632143
treatment,cate_shift,True,1003,-12919.24949562847,-12419.24949562847,2,2,True,1,True,1,True,17.0,3.0,-0.6209624747814229
treatment,cate_shift,True,1004,-25447.47239172263,-25197.47239172263,1,1,True,0,False,1,True,19.0,5.0,-1.2598736195861315
treatment,cate_shift,True,1005,-10515.866504213262,-10265.866504213262,1,1,True,0,False,1,True,19.0,5.0,-0.5132933252106633
treatment,cate_shift,True,1006,-34058.38466012186,-33308.38466012186,3,3,True,1,True,2,True,14.0,0.0,-1.665419233006093
treatment,cate_shift,True,1007,-40740.55493367855,-40240.55493367855,2,2,True,1,True,1,True,16.0,2.0,-2.0120277466839274
treatment,cate_shift,True,1008,-86508.91527934594,-86258.91527934594,1,1,True,0,False,1,True,15.0,1.0,-4.312945763967297
treatment,cate_shift,True,1009,-54857.42741142942,-54357.42741142942,2,2,True,0,False,2,True,16.0,2.0,-2.7178713705714714
treatment,cate_shift,True,1010,-28559.700772465963,-28309.700772465963,1,1,True,0,False,1,True,24.0,10.0,-1.4154850386232982
treatment,cate_shift,True,1011,-221.30053300741338,28.699466992586622,1,1,True,0,False,1,True,16.0,2.0,0.001434973349629818
treatment,cate_shift,True,1012,2561.190270495683,3311.190270495683,3,3,True,1,True,2,True,18.0,4.0,0.1655595135247836
treatment,cate_shift,True,1013,-3361.3560251602303,-2861.3560251602303,2,2,True,0,False,2,True,16.0,2.0,-0.1430678012580121
treatment,cate_shift,True,1014,-61659.36385545202,-61159.36385545202,2,2,True,1,True,1,True,16.0,2.0,-3.0579681927726012
treatment,cate_shift,True,1015,-34936.032701786535,-34436.032701786535,2,2,True,0,False,2,True,18.0,4.0,-1.721801635089327
treatment,cate_shift,True,1016,-40518.55934511295,-39768.55934511295,3,3,True,1,True,2,True,18.0,4.0,-1.9884279672556477
treatment,cate_shift,True,1017,-51789.52658824813,-51289.52658824813,2,2,True,0,False,2,True,16.0,2.0,-2.5644763294124058
treatment,cate_shift,True,1018,22120.31013687583,22620.31013687583,2,2,True,0,False,2,True,15.0,1.0,1.1310155068437922
treatment,cate_shift,True,1019,-35572.17369285542,-35322.17369285542,1,1,True,0,False,1,True,16.0,2.0,-1.7661086846427716
treatment,cate_shift,True,1020,-59648.50448407885,-59148.50448407885,2,2,True,0,False,2,True,17.0,3.0,-2.9574252242039427
treatment,cate_shift,True,1021,-4231.210373591599,-3981.210373591599,1,1,True,0,False,1,True,19.0,5.0,-0.19906051867958016
treatment,cate_shift,True,1022,-33305.63101126228,-32305.63101126228,4,4,True,1,True,3,True,16.0,2.0,-1.615281550563114
treatment,cate_shift,True,1023,-40571.97024401275,-39821.97024401275,3,3,True,1,True,2,True,15.0,1.0,-1.9910985122006377
treatment,cate_shift,True,1024,20502.612163569305,20752.612163569305,1,1,True,0,False,1,True,16.0,2.0,1.0376306081784654
treatment,cate_shift,True,1025,-24628.199706117273,-24128.199706117273,2,2,True,0,False,2,True,17.0,3.0,-1.206409985305864
treatment,cate_shift,True,1026,-4054.6101646360585,-3804.6101646360585,1,1,True,0,False,1,True,18.0,4.0,-0.19023050823180213
treatment,cate_shift,True,1027,-18483.052810826375,-17733.052810826375,3,3,True,0,False,3,True,15.0,1.0,-0.8866526405413191
treatment,cate_shift,True,1028,-4749.715397929194,-4499.715397929194,1,1,True,0,False,1,True,20.0,6.0,-0.22498576989645896
treatment,cate_shift,True,1029,-3074.7268092540644,-2824.7268092540644,1,1,True,0,False,1,True,19.0,5.0,-0.14123634046270317
treatment,policy_value,True,1000,-35968.06848079177,-33468.06848079177,10,10,True,2,True,8,True,16.0,2.0,-1.6734034240395892
treatment,policy_value,True,1001,-5245.6385412087675,-2745.6385412087675,10,10,True,0,False,10,True,14.0,0.0,-0.13728192706043857
treatment,policy_value,True,1002,-5075.152100450659,-575.1521004506594,18,18,True,2,True,16,True,14.0,0.0,-0.02875760502253243
treatment,policy_value,True,1003,844.9903018274836,4594.990301827484,15,15,True,2,True,13,True,16.0,2.0,0.22974951509137445
treatment,policy_value,True,1004,-20175.06962602658,-16675.06962602658,14,14,True,2,True,12,True,15.0,1.0,-0.8337534813013292
treatment,policy_value,True,1005,-7676.944416172117,-4176.944416172117,14,14,True,3,True,11,True,14.0,0.0,-0.20884722080860596
treatment,policy_value,True,1006,-16548.971603430404,-12048.971603430404,18,18,True,2,True,16,True,14.0,0.0,-0.6024485801715201
treatment,policy_value,True,1007,-43163.90370938597,-39163.90370938597,16,16,True,7,True,9,True,16.0,2.0,-1.958195185469299
treatment,policy_value,True,1008,-58196.16891357066,-55696.16891357066,10,10,True,1,True,9,True,14.0,0.0,-2.7848084456785323
treatment,policy_value,True,1009,-13635.27879281547,-10135.27879281547,14,14,True,2,True,12,True,14.0,0.0,-0.5067639396407736
treatment,policy_value,True,1010,-4451.64301104866,-701.6430110486599,15,15,True,0,False,15,True,14.0,0.0,-0.03508215055243337
treatment,policy_value,True,1011,14614.191264624822,16364.191264624822,7,7,True,0,False,7,True,14.0,0.0,0.818209563231241
treatment,policy_value,True,1012,4304.938504052818,6804.938504052818,10,10,True,0,False,10,True,17.0,3.0,0.340246925202641
treatment,policy_value,True,1013,10616.537150801018,12866.537150801018,9,9,True,0,False,9,True,16.0,2.0,0.6433268575400501
treatment,policy_value,True,1014,-2074.8705373773782,925.1294626226218,12,12,True,0,False,12,True,14.0,0.0,0.046256473131131216
treatment,policy_value,True,1015,-30350.205948604736,-27100.205948604736,13,13,True,3,True,10,True,18.0,4.0,-1.3550102974302372
treatment,policy_value,True,1016,-7346.403434208016,-3596.403434208016,15,15,True,2,True,13,True,14.0,0.0,-0.17982017171040027
treatment,policy_value,True,1017,-850.0009099750805,1399.9990900249195,9,9,True,0,False,9,True,17.0,3.0,0.06999995450124612
treatment,policy_value,True,1018,9888.763033787938,12638.763033787938,11,11,True,1,True,10,True,15.0,1.0,0.6319381516893975
treatment,policy_value,True,1019,-4505.401251231479,-2505.4012512314794,8,8,True,1,True,7,True,16.0,2.0,-0.1252700625615744
treatment,policy_value,True,1020,-16094.045154317735,-13094.045154317735,12,12,True,1,True,11,True,16.0,2.0,-0.654702257715887
treatment,policy_value,True,1021,-16580.27519450949,-12330.27519450949,17,17,True,2,True,15,True,14.0,0.0,-0.6165137597254746
treatment,policy_value,True,1022,-2559.020352307981,-309.02035230798083,9,9,True,1,True,8,True,14.0,0.0,-0.015451017615398773
treatment,policy_value,True,1023,-8835.32867808473,-5085.32867808473,15,15,True,1,True,14,True,15.0,1.0,-0.25426643390423703
treatment,policy_value,True,1024,-34129.82293112074,-29129.82293112074,20,20,True,5,True,15,True,14.0,0.0,-1.4564911465560373
treatment,policy_value,True,1025,-15306.567120517893,-12306.567120517893,12,12,True,0,False,12,True,15.0,1.0,-0.6153283560258949
treatment,policy_value,True,1026,-8832.472420415976,-4832.472420415976,16,16,True,0,False,16,True,14.0,0.0,-0.24162362102079804
treatment,policy_value,True,1027,-2450.505400950209,799.4945990497908,13,13,True,5,True,8,True,15.0,1.0,0.03997472995248987
treatment,policy_value,True,1028,-15162.080952980754,-12412.080952980754,11,11,True,0,False,11,True,14.0,0.0,-0.6206040476490368
treatment,policy_value,True,1029,-8680.924058809573,-5930.924058809573,11,11,True,5,True,6,True,16.0,2.0,-0.2965462029404782
treatment,policy_value_confident,False,1000,-14873.12686956715,-13623.12686956715,5,5,True,0,False,5,True,16.0,2.0,-0.6811563434783574
treatment,policy_value_confident,False,1001,-19626.66739338381,-18876.66739338381,3,3,True,0,False,3,True,22.0,8.0,-0.9438333696691905
treatment,policy_value_confident,False,1002,9909.614241949015,12909.614241949015,12,12,True,2,True,10,True,14.0,0.0,0.6454807120974513
treatment,policy_value_confident,False,1003,2310.0472386099855,4810.0472386099855,10,10,True,0,False,10,True,16.0,2.0,0.24050236193049937
treatment,policy_value_confident,False,1004,-16833.631540217964,-16083.631540217964,3,3,True,0,False,3,True,16.0,2.0,-0.8041815770108981
treatment,policy_value_confident,False,1005,-6631.816797460902,-4881.816797460902,7,7,True,1,True,6,True,15.0,1.0,-0.24409083987304545
treatment,policy_value_confident,False,1006,-27589.92147550422,-25089.92147550422,10,10,True,0,False,10,True,15.0,1.0,-1.254496073775211
treatment,policy_value_confident,False,1007,-59933.594128493736,-59433.594128493736,2,2,True,0,False,2,True,26.0,12.0,-2.9716797064246867
treatment,policy_value_confident,False,1008,-44509.04950301129,-43509.04950301129,4,4,True,0,False,4,True,20.0,6.0,-2.1754524751505646
treatment,policy_value_confident,False,1009,1771.5619093908954,3771.5619093908954,8,8,True,0,False,8,True,15.0,1.0,0.18857809546954435
treatment,policy_value_confident,False,1010,-17768.124807429704,-15768.124807429704,8,8,True,0,False,8,True,14.0,0.0,-0.7884062403714854
treatment,policy_value_confident,False,1011,2050.2577852598306,3050.2577852598306,4,4,True,0,False,4,True,15.0,1.0,0.15251288926299167
treatment,policy_value_confident,False,1012,988.7814612315419,2238.781461231542,5,5,True,0,False,5,True,18.0,4.0,0.1119390730615768
treatment,policy_value_confident,False,1013,10616.537150801018,12866.537150801018,9,9,True,0,False,9,True,16.0,2.0,0.6433268575400501
treatment,policy_value_confident,False,1014,-6373.302956884991,-5373.302956884991,4,4,True,0,False,4,True,16.0,2.0,-0.26866514784424994
treatment,policy_value_confident,False,1015,-18218.897722030724,-15718.897722030724,10,10,True,0,False,10,True,17.0,3.0,-0.7859448861015365
treatment,policy_value_confident,False,1016,-7687.953024263292,-5437.953024263292,9,9,True,0,False,9,True,16.0,2.0,-0.2718976512131644
treatment,policy_value_confident,False,1017,1787.3432901279048,3037.3432901279048,5,5,True,0,False,5,True,18.0,4.0,0.15186716450639554
treatment,policy_value_confident,False,1018,11561.66156127477,13811.66156127477,9,9,True,0,False,9,True,15.0,1.0,0.6905830780637388
treatment,policy_value_confident,False,1019,4927.079809920922,6177.079809920922,5,5,True,0,False,5,True,17.0,3.0,0.308853990496045
treatment,policy_value_confident,False,1020,-27807.12525626719,-26057.12525626719,7,7,True,0,False,7,True,17.0,3.0,-1.3028562628133593
treatment,policy_value_confident,False,1021,-12934.811852493138,-11434.811852493138,6,6,True,0,False,6,True,20.0,6.0,-0.571740592624657
treatment,policy_value_confident,False,1022,-20628.354109417454,-18628.354109417454,8,8,True,2,True,6,True,14.0,0.0,-0.9314177054708729
treatment,policy_value_confident,False,1023,-20988.874234070314,-18488.874234070314,10,10,True,0,False,10,True,16.0,2.0,-0.9244437117035159
treatment,policy_value_confident,False,1024,-12919.52965966552,-10169.52965966552,11,11,True,0,False,11,True,15.0,1.0,-0.5084764829832755
treatment,policy_value_confident,False,1025,-11457.10378513611,-10207.10378513611,5,5,True,0,False,5,True,16.0,2.0,-0.5103551892568057
treatment,policy_value_confident,False,1026,-7327.643255421483,-4577.643255421483,11,11,True,0,False,11,True,15.0,1.0,-0.22888216277107346
treatment,policy_value_confident,False,1027,15416.724161267755,17416.724161267754,8,8,True,0,False,8,True,15.0,1.0,0.8708362080633871
treatment,policy_value_confident,False,1028,-23320.07649702456,-21820.07649702456,6,6,True,0,False,6,True,20.0,6.0,-1.0910038248512273
treatment,policy_value_confident,False,1029,-5442.739208293377,-4692.739208293377,3,3,True,0,False,3,True,16.0,2.0,-0.2346369604146689
gradual_treatment,never,True,1000,-6141.6914649458595,-6141.6914649458595,0,0,False,0,False,0,False,,,-0.3070845732472928
gradual_treatment,never,True,1001,3183.0408685396324,3183.0408685396324,0,0,False,0,False,0,False,,,0.15915204342698183
gradual_treatment,never,True,1002,-9890.672334453966,-9890.672334453966,0,0,False,0,False,0,False,,,-0.4945336167226985
gradual_treatment,never,True,1003,-9101.474577488718,-9101.474577488718,0,0,False,0,False,0,False,,,-0.4550737288744363
gradual_treatment,never,True,1004,-4282.8616369506635,-4282.8616369506635,0,0,False,0,False,0,False,,,-0.2141430818475323
gradual_treatment,never,True,1005,-7391.572781088493,-7391.572781088493,0,0,False,0,False,0,False,,,-0.36957863905442523
gradual_treatment,never,True,1006,2401.0168522905115,2401.0168522905115,0,0,False,0,False,0,False,,,0.12005084261452623
gradual_treatment,never,True,1007,-9737.244115259922,-9737.244115259922,0,0,False,0,False,0,False,,,-0.48686220576299566
gradual_treatment,never,True,1008,-4229.243118216693,-4229.243118216693,0,0,False,0,False,0,False,,,-0.21146215591083467
gradual_treatment,never,True,1009,-3749.9335007968493,-3749.9335007968493,0,0,False,0,False,0,False,,,-0.18749667503984255
gradual_treatment,never,True,1010,-3428.21272338384,-3428.21272338384,0,0,False,0,False,0,False,,,-0.17141063616919197
gradual_treatment,never,True,1011,-8140.3595124206,-8140.3595124206,0,0,False,0,False,0,False,,,-0.4070179756210298
gradual_treatment,never,True,1012,-3919.377949006406,-3919.377949006406,0,0,False,0,False,0,False,,,-0.19596889745032242
gradual_treatment,never,True,1013,-8170.2253812378185,-8170.2253812378185,0,0,False,0,False,0,False,,,-0.40851126906189167
gradual_treatment,never,True,1014,502.76494566475776,502.76494566475776,0,0,False,0,False,0,False,,,0.025138247283237616
gradual_treatment,never,True,1015,-11244.581652385079,-11244.581652385079,0,0,False,0,False,0,False,,,-0.5622290826192551
gradual_treatment,never,True,1016,-12898.356690059933,-12898.356690059933,0,0,False,0,False,0,False,,,-0.6449178345029956
gradual_treatment,never,True,1017,-3334.7308731060766,-3334.7308731060766,0,0,False,0,False,0,False,,,-0.16673654365530355
gradual_treatment,never,True,1018,-708.7102538760009,-708.7102538760009,0,0,False,0,False,0,False,,,-0.035435512693800034
gradual_treatment,never,True,1019,-1089.4757654937493,-1089.4757654937493,0,0,False,0,False,0,False,,,-0.05447378827468803
gradual_treatment,never,True,1020,-2090.2212335324475,-2090.2212335324475,0,0,False,0,False,0,False,,,-0.10451106167662111
gradual_treatment,never,True,1021,-2649.609039860532,-2649.609039860532,0,0,False,0,False,0,False,,,-0.13248045199302638
gradual_treatment,never,True,1022,-4580.21525534035,-4580.21525534035,0,0,False,0,False,0,False,,,-0.22901076276701887
gradual_treatment,never,True,1023,-12108.090648132518,-12108.090648132518,0,0,False,0,False,0,False,,,-0.605404532406625
gradual_treatment,never,True,1024,-7557.475459701382,-7557.475459701382,0,0,False,0,False,0,False,,,-0.37787377298506947
gradual_treatment,never,True,1025,-8431.645081273567,-8431.645081273567,0,0,False,0,False,0,False,,,-0.42158225406367905
gradual_treatment,never,True,1026,-33.74637934915518,-33.74637934915518,0,0,False,0,False,0,False,,,-0.0016873189674581112
gradual_treatment,never,True,1027,-1476.8048971541066,-1476.8048971541066,0,0,False,0,False,0,False,,,-0.07384024485770758
gradual_treatment,never,True,1028,-1668.6617364132744,-1668.6617364132744,0,0,False,0,False,0,False,,,-0.08343308682066272
gradual_treatment,never,True,1029,-6689.488927236371,-6689.488927236371,0,0,False,0,False,0,False,,,-0.33447444636181856
gradual_treatment,periodic,True,1000,-10270.836791373027,-9020.836791373027,5,5,True,1,True,4,True,14.0,0.0,-0.4510418395686515
gradual_treatment,periodic,True,1001,1045.6853278325516,2295.6853278325516,5,5,True,1,True,4,True,14.0,0.0,0.11478426639162688
gradual_treatment,periodic,True,1002,-1943.1204174391478,-693.1204174391478,5,5,True,1,True,4,True,14.0,0.0,-0.03465602087195819
gradual_treatment,periodic,True,1003,28463.680483042182,29713.680483042182,5,5,True,1,True,4,True,14.0,0.0,1.48568402415211
gradual_treatment,periodic,True,1004,-5104.733624400313,-3854.7336244003127,5,5,True,1,True,4,True,14.0,0.0,-0.19273668122001492
gradual_treatment,periodic,True,1005,-1554.1281259641692,-304.12812596416916,5,5,True,1,True,4,True,14.0,0.0,-0.015206406298208712
gradual_treatment,periodic,True,1006,-11637.440506675066,-10387.440506675066,5,5,True,1,True,4,True,14.0,0.0,-0.519372025333753
gradual_treatment,periodic,True,1007,-16861.457061098834,-15611.457061098834,5,5,True,1,True,4,True,14.0,0.0,-0.7805728530549416
gradual_treatment,periodic,True,1008,-30684.702091787483,-29434.702091787483,5,5,True,1,True,4,True,14.0,0.0,-1.4717351045893738
gradual_treatment,periodic,True,1009,-5807.948239136468,-4557.948239136468,5,5,True,1,True,4,True,14.0,0.0,-0.2278974119568234
gradual_treatment,periodic,True,1010,15808.079635347549,17058.07963534755,5,5,True,1,True,4,True,14.0,0.0,0.8529039817673773
gradual_treatment,periodic,True,1011,8977.616972088656,10227.616972088656,5,5,True,1,True,4,True,14.0,0.0,0.5113808486044334
gradual_treatment,periodic,True,1012,12679.603302053616,13929.603302053616,5,5,True,1,True,4,True,14.0,0.0,0.6964801651026791
gradual_treatment,periodic,True,1013,34279.732805304615,35529.732805304615,5,5,True,1,True,4,True,14.0,0.0,1.7764866402652313
gradual_treatment,periodic,True,1014,6161.667680428205,7411.667680428205,5,5,True,1,True,4,True,14.0,0.0,0.37058338402141083
gradual_treatment,periodic,True,1015,12383.121162157895,13633.121162157895,5,5,True,1,True,4,True,14.0,0.0,0.6816560581078958
gradual_treatment,periodic,True,1016,17540.751387165285,18790.751387165285,5,5,True,1,True,4,True,14.0,0.0,0.9395375693582646
gradual_treatment,periodic,True,1017,27651.610005825427,28901.610005825427,5,5,True,1,True,4,True,14.0,0.0,1.4450805002912726
gradual_treatment,periodic,True,1018,19753.753176436992,21003.753176436992,5,5,True,1,True,4,True,14.0,0.0,1.0501876588218493
gradual_treatment,periodic,True,1019,12377.941517669691,13627.941517669691,5,5,True,1,True,4,True,14.0,0.0,0.6813970758834837
gradual_treatment,periodic,True,1020,14494.194860671683,15744.194860671683,5,5,True,1,True,4,True,14.0,0.0,0.7872097430335839
gradual_treatment,periodic,True,1021,3947.103465609305,5197.103465609305,5,5,True,1,True,4,True,14.0,0.0,0.25985517328046576
gradual_treatment,periodic,True,1022,6094.78004191432,7344.78004191432,5,5,True,1,True,4,True,14.0,0.0,0.36723900209571636
gradual_treatment,periodic,True,1023,2918.4567280320425,4168.4567280320425,5,5,True,1,True,4,True,14.0,0.0,0.2084228364016016
gradual_treatment,periodic,True,1024,-16730.822874507212,-15480.822874507212,5,5,True,1,True,4,True,14.0,0.0,-0.7740411437253616
gradual_treatment,periodic,True,1025,-3663.3406658711624,-2413.3406658711624,5,5,True,1,True,4,True,14.0,0.0,-0.12066703329355882
gradual_treatment,periodic,True,1026,19486.794583827945,20736.794583827945,5,5,True,1,True,4,True,14.0,0.0,1.0368397291913982
gradual_treatment,periodic,True,1027,15157.173646607065,16407.173646607065,5,5,True,1,True,4,True,14.0,0.0,0.8203586823303533
gradual_treatment,periodic,True,1028,13260.542605527316,14510.542605527316,5,5,True,1,True,4,True,14.0,0.0,0.7255271302763672
gradual_treatment,periodic,True,1029,26567.688822960707,27817.688822960707,5,5,True,1,True,4,True,14.0,0.0,1.3908844411480343
gradual_treatment,feature_drift,True,1000,-6141.6914649458595,-6141.6914649458595,0,0,False,0,False,0,False,,,-0.3070845732472928
gradual_treatment,feature_drift,True,1001,3183.0408685396324,3183.0408685396324,0,0,False,0,False,0,False,,,0.15915204342698183
gradual_treatment,feature_drift,True,1002,-9890.672334453966,-9890.672334453966,0,0,False,0,False,0,False,,,-0.4945336167226985
gradual_treatment,feature_drift,True,1003,-9101.474577488718,-9101.474577488718,0,0,False,0,False,0,False,,,-0.4550737288744363
gradual_treatment,feature_drift,True,1004,-4282.8616369506635,-4282.8616369506635,0,0,False,0,False,0,False,,,-0.2141430818475323
gradual_treatment,feature_drift,True,1005,-25143.571642401133,-24893.571642401133,1,1,True,0,False,1,True,14.0,0.0,-1.244678582120057
gradual_treatment,feature_drift,True,1006,2401.0168522905115,2401.0168522905115,0,0,False,0,False,0,False,,,0.12005084261452623
gradual_treatment,feature_drift,True,1007,-9737.244115259922,-9737.244115259922,0,0,False,0,False,0,False,,,-0.48686220576299566
gradual_treatment,feature_drift,True,1008,-4229.243118216693,-4229.243118216693,0,0,False,0,False,0,False,,,-0.21146215591083467
gradual_treatment,feature_drift,True,1009,-3749.9335007968493,-3749.9335007968493,0,0,False,0,False,0,False,,,-0.18749667503984255
gradual_treatment,feature_drift,True,1010,11085.774222360693,11335.774222360693,1,1,True,0,False,1,True,26.0,12.0,0.5667887111180346
gradual_treatment,feature_drift,True,1011,-8140.3595124206,-8140.3595124206,0,0,False,0,False,0,False,,,-0.4070179756210298
gradual_treatment,feature_drift,True,1012,-3919.377949006406,-3919.377949006406,0,0,False,0,False,0,False,,,-0.19596889745032242
gradual_treatment,feature_drift,True,1013,-8170.2253812378185,-8170.2253812378185,0,0,False,0,False,0,False,,,-0.40851126906189167
gradual_treatment,feature_drift,True,1014,502.76494566475776,502.76494566475776,0,0,False,0,False,0,False,,,0.025138247283237616
gradual_treatment,feature_drift,True,1015,-11244.581652385079,-11244.581652385079,0,0,False,0,False,0,False,,,-0.5622290826192551
gradual_treatment,feature_drift,True,1016,-12898.356690059933,-12898.356690059933,0,0,False,0,False,0,False,,,-0.6449178345029956
gradual_treatment,feature_drift,True,1017,-3334.7308731060766,-3334.7308731060766,0,0,False,0,False,0,False,,,-0.16673654365530355
gradual_treatment,feature_drift,True,1018,-708.7102538760009,-708.7102538760009,0,0,False,0,False,0,False,,,-0.035435512693800034
gradual_treatment,feature_drift,True,1019,-1089.4757654937493,-1089.4757654937493,0,0,False,0,False,0,False,,,-0.05447378827468803
gradual_treatment,feature_drift,True,1020,-2090.2212335324475,-2090.2212335324475,0,0,False,0,False,0,False,,,-0.10451106167662111
gradual_treatment,feature_drift,True,1021,-2649.609039860532,-2649.609039860532,0,0,False,0,False,0,False,,,-0.13248045199302638
gradual_treatment,feature_drift,True,1022,-4580.21525534035,-4580.21525534035,0,0,False,0,False,0,False,,,-0.22901076276701887
gradual_treatment,feature_drift,True,1023,-12108.090648132518,-12108.090648132518,0,0,False,0,False,0,False,,,-0.605404532406625
gradual_treatment,feature_drift,True,1024,-7557.475459701382,-7557.475459701382,0,0,False,0,False,0,False,,,-0.37787377298506947
gradual_treatment,feature_drift,True,1025,-8431.645081273567,-8431.645081273567,0,0,False,0,False,0,False,,,-0.42158225406367905
gradual_treatment,feature_drift,True,1026,-33.74637934915518,-33.74637934915518,0,0,False,0,False,0,False,,,-0.0016873189674581112
gradual_treatment,feature_drift,True,1027,-1476.8048971541066,-1476.8048971541066,0,0,False,0,False,0,False,,,-0.07384024485770758
gradual_treatment,feature_drift,True,1028,-1668.6617364132744,-1668.6617364132744,0,0,False,0,False,0,False,,,-0.08343308682066272
gradual_treatment,feature_drift,True,1029,-6689.488927236371,-6689.488927236371,0,0,False,0,False,0,False,,,-0.33447444636181856
gradual_treatment,performance,True,1000,-6141.6914649458595,-6141.6914649458595,0,0,False,0,False,0,False,,,-0.3070845732472928
gradual_treatment,performance,True,1001,3183.0408685396324,3183.0408685396324,0,0,False,0,False,0,False,,,0.15915204342698183
gradual_treatment,performance,True,1002,-12280.472543179838,-12030.472543179838,1,1,True,0,False,1,True,19.0,5.0,-0.6015236271589927
gradual_treatment,performance,True,1003,-9101.474577488718,-9101.474577488718,0,0,False,0,False,0,False,,,-0.4550737288744363
gradual_treatment,performance,True,1004,-4282.8616369506635,-4282.8616369506635,0,0,False,0,False,0,False,,,-0.2141430818475323
gradual_treatment,performance,True,1005,-7391.572781088493,-7391.572781088493,0,0,False,0,False,0,False,,,-0.36957863905442523
gradual_treatment,performance,True,1006,2401.0168522905115,2401.0168522905115,0,0,False,0,False,0,False,,,0.12005084261452623
gradual_treatment,performance,True,1007,-9987.244115259922,-9737.244115259922,1,1,True,0,False,1,True,29.0,15.0,-0.48686220576299566
gradual_treatment,performance,True,1008,-4229.243118216693,-4229.243118216693,0,0,False,0,False,0,False,,,-0.21146215591083467
gradual_treatment,performance,True,1009,-3749.9335007968493,-3749.9335007968493,0,0,False,0,False,0,False,,,-0.18749667503984255
gradual_treatment,performance,True,1010,-3428.21272338384,-3428.21272338384,0,0,False,0,False,0,False,,,-0.17141063616919197
gradual_treatment,performance,True,1011,-8140.3595124206,-8140.3595124206,0,0,False,0,False,0,False,,,-0.4070179756210298
gradual_treatment,performance,True,1012,8524.25457977103,8774.25457977103,1,1,True,0,False,1,True,19.0,5.0,0.43871272898854996
gradual_treatment,performance,True,1013,-8170.2253812378185,-8170.2253812378185,0,0,False,0,False,0,False,,,-0.40851126906189167
gradual_treatment,performance,True,1014,502.76494566475776,502.76494566475776,0,0,False,0,False,0,False,,,0.025138247283237616
gradual_treatment,performance,True,1015,-11244.581652385079,-11244.581652385079,0,0,False,0,False,0,False,,,-0.5622290826192551
gradual_treatment,performance,True,1016,-12898.356690059933,-12898.356690059933,0,0,False,0,False,0,False,,,-0.6449178345029956
gradual_treatment,performance,True,1017,18498.478961168345,18748.478961168345,1,1,True,0,False,1,True,22.0,8.0,0.9374239480584177
gradual_treatment,performance,True,1018,-708.7102538760009,-708.7102538760009,0,0,False,0,False,0,False,,,-0.035435512693800034
gradual_treatment,performance,True,1019,-1089.4757654937493,-1089.4757654937493,0,0,False,0,False,0,False,,,-0.05447378827468803
gradual_treatment,performance,True,1020,-2090.2212335324475,-2090.2212335324475,0,0,False,0,False,0,False,,,-0.10451106167662111
gradual_treatment,performance,True,1021,-2649.609039860532,-2649.609039860532,0,0,False,0,False,0,False,,,-0.13248045199302638
gradual_treatment,performance,True,1022,-4580.21525534035,-4580.21525534035,0,0,False,0,False,0,False,,,-0.22901076276701887
gradual_treatment,performance,True,1023,-12108.090648132518,-12108.090648132518,0,0,False,0,False,0,False,,,-0.605404532406625
gradual_treatment,performance,True,1024,-7557.475459701382,-7557.475459701382,0,0,False,0,False,0,False,,,-0.37787377298506947
gradual_treatment,performance,True,1025,-28993.059345185167,-28493.059345185167,2,2,True,1,True,1,True,15.0,1.0,-1.424652967259259
gradual_treatment,performance,True,1026,-33.74637934915518,-33.74637934915518,0,0,False,0,False,0,False,,,-0.0016873189674581112
gradual_treatment,performance,True,1027,45903.21088454249,46153.21088454249,1,1,True,0,False,1,True,22.0,8.0,2.3076605442271227
gradual_treatment,performance,True,1028,-1668.6617364132744,-1668.6617364132744,0,0,False,0,False,0,False,,,-0.08343308682066272
gradual_treatment,performance,True,1029,-6689.488927236371,-6689.488927236371,0,0,False,0,False,0,False,,,-0.33447444636181856
gradual_treatment,cate_shift,True,1000,-1522.5245009276887,-1272.5245009276887,1,1,True,0,False,1,True,22.0,8.0,-0.06362622504638438
gradual_treatment,cate_shift,True,1001,24386.319613405507,25136.319613405507,3,3,True,1,True,2,True,24.0,10.0,1.2568159806702746
gradual_treatment,cate_shift,True,1002,-19816.0733140826,-19316.0733140826,2,2,True,1,True,1,True,28.0,14.0,-0.9658036657041309
gradual_treatment,cate_shift,True,1003,-14566.585983210129,-13816.585983210129,3,3,True,1,True,2,True,17.0,3.0,-0.6908292991605046
gradual_treatment,cate_shift,True,1004,40352.20704132665,40602.20704132665,1,1,True,0,False,1,True,21.0,7.0,2.0301103520663344
gradual_treatment,cate_shift,True,1005,34497.033177907586,34747.033177907586,1,1,True,0,False,1,True,23.0,9.0,1.737351658895379
gradual_treatment,cate_shift,True,1006,23512.975312453324,24012.975312453324,2,2,True,1,True,1,True,21.0,7.0,1.2006487656226663
gradual_treatment,cate_shift,True,1007,-10212.856702252415,-9462.856702252415,3,3,True,1,True,2,True,17.0,3.0,-0.47314283511262106
gradual_treatment,cate_shift,True,1008,-4229.243118216693,-4229.243118216693,0,0,False,0,False,0,False,,,-0.21146215591083467
gradual_treatment,cate_shift,True,1009,5586.040748622314,5836.040748622314,1,1,True,0,False,1,True,25.0,11.0,0.2918020374311156
gradual_treatment,cate_shift,True,1010,29000.882971281844,29250.882971281844,1,1,True,0,False,1,True,24.0,10.0,1.4625441485640922
gradual_treatment,cate_shift,True,1011,17367.67922637813,17617.67922637813,1,1,True,0,False,1,True,20.0,6.0,0.8808839613189073
gradual_treatment,cate_shift,True,1012,16043.882376426818,16543.882376426816,2,2,True,1,True,1,True,20.0,6.0,0.827194118821341
gradual_treatment,cate_shift,True,1013,38514.89928209218,38764.89928209218,1,1,True,0,False,1,True,20.0,6.0,1.9382449641046071
gradual_treatment,cate_shift,True,1014,13784.353124773326,14284.353124773326,2,2,True,1,True,1,True,25.0,11.0,0.7142176562386657
gradual_treatment,cate_shift,True,1015,9835.638154908756,10085.638154908756,1,1,True,0,False,1,True,23.0,9.0,0.5042819077454369
gradual_treatment,cate_shift,True,1016,2239.0052280191903,2989.0052280191903,3,3,True,1,True,2,True,18.0,4.0,0.14945026140095966
gradual_treatment,cate_shift,True,1017,10051.760779861332,10301.760779861332,1,1,True,0,False,1,True,21.0,7.0,0.515088038993067
gradual_treatment,cate_shift,True,1018,-8729.209620873306,-8479.209620873306,1,1,True,0,False,1,True,17.0,3.0,-0.42396048104366585
gradual_treatment,cate_shift,True,1019,4559.931148793459,4809.931148793459,1,1,True,0,False,1,True,19.0,5.0,0.24049655743967258
gradual_treatment,cate_shift,True,1020,19484.57134777968,19734.57134777968,1,1,True,0,False,1,True,21.0,7.0,0.9867285673889853
gradual_treatment,cate_shift,True,1021,14103.922324946909,14353.922324946909,1,1,True,0,False,1,True,25.0,11.0,0.7176961162473456
gradual_treatment,cate_shift,True,1022,16136.35982052704,16886.35982052704,3,3,True,1,True,2,True,19.0,5.0,0.844317991026351
gradual_treatment,cate_shift,True,1023,-9349.621303855822,-8849.621303855822,2,2,True,1,True,1,True,20.0,6.0,-0.44248106519279146
gradual_treatment,cate_shift,True,1024,-7557.475459701382,-7557.475459701382,0,0,False,0,False,0,False,,,-0.37787377298506947
gradual_treatment,cate_shift,True,1025,21196.93689640815,21446.93689640815,1,1,True,0,False,1,True,22.0,8.0,1.072346844820407
gradual_treatment,cate_shift,True,1026,18272.614548634225,18522.614548634225,1,1,True,0,False,1,True,19.0,5.0,0.9261307274317104
gradual_treatment,cate_shift,True,1027,36532.260165207095,37032.260165207095,2,2,True,0,False,2,True,17.0,3.0,1.8516130082603544
gradual_treatment,cate_shift,True,1028,-1918.6617364132744,-1668.6617364132744,1,1,True,0,False,1,True,29.0,15.0,-0.08343308682066272
gradual_treatment,cate_shift,True,1029,38786.115796023165,39036.115796023165,1,1,True,0,False,1,True,21.0,7.0,1.951805789801158
gradual_treatment,policy_value,True,1000,-5353.413924464184,-3353.4139244641838,8,8,True,2,True,6,True,20.0,6.0,-0.1676706962232098
gradual_treatment,policy_value,True,1001,19850.340254321516,22350.340254321516,10,10,True,0,False,10,True,14.0,0.0,1.1175170127160758
gradual_treatment,policy_value,True,1002,6709.167421367938,11209.167421367938,18,18,True,2,True,16,True,14.0,0.0,0.5604583710683967
gradual_treatment,policy_value,True,1003,18228.94967964108,20478.94967964108,9,9,True,2,True,7,True,22.0,8.0,1.0239474839820546
gradual_treatment,policy_value,True,1004,21238.647239946244,24738.647239946244,14,14,True,2,True,12,True,15.0,1.0,1.2369323619973127
gradual_treatment,policy_value,True,1005,14256.519907869435,17256.519907869435,12,12,True,3,True,9,True,14.0,0.0,0.8628259953934717
gradual_treatment,policy_value,True,1006,13326.848937050368,16826.848937050367,14,14,True,2,True,12,True,14.0,0.0,0.8413424468525182
gradual_treatment,policy_value,True,1007,-21006.127341820767,-17006.127341820767,16,16,True,7,True,9,True,17.0,3.0,-0.8503063670910384
gradual_treatment,policy_value,True,1008,-26863.196302044285,-25113.196302044285,7,7,True,1,True,6,True,14.0,0.0,-1.2556598151022151
gradual_treatment,policy_value,True,1009,6629.533165049854,9629.533165049854,12,12,True,2,True,10,True,14.0,0.0,0.4814766582524921
gradual_treatment,policy_value,True,1010,26016.72746519556,28766.72746519556,11,11,True,0,False,11,True,14.0,0.0,1.4383363732597787
gradual_treatment,policy_value,True,1011,37532.8200248498,39532.8200248498,8,8,True,0,False,8,True,14.0,0.0,1.9766410012424902
gradual_treatment,policy_value,True,1012,43720.625479509996,44970.625479509996,5,5,True,0,False,5,True,19.0,5.0,2.248531273975498
gradual_treatment,policy_value,True,1013,53985.82542186027,55485.82542186027,6,6,True,0,False,6,True,18.0,4.0,2.7742912710930114
gradual_treatment,policy_value,True,1014,32608.156808750864,34858.156808750864,9,9,True,0,False,9,True,19.0,5.0,1.7429078404375429
gradual_treatment,policy_value,True,1015,3387.02276191683,6637.02276191683,13,13,True,3,True,10,True,18.0,4.0,0.33185113809584144
gradual_treatment,policy_value,True,1016,35904.99621056874,39404.99621056874,14,14,True,2,True,12,True,17.0,3.0,1.9702498105284356
gradual_treatment,policy_value,True,1017,41220.90806987114,42970.90806987114,7,7,True,0,False,7,True,19.0,5.0,2.1485454034935576
gradual_treatment,policy_value,True,1018,34569.38806346164,37569.38806346164,12,12,True,1,True,11,True,16.0,2.0,1.878469403173081
gradual_treatment,policy_value,True,1019,27513.820653559844,29013.820653559844,6,6,True,1,True,5,True,20.0,6.0,1.4506910326779934
gradual_treatment,policy_value,True,1020,17703.005975323093,19953.005975323093,9,9,True,1,True,8,True,16.0,2.0,0.9976502987661547
gradual_treatment,policy_value,True,1021,15018.792841265109,19018.79284126511,16,16,True,2,True,14,True,16.0,2.0,0.9509396420632548
gradual_treatment,policy_value,True,1022,25126.19232960382,26876.19232960382,7,7,True,1,True,6,True,21.0,7.0,1.3438096164801911
gradual_treatment,policy_value,True,1023,17152.935654872264,19902.935654872264,11,11,True,1,True,10,True,20.0,6.0,0.9951467827436121
gradual_treatment,policy_value,True,1024,-10606.869475571555,-6356.869475571555,17,17,True,5,True,12,True,14.0,0.0,-0.31784347377857747
gradual_treatment,policy_value,True,1025,12899.994570397123,15649.994570397123,11,11,True,0,False,11,True,15.0,1.0,0.7824997285198557
gradual_treatment,policy_value,True,1026,24023.23045035846,27773.23045035846,15,15,True,0,False,15,True,14.0,0.0,1.3886615225179226
gradual_treatment,policy_value,True,1027,28227.058621567623,32727.058621567623,18,18,True,5,True,13,True,15.0,1.0,1.6363529310783804
gradual_treatment,policy_value,True,1028,21715.73667107437,24215.73667107437,10,10,True,0,False,10,True,17.0,3.0,1.210786833553719
gradual_treatment,policy_value,True,1029,30389.57263613935,33389.572636139346,12,12,True,5,True,7,True,18.0,4.0,1.6694786318069672
gradual_treatment,policy_value_confident,False,1000,1716.4528537367241,1966.4528537367241,1,1,True,0,False,1,True,24.0,10.0,0.09832264268683623
gradual_treatment,policy_value_confident,False,1001,13854.579176972315,14604.579176972315,3,3,True,0,False,3,True,27.0,13.0,0.7302289588486158
gradual_treatment,policy_value_confident,False,1002,-659.448976272125,590.551023727875,5,5,True,2,True,3,True,14.0,0.0,0.029527551186392564
gradual_treatment,policy_value_confident,False,1003,24172.28000111635,25172.28000111635,4,4,True,0,False,4,True,23.0,9.0,1.2586140000558175
gradual_treatment,policy_value_confident,False,1004,32305.329979328966,33555.32997932896,5,5,True,0,False,5,True,19.0,5.0,1.6777664989664487
gradual_treatment,policy_value_confident,False,1005,26288.21039955825,27288.21039955825,4,4,True,1,True,3,True,23.0,9.0,1.3644105199779117
gradual_treatment,policy_value_confident,False,1006,12327.857327193202,13577.857327193202,5,5,True,0,False,5,True,15.0,1.0,0.6788928663596602
gradual_treatment,policy_value_confident,False,1007,111.60227795951232,611.6022779595123,2,2,True,0,False,2,True,26.0,12.0,0.03058011389797606
gradual_treatment,policy_value_confident,False,1008,-3866.166741128045,-3616.166741128045,1,1,True,0,False,1,True,27.0,13.0,-0.18080833705640223
gradual_treatment,policy_value_confident,False,1009,-3749.9335007968493,-3749.9335007968493,0,0,False,0,False,0,False,,,-0.18749667503984255
gradual_treatment,policy_value_confident,False,1010,29082.281522612408,30332.281522612408,5,5,True,0,False,5,True,22.0,8.0,1.5166140761306202
gradual_treatment,policy_value_confident,False,1011,39137.746591712,40887.746591712,7,7,True,0,False,7,True,15.0,1.0,2.0443873295856005
gradual_treatment,policy_value_confident,False,1012,42153.10421208728,42653.10421208728,2,2,True,0,False,2,True,21.0,7.0,2.1326552106043626
gradual_treatment,policy_value_confident,False,1013,51567.55501462715,52817.55501462715,5,5,True,0,False,5,True,18.0,4.0,2.6408777507313554
gradual_treatment,policy_value_confident,False,1014,28388.32703767464,29638.32703767464,5,5,True,0,False,5,True,20.0,6.0,1.4819163518837317
gradual_treatment,policy_value_confident,False,1015,23671.17963465023,24921.17963465023,5,5,True,0,False,5,True,22.0,8.0,1.2460589817325105
gradual_treatment,policy_value_confident,False,1016,28599.367027454016,30349.367027454016,7,7,True,0,False,7,True,16.0,2.0,1.5174683513727
gradual_treatment,policy_value_confident,False,1017,28722.128628025326,29722.128628025326,4,4,True,0,False,4,True,21.0,7.0,1.4861064314012669
gradual_treatment,policy_value_confident,False,1018,40425.15295002213,42425.15295002213,8,8,True,0,False,8,True,16.0,2.0,2.121257647501106
gradual_treatment,policy_value_confident,False,1019,36333.567489649264,36833.567489649264,2,2,True,0,False,2,True,21.0,7.0,1.841678374482463
gradual_treatment,policy_value_confident,False,1020,28465.645725912476,29715.645725912476,5,5,True,0,False,5,True,23.0,9.0,1.485782286295625
gradual_treatment,policy_value_confident,False,1021,31815.286563684094,34065.286563684094,9,9,True,0,False,9,True,20.0,6.0,1.7032643281842053
gradual_treatment,policy_value_confident,False,1022,9718.719825861017,11218.719825861017,6,6,True,2,True,4,True,14.0,0.0,0.5609359912930512
gradual_treatment,policy_value_confident,False,1023,13459.287790369955,15209.287790369955,7,7,True,0,False,7,True,23.0,9.0,0.7604643895184988
gradual_treatment,policy_value_confident,False,1024,18697.949645211775,20197.949645211775,6,6,True,0,False,6,True,17.0,3.0,1.0098974822605877
gradual_treatment,policy_value_confident,False,1025,13406.234750182226,15406.234750182226,8,8,True,0,False,8,True,16.0,2.0,0.7703117375091105
gradual_treatment,policy_value_confident,False,1026,25201.968858310796,26951.968858310796,7,7,True,0,False,7,True,15.0,1.0,1.3475984429155397
gradual_treatment,policy_value_confident,False,1027,48078.58828326873,48828.58828326873,3,3,True,0,False,3,True,22.0,8.0,2.441429414163435
gradual_treatment,policy_value_confident,False,1028,5038.89032496951,5538.89032496951,2,2,True,0,False,2,True,26.0,12.0,0.2769445162484765
gradual_treatment,policy_value_confident,False,1029,29202.330604328945,30202.330604328945,4,4,True,0,False,4,True,23.0,9.0,1.510116530216447
recurring_treatment,never,True,1000,75529.12755968615,75529.12755968615,0,0,False,0,False,0,False,,,3.7764563779843057
recurring_treatment,never,True,1001,85329.35083960198,85329.35083960198,0,0,False,0,False,0,False,,,4.2664675419800995
recurring_treatment,never,True,1002,76644.14398428127,76644.14398428127,0,0,False,0,False,0,False,,,3.8322071992140625
recurring_treatment,never,True,1003,73098.62230925294,73098.62230925294,0,0,False,0,False,0,False,,,3.654931115462647
recurring_treatment,never,True,1004,77778.65890286079,77778.65890286079,0,0,False,0,False,0,False,,,3.8889329451430394
recurring_treatment,never,True,1005,77417.34260341406,77417.34260341406,0,0,False,0,False,0,False,,,3.870867130170704
recurring_treatment,never,True,1006,84221.97057030773,84221.97057030773,0,0,False,0,False,0,False,,,4.211098528515387
recurring_treatment,never,True,1007,76426.51342930792,76426.51342930792,0,0,False,0,False,0,False,,,3.8213256714653965
recurring_treatment,never,True,1008,79719.95808580889,79719.95808580889,0,0,False,0,False,0,False,,,3.985997904290444
recurring_treatment,never,True,1009,79927.06239800848,79927.06239800848,0,0,False,0,False,0,False,,,3.996353119900424
recurring_treatment,never,True,1010,78874.01183814617,78874.01183814617,0,0,False,0,False,0,False,,,3.9437005919073083
recurring_treatment,never,True,1011,75450.82390523479,75450.82390523479,0,0,False,0,False,0,False,,,3.77254119526174
recurring_treatment,never,True,1012,81543.07561848263,81543.07561848263,0,0,False,0,False,0,False,,,4.077153780924132
recurring_treatment,never,True,1013,78676.69130286868,78676.69130286868,0,0,False,0,False,0,False,,,3.9338345651434334
recurring_treatment,never,True,1014,83990.53583086192,83990.53583086192,0,0,False,0,False,0,False,,,4.1995267915430965
recurring_treatment,never,True,1015,73171.63594981775,73171.63594981775,0,0,False,0,False,0,False,,,3.658581797490888
recurring_treatment,never,True,1016,69749.67613938317,69749.67613938317,0,0,False,0,False,0,False,,,3.4874838069691583
recurring_treatment,never,True,1017,76994.74254070799,76994.74254070799,0,0,False,0,False,0,False,,,3.8497371270354
recurring_treatment,never,True,1018,84687.97897452077,84687.97897452077,0,0,False,0,False,0,False,,,4.234398948726037
recurring_treatment,never,True,1019,83677.69719743692,83677.69719743692,0,0,False,0,False,0,False,,,4.1838848598718466
recurring_treatment,never,True,1020,82952.22923868963,82952.22923868963,0,0,False,0,False,0,False,,,4.147611461934482
recurring_treatment,never,True,1021,79559.2613360828,79559.2613360828,0,0,False,0,False,0,False,,,3.9779630668041404
recurring_treatment,never,True,1022,77409.78889992012,77409.78889992012,0,0,False,0,False,0,False,,,3.870489444996007
recurring_treatment,never,True,1023,71368.81566741588,71368.81566741588,0,0,False,0,False,0,False,,,3.568440783370794
recurring_treatment,never,True,1024,76583.45232004364,76583.45232004364,0,0,False,0,False,0,False,,,3.829172616002181
recurring_treatment,never,True,1025,72787.9956429258,72787.9956429258,0,0,False,0,False,0,False,,,3.639399782146291
recurring_treatment,never,True,1026,82802.61123250176,82802.61123250176,0,0,False,0,False,0,False,,,4.140130561625088
recurring_treatment,never,True,1027,84075.35353140735,84075.35353140735,0,0,False,0,False,0,False,,,4.203767676570366
recurring_treatment,never,True,1028,80598.17408500578,80598.17408500578,0,0,False,0,False,0,False,,,4.029908704250289
recurring_treatment,never,True,1029,75422.35034528573,75422.35034528573,0,0,False,0,False,0,False,,,3.771117517264287
recurring_treatment,periodic,True,1000,64350.57756453907,65600.57756453907,5,5,True,1,True,4,True,14.0,0.0,3.280028878226954
recurring_treatment,periodic,True,1001,38181.00509402773,39431.00509402773,5,5,True,1,True,4,True,14.0,0.0,1.9715502547013872
recurring_treatment,periodic,True,1002,48426.71684262174,49676.71684262174,5,5,True,1,True,4,True,14.0,0.0,2.483835842131087
recurring_treatment,periodic,True,1003,52178.895679729525,53428.895679729525,5,5,True,1,True,4,True,14.0,0.0,2.6714447839864777
recurring_treatment,periodic,True,1004,47558.083145873126,48808.083145873126,5,5,True,1,True,4,True,14.0,0.0,2.440404157293657
recurring_treatment,periodic,True,1005,30899.053059439604,32149.053059439604,5,5,True,1,True,4,True,14.0,0.0,1.6074526529719801
recurring_treatment,periodic,True,1006,33185.22713297706,34435.22713297706,5,5,True,1,True,4,True,14.0,0.0,1.721761356648853
recurring_treatment,periodic,True,1007,52894.916547198256,54144.916547198256,5,5,True,1,True,4,True,14.0,0.0,2.707245827359912
recurring_treatment,periodic,True,1008,45795.2734737831,47045.2734737831,5,5,True,1,True,4,True,14.0,0.0,2.3522636736891553
recurring_treatment,periodic,True,1009,62177.96549754526,63427.96549754526,5,5,True,1,True,4,True,14.0,0.0,3.1713982748772622
recurring_treatment,periodic,True,1010,52810.01801286455,54060.01801286455,5,5,True,1,True,4,True,14.0,0.0,2.7030009006432265
recurring_treatment,periodic,True,1011,55363.496356831136,56613.496356831136,5,5,True,1,True,4,True,14.0,0.0,2.830674817841558
recurring_treatment,periodic,True,1012,67062.73645849309,68312.73645849309,5,5,True,1,True,4,True,14.0,0.0,3.4156368229246534
recurring_treatment,periodic,True,1013,50284.025300845286,51534.025300845286,5,5,True,1,True,4,True,14.0,0.0,2.5767012650422636
recurring_treatment,periodic,True,1014,55506.692952823025,56756.692952823025,5,5,True,1,True,4,True,14.0,0.0,2.837834647641152
recurring_treatment,periodic,True,1015,44257.63613551291,45507.63613551291,5,5,True,1,True,4,True,14.0,0.0,2.2753818067756466
recurring_treatment,periodic,True,1016,53156.20737244812,54406.20737244812,5,5,True,1,True,4,True,14.0,0.0,2.7203103686224064
recurring_treatment,periodic,True,1017,50589.15788120248,51839.15788120248,5,5,True,1,True,4,True,14.0,0.0,2.5919578940601244
recurring_treatment,periodic,True,1018,50799.805681259386,52049.805681259386,5,5,True,1,True,4,True,14.0,0.0,2.602490284062969
recurring_treatment,periodic,True,1019,50880.02679676939,52130.02679676939,5,5,True,1,True,4,True,14.0,0.0,2.606501339838469
recurring_treatment,periodic,True,1020,43853.3506293441,45103.3506293441,5,5,True,1,True,4,True,14.0,0.0,2.2551675314672064
recurring_treatment,periodic,True,1021,42661.39535110571,43911.39535110571,5,5,True,1,True,4,True,14.0,0.0,2.195569767555286
recurring_treatment,periodic,True,1022,31783.868324127372,33033.86832412737,5,5,True,1,True,4,True,14.0,0.0,1.6516934162063692
recurring_treatment,periodic,True,1023,46147.359895102105,47397.359895102105,5,5,True,1,True,4,True,14.0,0.0,2.3698679947551042
recurring_treatment,periodic,True,1024,46820.30280891107,48070.30280891107,5,5,True,1,True,4,True,14.0,0.0,2.4035151404455526
recurring_treatment,periodic,True,1025,46751.729779888294,48001.729779888294,5,5,True,1,True,4,True,14.0,0.0,2.4000864889944147
recurring_treatment,periodic,True,1026,50334.056896057125,51584.056896057125,5,5,True,1,True,4,True,14.0,0.0,2.579202844802856
recurring_treatment,periodic,True,1027,38054.06718884618,39304.06718884618,5,5,True,1,True,4,True,14.0,0.0,1.9652033594423088
recurring_treatment,periodic,True,1028,35919.64883333712,37169.64883333712,5,5,True,1,True,4,True,14.0,0.0,1.8584824416668553
recurring_treatment,periodic,True,1029,60162.630323698286,61412.630323698286,5,5,True,1,True,4,True,14.0,0.0,3.0706315161849123
recurring_treatment,feature_drift,True,1000,75529.12755968615,75529.12755968615,0,0,False,0,False,0,False,,,3.7764563779843057
recurring_treatment,feature_drift,True,1001,85329.35083960198,85329.35083960198,0,0,False,0,False,0,False,,,4.2664675419800995
recurring_treatment,feature_drift,True,1002,76644.14398428127,76644.14398428127,0,0,False,0,False,0,False,,,3.8322071992140625
recurring_treatment,feature_drift,True,1003,73098.62230925294,73098.62230925294,0,0,False,0,False,0,False,,,3.654931115462647
recurring_treatment,feature_drift,True,1004,77778.65890286079,77778.65890286079,0,0,False,0,False,0,False,,,3.8889329451430394
recurring_treatment,feature_drift,True,1005,31756.33774001294,32006.33774001294,1,1,True,0,False,1,True,14.0,0.0,1.6003168870006468
recurring_treatment,feature_drift,True,1006,84221.97057030773,84221.97057030773,0,0,False,0,False,0,False,,,4.211098528515387
recurring_treatment,feature_drift,True,1007,76426.51342930792,76426.51342930792,0,0,False,0,False,0,False,,,3.8213256714653965
recurring_treatment,feature_drift,True,1008,79719.95808580889,79719.95808580889,0,0,False,0,False,0,False,,,3.985997904290444
recurring_treatment,feature_drift,True,1009,79927.06239800848,79927.06239800848,0,0,False,0,False,0,False,,,3.996353119900424
recurring_treatment,feature_drift,True,1010,64879.86027418684,65129.86027418684,1,1,True,0,False,1,True,26.0,12.0,3.256493013709341
recurring_treatment,feature_drift,True,1011,75450.82390523479,75450.82390523479,0,0,False,0,False,0,False,,,3.77254119526174
recurring_treatment,feature_drift,True,1012,81543.07561848263,81543.07561848263,0,0,False,0,False,0,False,,,4.077153780924132
recurring_treatment,feature_drift,True,1013,78676.69130286868,78676.69130286868,0,0,False,0,False,0,False,,,3.9338345651434334
recurring_treatment,feature_drift,True,1014,83990.53583086192,83990.53583086192,0,0,False,0,False,0,False,,,4.1995267915430965
recurring_treatment,feature_drift,True,1015,73171.63594981775,73171.63594981775,0,0,False,0,False,0,False,,,3.658581797490888
recurring_treatment,feature_drift,True,1016,69749.67613938317,69749.67613938317,0,0,False,0,False,0,False,,,3.4874838069691583
recurring_treatment,feature_drift,True,1017,76994.74254070799,76994.74254070799,0,0,False,0,False,0,False,,,3.8497371270354
recurring_treatment,feature_drift,True,1018,84687.97897452077,84687.97897452077,0,0,False,0,False,0,False,,,4.234398948726037
recurring_treatment,feature_drift,True,1019,83677.69719743692,83677.69719743692,0,0,False,0,False,0,False,,,4.1838848598718466
recurring_treatment,feature_drift,True,1020,82952.22923868963,82952.22923868963,0,0,False,0,False,0,False,,,4.147611461934482
recurring_treatment,feature_drift,True,1021,79559.2613360828,79559.2613360828,0,0,False,0,False,0,False,,,3.9779630668041404
recurring_treatment,feature_drift,True,1022,77409.78889992012,77409.78889992012,0,0,False,0,False,0,False,,,3.870489444996007
recurring_treatment,feature_drift,True,1023,71368.81566741588,71368.81566741588,0,0,False,0,False,0,False,,,3.568440783370794
recurring_treatment,feature_drift,True,1024,76583.45232004364,76583.45232004364,0,0,False,0,False,0,False,,,3.829172616002181
recurring_treatment,feature_drift,True,1025,72787.9956429258,72787.9956429258,0,0,False,0,False,0,False,,,3.639399782146291
recurring_treatment,feature_drift,True,1026,82802.61123250176,82802.61123250176,0,0,False,0,False,0,False,,,4.140130561625088
recurring_treatment,feature_drift,True,1027,84075.35353140735,84075.35353140735,0,0,False,0,False,0,False,,,4.203767676570366
recurring_treatment,feature_drift,True,1028,80598.17408500578,80598.17408500578,0,0,False,0,False,0,False,,,4.029908704250289
recurring_treatment,feature_drift,True,1029,75422.35034528573,75422.35034528573,0,0,False,0,False,0,False,,,3.771117517264287
recurring_treatment,performance,True,1000,75529.12755968615,75529.12755968615,0,0,False,0,False,0,False,,,3.7764563779843057
recurring_treatment,performance,True,1001,51031.16638911071,51281.16638911071,1,1,True,0,False,1,True,15.0,1.0,2.564058319455536
recurring_treatment,performance,True,1002,56982.29635204829,57232.29635204829,1,1,True,0,False,1,True,25.0,11.0,2.861614817602413
recurring_treatment,performance,True,1003,73098.62230925294,73098.62230925294,0,0,False,0,False,0,False,,,3.654931115462647
recurring_treatment,performance,True,1004,77778.65890286079,77778.65890286079,0,0,False,0,False,0,False,,,3.8889329451430394
recurring_treatment,performance,True,1005,77417.34260341406,77417.34260341406,0,0,False,0,False,0,False,,,3.870867130170704
recurring_treatment,performance,True,1006,84221.97057030773,84221.97057030773,0,0,False,0,False,0,False,,,4.211098528515387
recurring_treatment,performance,True,1007,76426.51342930792,76426.51342930792,0,0,False,0,False,0,False,,,3.8213256714653965
recurring_treatment,performance,True,1008,79719.95808580889,79719.95808580889,0,0,False,0,False,0,False,,,3.985997904290444
recurring_treatment,performance,True,1009,79927.06239800848,79927.06239800848,0,0,False,0,False,0,False,,,3.996353119900424
recurring_treatment,performance,True,1010,78874.01183814617,78874.01183814617,0,0,False,0,False,0,False,,,3.9437005919073083
recurring_treatment,performance,True,1011,75450.82390523479,75450.82390523479,0,0,False,0,False,0,False,,,3.77254119526174
recurring_treatment,performance,True,1012,81543.07561848263,81543.07561848263,0,0,False,0,False,0,False,,,4.077153780924132
recurring_treatment,performance,True,1013,78676.69130286868,78676.69130286868,0,0,False,0,False,0,False,,,3.9338345651434334
recurring_treatment,performance,True,1014,83990.53583086192,83990.53583086192,0,0,False,0,False,0,False,,,4.1995267915430965
recurring_treatment,performance,True,1015,73171.63594981775,73171.63594981775,0,0,False,0,False,0,False,,,3.658581797490888
recurring_treatment,performance,True,1016,69749.67613938317,69749.67613938317,0,0,False,0,False,0,False,,,3.4874838069691583
recurring_treatment,performance,True,1017,60858.2457943559,61608.2457943559,3,3,True,0,False,3,True,22.0,8.0,3.0804122897177955
recurring_treatment,performance,True,1018,84687.97897452077,84687.97897452077,0,0,False,0,False,0,False,,,4.234398948726037
recurring_treatment,performance,True,1019,60424.83705495644,60674.83705495644,1,1,True,0,False,1,True,16.0,2.0,3.033741852747821
recurring_treatment,performance,True,1020,82952.22923868963,82952.22923868963,0,0,False,0,False,0,False,,,4.147611461934482
recurring_treatment,performance,True,1021,79559.2613360828,79559.2613360828,0,0,False,0,False,0,False,,,3.9779630668041404
recurring_treatment,performance,True,1022,77409.78889992012,77409.78889992012,0,0,False,0,False,0,False,,,3.870489444996007
recurring_treatment,performance,True,1023,71368.81566741588,71368.81566741588,0,0,False,0,False,0,False,,,3.568440783370794
recurring_treatment,performance,True,1024,76583.45232004364,76583.45232004364,0,0,False,0,False,0,False,,,3.829172616002181
recurring_treatment,performance,True,1025,39888.837808559634,41638.837808559634,7,7,True,1,True,6,True,15.0,1.0,2.081941890427982
recurring_treatment,performance,True,1026,66993.08243249885,67243.08243249885,1,1,True,0,False,1,True,16.0,2.0,3.362154121624942
recurring_treatment,performance,True,1027,56992.323715901184,57492.323715901184,2,2,True,0,False,2,True,15.0,1.0,2.8746161857950585
recurring_treatment,performance,True,1028,80598.17408500578,80598.17408500578,0,0,False,0,False,0,False,,,4.029908704250289
recurring_treatment,performance,True,1029,75422.35034528573,75422.35034528573,0,0,False,0,False,0,False,,,3.771117517264287
recurring_treatment,cate_shift,True,1000,75529.12755968615,75529.12755968615,0,0,False,0,False,0,False,,,3.7764563779843057
recurring_treatment,cate_shift,True,1001,57386.01727651413,57886.01727651413,2,2,True,1,True,1,True,24.0,10.0,2.8943008638257077
recurring_treatment,cate_shift,True,1002,37747.27882513333,37997.27882513333,1,1,True,1,True,0,False,,,1.8998639412566662
recurring_treatment,cate_shift,True,1003,47755.600539784275,48755.600539784275,4,4,True,1,True,3,True,17.0,3.0,2.4377800269892136
recurring_treatment,cate_shift,True,1004,77778.65890286079,77778.65890286079,0,0,False,0,False,0,False,,,3.8889329451430394
recurring_treatment,cate_shift,True,1005,57150.04967392163,57400.04967392163,1,1,True,0,False,1,True,24.0,10.0,2.8700024836960822
recurring_treatment,cate_shift,True,1006,44956.162373108426,46706.162373108426,7,7,True,1,True,6,True,14.0,0.0,2.335308118655421
recurring_treatment,cate_shift,True,1007,67877.35274955357,68877.35274955357,4,4,True,1,True,3,True,16.0,2.0,3.4438676374776787
recurring_treatment,cate_shift,True,1008,24445.07833822001,24695.07833822001,1,1,True,0,False,1,True,15.0,1.0,1.2347539169109996
recurring_treatment,cate_shift,True,1009,28083.359310057793,28583.359310057793,2,2,True,0,False,2,True,16.0,2.0,1.4291679655028888
recurring_treatment,cate_shift,True,1010,63982.39167510484,64232.39167510484,1,1,True,0,False,1,True,24.0,10.0,3.211619583755241
recurring_treatment,cate_shift,True,1011,47214.0220516431,47464.0220516431,1,1,True,0,False,1,True,16.0,2.0,2.373201102582156
recurring_treatment,cate_shift,True,1012,51264.72817853207,52014.72817853207,3,3,True,1,True,2,True,18.0,4.0,2.600736408926603
recurring_treatment,cate_shift,True,1013,52339.293119629525,53089.293119629525,3,3,True,0,False,3,True,16.0,2.0,2.6544646559814753
recurring_treatment,cate_shift,True,1014,67502.28955540179,68252.28955540179,3,3,True,1,True,2,True,16.0,2.0,3.4126144777700875
recurring_treatment,cate_shift,True,1015,57763.71112658806,58013.71112658806,1,1,True,0,False,1,True,23.0,9.0,2.900685556329403
recurring_treatment,cate_shift,True,1016,48271.50280404514,48521.50280404514,1,1,True,1,True,0,False,,,2.4260751402022565
recurring_treatment,cate_shift,True,1017,56026.83654583449,56776.83654583449,3,3,True,0,False,3,True,16.0,2.0,2.8388418272917244
recurring_treatment,cate_shift,True,1018,65633.34429910069,66383.34429910069,3,3,True,0,False,3,True,15.0,1.0,3.3191672149550353
recurring_treatment,cate_shift,True,1019,60424.83705495644,60674.83705495644,1,1,True,0,False,1,True,16.0,2.0,3.033741852747821
recurring_treatment,cate_shift,True,1020,63519.949422904145,63769.949422904145,1,1,True,0,False,1,True,17.0,3.0,3.1884974711452077
recurring_treatment,cate_shift,True,1021,64670.30633922343,64920.30633922343,1,1,True,0,False,1,True,25.0,11.0,3.246015316961172
recurring_treatment,cate_shift,True,1022,25009.790969179157,26009.790969179157,4,4,True,1,True,3,True,16.0,2.0,1.3004895484589583
recurring_treatment,cate_shift,True,1023,51912.581852060874,52662.581852060874,3,3,True,1,True,2,True,15.0,1.0,2.6331290926030433
recurring_treatment,cate_shift,True,1024,51883.10836221716,52883.10836221716,4,4,True,0,False,4,True,16.0,2.0,2.6441554181108584
recurring_treatment,cate_shift,True,1025,37165.2726244106,37665.2726244106,2,2,True,0,False,2,True,17.0,3.0,1.8832636312205295
recurring_treatment,cate_shift,True,1026,71605.19482531723,71855.19482531723,1,1,True,0,False,1,True,24.0,10.0,3.5927597412658603
recurring_treatment,cate_shift,True,1027,44143.938101003136,45143.938101003136,4,4,True,0,False,4,True,15.0,1.0,2.257196905050156
recurring_treatment,cate_shift,True,1028,80598.17408500578,80598.17408500578,0,0,False,0,False,0,False,,,4.029908704250289
recurring_treatment,cate_shift,True,1029,45487.63740124476,45737.63740124476,1,1,True,0,False,1,True,25.0,11.0,2.2868818700622384
recurring_treatment,policy_value,True,1000,49532.94392164998,51532.94392164998,8,8,True,2,True,6,True,16.0,2.0,2.5766471960824986
recurring_treatment,policy_value,True,1001,43973.6059441044,45973.6059441044,8,8,True,0,False,8,True,14.0,0.0,2.2986802972052205
recurring_treatment,policy_value,True,1002,57267.07158383761,59517.07158383761,9,9,True,2,True,7,True,14.0,0.0,2.97585357919188
recurring_treatment,policy_value,True,1003,53080.63751280846,54830.63751280846,7,7,True,2,True,5,True,16.0,2.0,2.7415318756404234
recurring_treatment,policy_value,True,1004,37076.42875234444,38826.42875234444,7,7,True,2,True,5,True,15.0,1.0,1.9413214376172212
recurring_treatment,policy_value,True,1005,27864.419316453117,31864.419316453117,16,16,True,3,True,13,True,14.0,0.0,1.5932209658226553
recurring_treatment,policy_value,True,1006,28824.3259892138,31824.3259892138,12,12,True,2,True,10,True,14.0,0.0,1.5912162994606893
recurring_treatment,policy_value,True,1007,40484.739402320025,42984.739402320025,10,10,True,7,True,3,True,16.0,2.0,2.1492369701160015
recurring_treatment,policy_value,True,1008,42012.34458259009,43512.34458259009,6,6,True,1,True,5,True,14.0,0.0,2.1756172291295055
recurring_treatment,policy_value,True,1009,42856.900534374836,45356.900534374836,10,10,True,2,True,8,True,14.0,0.0,2.2678450267187404
recurring_treatment,policy_value,True,1010,47817.65173857988,49567.65173857988,7,7,True,0,False,7,True,14.0,0.0,2.4783825869289937
recurring_treatment,policy_value,True,1011,54452.955088467555,56202.955088467555,7,7,True,0,False,7,True,14.0,0.0,2.810147754423379
recurring_treatment,policy_value,True,1012,53248.69607165094,55248.69607165094,8,8,True,0,False,8,True,17.0,3.0,2.762434803582547
recurring_treatment,policy_value,True,1013,38603.32015412811,40603.32015412811,8,8,True,0,False,8,True,16.0,2.0,2.0301660077064043
recurring_treatment,policy_value,True,1014,34513.120185879125,37013.120185879125,10,10,True,0,False,10,True,14.0,0.0,1.8506560092939563
recurring_treatment,policy_value,True,1015,33852.10056343568,36352.10056343568,10,10,True,3,True,7,True,18.0,4.0,1.8176050281717835
recurring_treatment,policy_value,True,1016,55967.66736330021,58467.66736330021,10,10,True,2,True,8,True,14.0,0.0,2.9233833681650094
recurring_treatment,policy_value,True,1017,42727.11404966311,44977.11404966311,9,9,True,0,False,9,True,17.0,3.0,2.2488557024831555
recurring_treatment,policy_value,True,1018,57444.27555884647,59444.27555884647,8,8,True,1,True,7,True,15.0,1.0,2.972213777942323
recurring_treatment,policy_value,True,1019,24103.280377084717,26353.280377084717,9,9,True,1,True,8,True,16.0,2.0,1.3176640188542352
recurring_treatment,policy_value,True,1020,47057.771350408606,49307.771350408606,9,9,True,1,True,8,True,16.0,2.0,2.4653885675204292
recurring_treatment,policy_value,True,1021,33950.81880774579,37200.81880774579,13,13,True,2,True,11,True,14.0,0.0,1.860040940387289
recurring_treatment,policy_value,True,1022,30724.769773869215,33474.769773869215,11,11,True,1,True,10,True,14.0,0.0,1.6737384886934612
recurring_treatment,policy_value,True,1023,29277.708141632593,31777.708141632593,10,10,True,1,True,9,True,15.0,1.0,1.5888854070816292
recurring_treatment,policy_value,True,1024,43471.58147193746,46721.58147193746,13,13,True,5,True,8,True,14.0,0.0,2.3360790735968733
recurring_treatment,policy_value,True,1025,41367.16466456091,43117.16466456091,7,7,True,0,False,7,True,15.0,1.0,2.1558582332280456
recurring_treatment,policy_value,True,1026,44858.296862753785,48108.296862753785,13,13,True,0,False,13,True,14.0,0.0,2.4054148431376894
recurring_treatment,policy_value,True,1027,34948.982296840324,39198.982296840324,17,17,True,5,True,12,True,15.0,1.0,1.9599491148420167
recurring_treatment,policy_value,True,1028,22496.16434894189,24746.16434894189,9,9,True,0,False,9,True,14.0,0.0,1.237308217447095
recurring_treatment,policy_value,True,1029,39654.964305768386,42904.964305768386,13,13,True,5,True,8,True,16.0,2.0,2.1452482152884187
recurring_treatment,policy_value_confident,False,1000,58834.74698476834,59334.74698476834,2,2,True,0,False,2,True,16.0,2.0,2.966737349238416
recurring_treatment,policy_value_confident,False,1001,67451.91249655608,67701.91249655608,1,1,True,0,False,1,True,23.0,9.0,3.385095624827805
recurring_treatment,policy_value_confident,False,1002,55271.40786087459,57021.40786087459,7,7,True,2,True,5,True,14.0,0.0,2.851070393043729
recurring_treatment,policy_value_confident,False,1003,55336.13138234928,56336.13138234928,4,4,True,0,False,4,True,16.0,2.0,2.816806569117465
recurring_treatment,policy_value_confident,False,1004,42809.037075411754,43309.037075411754,2,2,True,0,False,2,True,16.0,2.0,2.165451853770587
recurring_treatment,policy_value_confident,False,1005,32276.14570974059,33526.145709740595,5,5,True,1,True,4,True,15.0,1.0,1.6763072854870293
recurring_treatment,policy_value_confident,False,1006,39876.480303783304,41376.480303783304,6,6,True,0,False,6,True,15.0,1.0,2.0688240151891653
recurring_treatment,policy_value_confident,False,1007,76426.51342930792,76426.51342930792,0,0,False,0,False,0,False,,,3.8213256714653965
recurring_treatment,policy_value_confident,False,1008,79719.95808580889,79719.95808580889,0,0,False,0,False,0,False,,,3.985997904290444
recurring_treatment,policy_value_confident,False,1009,39332.85013969064,40582.85013969064,5,5,True,0,False,5,True,15.0,1.0,2.0291425069845315
recurring_treatment,policy_value_confident,False,1010,44408.10053796828,45158.10053796828,3,3,True,0,False,3,True,14.0,0.0,2.2579050268984138
recurring_treatment,policy_value_confident,False,1011,60807.63174118595,62057.63174118595,5,5,True,0,False,5,True,15.0,1.0,3.1028815870592985
recurring_treatment,policy_value_confident,False,1012,81543.07561848263,81543.07561848263,0,0,False,0,False,0,False,,,4.077153780924132
recurring_treatment,policy_value_confident,False,1013,51752.638243572066,52502.638243572066,3,3,True,0,False,3,True,16.0,2.0,2.6251319121786025
recurring_treatment,policy_value_confident,False,1014,60311.53706267761,61061.53706267761,3,3,True,0,False,3,True,16.0,2.0,3.0530768531338803
recurring_treatment,policy_value_confident,False,1015,45443.09047298086,46193.09047298086,3,3,True,0,False,3,True,17.0,3.0,2.3096545236490424
recurring_treatment,policy_value_confident,False,1016,52056.84704903463,53556.84704903463,6,6,True,0,False,6,True,16.0,2.0,2.6778423524517314
recurring_treatment,policy_value_confident,False,1017,45530.56599682014,47280.56599682014,7,7,True,0,False,7,True,18.0,4.0,2.3640282998410074
recurring_treatment,policy_value_confident,False,1018,63673.38675068565,64923.38675068565,5,5,True,0,False,5,True,15.0,1.0,3.246169337534282
recurring_treatment,policy_value_confident,False,1019,44146.126768729104,44646.126768729104,2,2,True,0,False,2,True,17.0,3.0,2.232306338436455
recurring_treatment,policy_value_confident,False,1020,50661.74744814845,51911.74744814845,5,5,True,0,False,5,True,17.0,3.0,2.5955873724074228
recurring_treatment,policy_value_confident,False,1021,79559.2613360828,79559.2613360828,0,0,False,0,False,0,False,,,3.9779630668041404
recurring_treatment,policy_value_confident,False,1022,28413.189967152935,29913.189967152935,6,6,True,2,True,4,True,14.0,0.0,1.4956594983576466
recurring_treatment,policy_value_confident,False,1023,43745.984141549234,44745.984141549234,4,4,True,0,False,4,True,16.0,2.0,2.2372992070774615
recurring_treatment,policy_value_confident,False,1024,64036.48168470109,65786.48168470108,7,7,True,0,False,7,True,15.0,1.0,3.2893240842350555
recurring_treatment,policy_value_confident,False,1025,40515.0482936194,41515.0482936194,4,4,True,0,False,4,True,16.0,2.0,2.0757524146809696
recurring_treatment,policy_value_confident,False,1026,36962.7132869189,38962.7132869189,8,8,True,0,False,8,True,15.0,1.0,1.9481356643459449
recurring_treatment,policy_value_confident,False,1027,53328.90246703689,55828.90246703689,10,10,True,0,False,10,True,15.0,1.0,2.791445123351844
recurring_treatment,policy_value_confident,False,1028,53073.2036081188,53323.2036081188,1,1,True,0,False,1,True,22.0,8.0,2.6661601804059423
recurring_treatment,policy_value_confident,False,1029,45762.910416131184,47512.910416131184,7,7,True,0,False,7,True,16.0,2.0,2.3756455208065583
