benchmark_drift,benchmark_trigger,step,mean_step_net_value,mean_cumulative_net_value,mean_oracle_value_per_customer,mean_true_cate,mean_predicted_uplift,mean_policy_treatment_rate,mean_actual_treatment_rate,mean_feature_drift,mean_brier,mean_cate_shift,request_rate,retrain_rate
covariate,cate_shift,5,8832.272594799093,8832.272594799093,11.040340743498865,0.0804650517457554,0.07777455989707503,0.25,0.27775,0.033886458333333334,0.21347064614057168,,0.0,0.0
covariate,cate_shift,6,8799.93798664585,17632.210581444942,11.052005816640644,0.08160472241919353,0.07806138402382837,0.25,0.27595833333333336,0.032962499999999985,0.21392920729110157,0.1786469347762118,0.16666666666666666,0.16666666666666666
covariate,cate_shift,7,8707.509563032047,26339.72014447699,10.88438695379006,0.08071764844851384,0.07637949538637649,0.25,0.2743333333333334,0.032791666666666656,0.21559358044455668,0.1490667089143338,0.0,0.0
covariate,cate_shift,8,8686.851763795392,35026.57190827238,10.858564704744241,0.08064468709914178,0.07622093796250663,0.25,0.27408333333333335,0.03228333333333332,0.21282281462749503,0.14386013391308125,0.0,0.0
covariate,cate_shift,9,8826.724258603168,43853.296166875545,11.043821989920625,0.08161511411715858,0.07694187783044842,0.25,0.275125,0.03393749999999999,0.21375055219847094,0.14880134036426573,0.03333333333333333,0.03333333333333333
covariate,cate_shift,10,8594.175359616533,52447.47152649208,10.753135866187332,0.08117655333091109,0.07589978392678925,0.25,0.272875,0.03493333333333333,0.2139507010311409,0.14423628668463434,0.03333333333333333,0.03333333333333333
covariate,cate_shift,11,8636.297397330876,61083.76892382296,10.805788413330264,0.08106221461154882,0.07335150751305321,0.25,0.27449999999999997,0.0336625,0.21276774748353297,0.14907070538819547,0.03333333333333333,0.03333333333333333
covariate,cate_shift,12,8511.026997066752,69594.79592088971,10.659617079666775,0.08042146511811366,0.07561012510855004,0.25,0.2758333333333333,0.03346666666666666,0.21500110815702217,0.16822458007900473,0.06666666666666667,0.06666666666666667
covariate,cate_shift,13,8297.372207496654,77892.16812838636,10.371715259370818,0.08122687544591475,0.07384207438674235,0.25,0.275,0.033781249999999985,0.21637231667887302,0.15367188614433766,0.0,0.0
covariate,cate_shift,14,13736.065301903966,91628.23343029033,17.180498294046625,0.1417701978406688,0.12609567639123115,0.25,0.27541666666666664,0.1992395833333333,0.23707713569405772,0.15401428216897636,0.03333333333333333,0.03333333333333333
covariate,cate_shift,15,13868.368290762382,105496.6017210527,17.387543696786313,0.1415678690415882,0.12189454848128106,0.25,0.27720833333333333,0.19854166666666667,0.23620652725571947,0.16760595707780496,0.16666666666666666,0.16666666666666666
covariate,cate_shift,16,13568.982881687545,119065.58460274026,17.034145268776097,0.14061040535816846,0.12836465254362386,0.25,0.2750416666666667,0.18797395833333333,0.2370085299826883,0.19992585763838008,0.23333333333333334,0.23333333333333334
covariate,cate_shift,17,13292.949006786048,132358.53360952632,16.637019591815893,0.14094314484013426,0.1285958094975937,0.25,0.27275000000000005,0.16312291666666665,0.2390759997660564,0.16680547529432446,0.06666666666666667,0.06666666666666667
covariate,cate_shift,18,13118.98450768256,145477.51811720888,16.3987306346032,0.14053601427416731,0.1281942144113603,0.25,0.27391666666666664,0.15656979166666665,0.2379822942621363,0.16613768081708857,0.0,0.0
covariate,cate_shift,19,13170.767524244613,158648.2856414535,16.5155427386391,0.14121871976315967,0.12847318752463513,0.25,0.27158333333333334,0.15785729166666665,0.23810090642894383,0.17323878470207457,0.16666666666666666,0.16666666666666666
covariate,cate_shift,20,13095.171083735968,171743.45672518943,16.421047188003296,0.1420375204026896,0.13272537740062568,0.25,0.27316666666666667,0.13611041666666665,0.23919195399326582,0.18334950844328615,0.16666666666666666,0.16666666666666666
covariate,cate_shift,21,13040.476710555986,184783.93343574545,16.352679221528312,0.14114726917458045,0.13038953577068074,0.25,0.27316666666666667,0.11735104166666664,0.2407698906346102,0.1725309000885187,0.16666666666666666,0.16666666666666666
covariate,cate_shift,22,12988.619457477414,197772.55289322283,16.29827432184677,0.14141858613623132,0.13906496341558486,0.25,0.2763333333333333,0.10220312499999999,0.24262546660973067,0.17419543802361379,0.2,0.2
covariate,cate_shift,23,12935.879728393811,210708.43262161667,16.1906829938256,0.14152497163497138,0.133148029034682,0.25,0.27449999999999997,0.09061249999999998,0.24252059623846423,0.17723172562844536,0.06666666666666667,0.06666666666666667
covariate,cate_shift,24,12994.15748366993,223702.5901052866,16.315613521254075,0.14123652358851257,0.1323264331887982,0.25,0.276375,0.09086875,0.2404040629543899,0.183418292073822,0.23333333333333334,0.23333333333333334
covariate,cate_shift,25,12637.472335883933,236340.06244117054,15.869757086521581,0.14207158831906766,0.13168545935659004,0.25,0.2748333333333333,0.08005624999999998,0.24381731992075464,0.19766666768780147,0.23333333333333334,0.23333333333333334
covariate,cate_shift,26,12305.151421318733,248645.21386248927,15.402272609981749,0.14189950949117244,0.14205931960091117,0.25,0.27558333333333335,0.06652708333333332,0.2420576629290716,0.17527854043991614,0.06666666666666667,0.06666666666666667
covariate,cate_shift,27,12133.168108126882,260778.38197061612,15.249793468491934,0.14074931583975517,0.14702675504591017,0.25,0.2735,0.06584374999999999,0.24234960481109805,0.19239901820480895,0.26666666666666666,0.26666666666666666
covariate,cate_shift,28,12202.466121598556,272980.84809221467,15.315582651998197,0.1414202237048539,0.15091147529898688,0.25,0.27691666666666664,0.06034270833333332,0.24121955277623736,0.2010048593799875,0.2,0.2
covariate,cate_shift,29,12150.865712654955,285131.7138048697,15.240665474152028,0.14078342027351784,0.15457261549502915,0.25,0.276375,0.05468020833333333,0.24118677627601268,0.16438641298818216,0.16666666666666666,0.16666666666666666
covariate,feature_drift,5,8832.272594799093,8832.272594799093,11.040340743498865,0.0804650517457554,0.07777455989707503,0.25,0.27775,0.033886458333333334,0.21347064614057168,,0.0,0.0
covariate,feature_drift,6,8841.604653312515,17673.877248111607,11.052005816640644,0.08160472241919353,0.07806138402382837,0.25,0.27595833333333336,0.032962499999999985,0.21392920729110157,0.1786469347762118,0.0,0.0
covariate,feature_drift,7,8802.338151245913,26476.215399357523,11.00292268905739,0.08071764844851384,0.07770890629002587,0.25,0.27441666666666664,0.03274583333333332,0.21548558644925986,0.15013533613258526,0.0,0.0
covariate,feature_drift,8,8765.165434260165,35241.38083361769,10.956456792825207,0.08064468709914178,0.0777011438024903,0.25,0.27395833333333336,0.032383333333333326,0.21278875554924256,0.1436506271369178,0.0,0.0
covariate,feature_drift,9,8932.089154439247,44173.46998805694,11.16511144304906,0.08161511411715858,0.0784111437065742,0.25,0.27520833333333333,0.03369895833333333,0.21380889038218845,0.14773027814029593,0.0,0.0
covariate,feature_drift,10,8778.47956191032,52951.94954996726,10.973099452387903,0.08117655333091109,0.07830754427912676,0.25,0.27308333333333334,0.03493645833333332,0.2137311543467031,0.14610437593122755,0.0,0.0
covariate,feature_drift,11,8868.728897335644,61820.678447302904,11.085911121669557,0.08106221461154882,0.07792783895452007,0.25,0.27449999999999997,0.03394791666666666,0.21200648087033755,0.15360378891456639,0.0,0.0
covariate,feature_drift,12,8731.462146286673,70552.14059358957,10.91432768285834,0.08042146511811366,0.07723559779139925,0.25,0.27520833333333333,0.033078124999999986,0.21370684690035419,0.17299307389881818,0.0,0.0
covariate,feature_drift,13,8768.001662201708,79320.14225579127,10.960002077752135,0.08122687544591475,0.07868222317643905,0.25,0.27387500000000004,0.03389791666666665,0.21407755395591677,0.16026122204322293,0.0,0.0
covariate,feature_drift,14,14020.269279151727,93340.411534943,17.83783659893966,0.1417701978406688,0.12658107380770925,0.25,0.27445833333333336,0.1992,0.23326012376015642,0.15191591270727775,1.0,1.0
covariate,feature_drift,15,11862.873613924796,105203.28514886781,15.141092017405994,0.1415678690415882,0.15621408499490042,0.25,0.2782916666666667,0.1647802083333333,0.24630215856413903,0.14155674376602403,1.0,1.0
covariate,feature_drift,16,12031.617500444343,117234.90264931213,15.352021875555428,0.14061040535816846,0.1434213711921332,0.25,0.27666666666666667,0.12960520833333333,0.24547164879561267,0.17885671653117996,1.0,1.0
covariate,feature_drift,17,11857.824334084697,129092.72698339685,15.134780417605871,0.14094314484013426,0.13700908801646297,0.25,0.27370833333333333,0.09560520833333332,0.2457586189305857,0.14807579079850688,1.0,1.0
covariate,feature_drift,18,11968.64145786327,141061.3684412601,15.27330182232909,0.14053601427416731,0.1480830851531544,0.25,0.27366666666666667,0.06070624999999999,0.24439414499915915,0.1491694708503544,1.0,1.0
covariate,feature_drift,19,12529.619756209933,153590.98819747005,15.662024695262419,0.14121871976315967,0.14944128784298846,0.25,0.27425000000000005,0.034187499999999996,0.24506526981659651,0.16231381361895597,0.0,0.0
covariate,feature_drift,20,12505.992670507934,166096.980867978,15.632490838134919,0.1420375204026896,0.150333470957748,0.25,0.2732083333333334,0.033655208333333325,0.24394670026732848,0.19974304648658298,0.0,0.0
covariate,feature_drift,21,12546.352800393439,178643.3336683714,15.682941000491798,0.14114726917458045,0.15040919552404045,0.25,0.27387500000000004,0.03401458333333333,0.24553316095867042,0.2214937761640258,0.0,0.0
covariate,feature_drift,22,12694.902331848765,191338.2360002202,15.879044581477624,0.14141858613623132,0.15169181331167855,0.25,0.2758333333333333,0.03348749999999998,0.24598845152036178,0.2058881785489487,0.03333333333333333,0.03333333333333333
covariate,feature_drift,23,12352.69216680244,203690.92816702265,15.44086520850305,0.14152497163497138,0.14846708470335107,0.25,0.27420833333333333,0.03305416666666665,0.24690974123942067,0.2110834743109851,0.0,0.0
covariate,feature_drift,24,12529.223724174517,216220.15189119714,15.661529655218146,0.14123652358851257,0.14627521606108312,0.25,0.27579166666666666,0.03311979166666666,0.24558764443623826,0.2148354739648684,0.0,0.0
covariate,feature_drift,25,12414.67888498943,228634.83077618657,15.518348606236787,0.14207158831906766,0.14944994093574118,0.25,0.27458333333333335,0.03388229166666666,0.24787797547121887,0.2484688538351518,0.0,0.0
covariate,feature_drift,26,12357.801877509999,240992.63265369658,15.447252346887497,0.14189950949117244,0.14840636435416563,0.25,0.27425000000000005,0.033316666666666654,0.24526081678969372,0.23244178360637402,0.0,0.0
covariate,feature_drift,27,12246.843554805844,253239.47620850243,15.308554443507303,0.14074931583975517,0.14754197453117987,0.25,0.2732083333333334,0.032331249999999985,0.24543213973001168,0.224773097439627,0.0,0.0
covariate,feature_drift,28,12425.992576472043,265665.4687849745,15.542907387256719,0.1414202237048539,0.1482232414202947,0.25,0.2764166666666667,0.033233333333333316,0.24584764254889813,0.23233402748363738,0.03333333333333333,0.03333333333333333
covariate,feature_drift,29,12510.011244829839,278175.4800298043,15.6375140560373,0.14078342027351784,0.14906189152856256,0.25,0.27729166666666666,0.03367604166666665,0.24427823735994514,0.21038784416381537,0.0,0.0
covariate,never,5,8832.272594799093,8832.272594799093,11.040340743498865,0.0804650517457554,0.07777455989707503,0.25,0.27775,0.033886458333333334,0.21347064614057168,,0.0,0.0
covariate,never,6,8841.604653312515,17673.877248111607,11.052005816640644,0.08160472241919353,0.07806138402382837,0.25,0.27595833333333336,0.032962499999999985,0.21392920729110157,0.1786469347762118,0.0,0.0
covariate,never,7,8802.338151245913,26476.215399357523,11.00292268905739,0.08071764844851384,0.07770890629002587,0.25,0.27441666666666664,0.03274583333333332,0.21548558644925986,0.15013533613258526,0.0,0.0
covariate,never,8,8765.165434260165,35241.38083361769,10.956456792825207,0.08064468709914178,0.0777011438024903,0.25,0.27395833333333336,0.032383333333333326,0.21278875554924256,0.1436506271369178,0.0,0.0
covariate,never,9,8932.089154439247,44173.46998805694,11.16511144304906,0.08161511411715858,0.0784111437065742,0.25,0.27520833333333333,0.03369895833333333,0.21380889038218845,0.14773027814029593,0.0,0.0
covariate,never,10,8778.47956191032,52951.94954996726,10.973099452387903,0.08117655333091109,0.07830754427912676,0.25,0.27308333333333334,0.03493645833333332,0.2137311543467031,0.14610437593122755,0.0,0.0
covariate,never,11,8868.728897335644,61820.678447302904,11.085911121669557,0.08106221461154882,0.07792783895452007,0.25,0.27449999999999997,0.03394791666666666,0.21200648087033755,0.15360378891456639,0.0,0.0
covariate,never,12,8731.462146286673,70552.14059358957,10.91432768285834,0.08042146511811366,0.07723559779139925,0.25,0.27520833333333333,0.033078124999999986,0.21370684690035419,0.17299307389881818,0.0,0.0
covariate,never,13,8768.001662201708,79320.14225579127,10.960002077752135,0.08122687544591475,0.07868222317643905,0.25,0.27387500000000004,0.03389791666666665,0.21407755395591677,0.16026122204322293,0.0,0.0
covariate,never,14,14270.269279151727,93590.411534943,17.83783659893966,0.1417701978406688,0.12658107380770925,0.25,0.27445833333333336,0.1992,0.23326012376015642,0.15191591270727775,0.0,0.0
covariate,never,15,14441.599976069812,108032.01151101282,18.051999970087262,0.1415678690415882,0.12660481128511608,0.25,0.27745833333333336,0.19998333333333332,0.2328943866950507,0.16257920682277102,0.0,0.0
covariate,never,16,14219.317893880094,122251.32940489291,17.774147367350118,0.14061040535816846,0.12571723419897082,0.25,0.27579166666666666,0.19948749999999998,0.23411151859732965,0.1991063382252853,0.0,0.0
covariate,never,17,14309.327161859172,136560.6565667521,17.886658952323963,0.14094314484013426,0.12567953319099123,0.25,0.27275000000000005,0.19900312499999998,0.23360354357462365,0.17217980980360215,0.0,0.0
covariate,never,18,14185.466735783219,150746.1233025353,17.731833419729025,0.14053601427416731,0.1254965404422482,0.25,0.27395833333333336,0.1989177083333333,0.23241195163473682,0.1608270989431983,0.0,0.0
covariate,never,19,14297.719531064417,165043.84283359972,17.87214941383052,0.14121871976315967,0.12585484561834304,0.25,0.2723333333333333,0.20011041666666665,0.23329106808358724,0.1663995843865069,0.0,0.0
covariate,never,20,14284.891728861106,179328.73456246083,17.856114661076383,0.1420375204026896,0.1272978123532194,0.25,0.27395833333333336,0.19964374999999998,0.2337056433414316,0.18827247904695665,0.0,0.0
covariate,never,21,14331.921083008563,193660.65564546938,17.914901353760705,0.14114726917458045,0.12614950064633074,0.25,0.2734583333333333,0.19889479166666663,0.23427968486940007,0.17309818083258496,0.0,0.0
covariate,never,22,14534.964377717177,208195.62002318658,18.16870547214647,0.14141858613623132,0.1264928249452485,0.25,0.27591666666666664,0.19965,0.23500520441810274,0.16658177976757477,0.0,0.0
covariate,never,23,14312.35773265023,222507.9777558368,17.890447165812784,0.14152497163497138,0.12609011852848623,0.25,0.27520833333333333,0.1996875,0.23475158019282022,0.163483426647024,0.0,0.0
covariate,never,24,14344.122789097184,236852.100544934,17.93015348637148,0.14123652358851257,0.12633371856684453,0.25,0.27554166666666663,0.19977812499999997,0.23361749157144462,0.16089371308277683,0.0,0.0
covariate,never,25,14385.558551606577,251237.65909654053,17.98194818950822,0.14207158831906766,0.12674280212508213,0.25,0.2750416666666667,0.20027187499999996,0.23487503024993778,0.1897421268858314,0.0,0.0
covariate,never,26,14241.852473826573,265479.51157036715,17.802315592283215,0.14189950949117244,0.12669373334114895,0.25,0.27370833333333333,0.20032916666666664,0.23318658353798288,0.16611169369406012,0.0,0.0
covariate,never,27,14221.175450582185,279700.6870209493,17.77646931322773,0.14074931583975517,0.12591565235272503,0.25,0.27416666666666667,0.19917187499999997,0.23267146342102588,0.17011803758954958,0.0,0.0
covariate,never,28,14326.874299670782,294027.56132062007,17.90859287458848,0.1414202237048539,0.1261419041086954,0.25,0.277,0.19951249999999998,0.23228833430126639,0.18091522028774118,0.0,0.0
covariate,never,29,14402.526489520065,308430.08781014016,18.00315811190008,0.14078342027351784,0.12561362301215612,0.25,0.277,0.1997020833333333,0.2324223448823015,0.16342273295711537,0.0,0.0
covariate,performance,5,8832.272594799093,8832.272594799093,11.040340743498865,0.0804650517457554,0.07777455989707503,0.25,0.27775,0.033886458333333334,0.21347064614057168,,0.0,0.0
covariate,performance,6,8841.604653312515,17673.877248111607,11.052005816640644,0.08160472241919353,0.07806138402382837,0.25,0.27595833333333336,0.032962499999999985,0.21392920729110157,0.1786469347762118,0.0,0.0
covariate,performance,7,8802.338151245913,26476.215399357523,11.00292268905739,0.08071764844851384,0.07770890629002587,0.25,0.27441666666666664,0.03274583333333332,0.21548558644925986,0.15013533613258526,0.0,0.0
covariate,performance,8,8765.165434260165,35241.38083361769,10.956456792825207,0.08064468709914178,0.0777011438024903,0.25,0.27395833333333336,0.032383333333333326,0.21278875554924256,0.1436506271369178,0.0,0.0
covariate,performance,9,8932.089154439247,44173.46998805694,11.16511144304906,0.08161511411715858,0.0784111437065742,0.25,0.27520833333333333,0.03369895833333333,0.21380889038218845,0.14773027814029593,0.0,0.0
covariate,performance,10,8778.47956191032,52951.94954996726,10.973099452387903,0.08117655333091109,0.07830754427912676,0.25,0.27308333333333334,0.03493645833333332,0.2137311543467031,0.14610437593122755,0.0,0.0
covariate,performance,11,8868.728897335644,61820.678447302904,11.085911121669557,0.08106221461154882,0.07792783895452007,0.25,0.27449999999999997,0.03394791666666666,0.21200648087033755,0.15360378891456639,0.0,0.0
covariate,performance,12,8731.462146286673,70552.14059358957,10.91432768285834,0.08042146511811366,0.07723559779139925,0.25,0.27520833333333333,0.033078124999999986,0.21370684690035419,0.17299307389881818,0.0,0.0
covariate,performance,13,8759.668328868374,79311.80892245795,10.960002077752135,0.08122687544591475,0.07868222317643905,0.25,0.27387500000000004,0.03389791666666665,0.21407755395591677,0.16026122204322293,0.03333333333333333,0.03333333333333333
covariate,performance,14,13950.878887325443,93262.6878097834,17.678181942490138,0.1417701978406688,0.12181743191483038,0.249375,0.27395833333333336,0.19903854166666665,0.23390974085405244,0.15211949366423613,0.7666666666666667,0.7666666666666667
covariate,performance,15,12368.888435744615,105631.576245528,15.752777211347434,0.1415678690415882,0.14045056619148866,0.25,0.2779583333333333,0.1725020833333333,0.24226513385267553,0.1526044616318981,0.9333333333333333,0.9333333333333333
covariate,performance,16,12131.936099437584,117763.51234496558,15.46700345763031,0.14061040535816846,0.13990883439426463,0.25,0.27666666666666667,0.1339302083333333,0.24497783634365242,0.1783563005591864,0.9666666666666667,0.9666666666666667
covariate,performance,17,11977.538619568913,129741.0509645345,15.274006607794474,0.14094314484013426,0.13629609497743891,0.25,0.27370833333333333,0.09901249999999998,0.24511248209637646,0.14679384348764418,0.9666666666666667,0.9666666666666667
covariate,performance,18,12079.571628146765,141820.62259268126,15.391131201850124,0.14053601427416731,0.14933159921827627,0.25,0.27375,0.06515729166666666,0.24397646424133165,0.14706150832770518,0.9333333333333333,0.9333333333333333
covariate,performance,19,12409.62369377785,154230.24628645912,15.824529617222312,0.14121871976315967,0.1514425995548705,0.25,0.27420833333333333,0.040583333333333325,0.2444075181659929,0.16392802297388667,1.0,1.0
covariate,performance,20,12250.458537686576,166480.7048241457,15.62557317210822,0.1420375204026896,0.14058026176294414,0.25,0.2725,0.03339583333333332,0.2440767885953581,0.15681563855950145,1.0,1.0
covariate,performance,21,12059.981435899776,178540.68626004548,15.38747679487472,0.14114726917458045,0.14744918849372143,0.25,0.27375,0.03322291666666665,0.24375456126444744,0.14195499725165733,1.0,1.0
covariate,performance,22,12140.720269048998,190681.40652909447,15.48840033631125,0.14141858613623132,0.1504437437646257,0.25,0.275,0.03313124999999998,0.24432119495103696,0.14189413408089066,1.0,1.0
covariate,performance,23,12168.217946887478,202849.62447598195,15.522772433609349,0.14152497163497138,0.1412010266752782,0.25,0.27579166666666666,0.03223645833333332,0.24388998536197767,0.1621479885147294,1.0,1.0
covariate,performance,24,12404.6928643101,215254.31734029204,15.807949413720957,0.14123652358851257,0.14198427435016975,0.25,0.2763333333333334,0.03302187499999999,0.24139091626940357,0.14851076665970128,0.9666666666666667,0.9666666666666667
covariate,performance,25,12358.854907740437,227613.17224803247,15.740235301342212,0.14207158831906766,0.14120484216589904,0.25,0.27479166666666666,0.03393854166666664,0.24359956729743235,0.16934448247438016,0.9333333333333333,0.9333333333333333
covariate,performance,26,12365.776327496911,239978.9485755294,15.759303742704471,0.14189950949117244,0.1388300129317273,0.25,0.27541666666666664,0.03384687499999999,0.2419728143137256,0.15337202547061496,0.9666666666666667,0.9666666666666667
covariate,performance,27,12162.151361208887,252141.09993673826,15.51518920151111,0.14074931583975517,0.13633878087377846,0.25,0.275,0.03302083333333332,0.24218290021858546,0.15212483878846833,1.0,1.0
covariate,performance,28,12098.571228434974,264239.67116517323,15.414880702210382,0.1414202237048539,0.14321642383844016,0.25,0.276375,0.03284583333333333,0.24417922799497874,0.17009531443794926,0.9333333333333333,0.9333333333333333
covariate,performance,29,12234.254184672847,276473.92534984613,15.594901064174394,0.14078342027351784,0.15165135821587342,0.25,0.27687500000000004,0.03345729166666666,0.2407007433735443,0.1418029689444408,0.9666666666666667,0.9666666666666667
covariate,periodic,5,8832.272594799093,8832.272594799093,11.040340743498865,0.0804650517457554,0.07777455989707503,0.25,0.27775,0.033886458333333334,0.21347064614057168,,0.0,0.0
covariate,periodic,6,8841.604653312515,17673.877248111607,11.052005816640644,0.08160472241919353,0.07806138402382837,0.25,0.27595833333333336,0.032962499999999985,0.21392920729110157,0.1786469347762118,0.0,0.0
covariate,periodic,7,8802.338151245913,26476.215399357523,11.00292268905739,0.08071764844851384,0.07770890629002587,0.25,0.27441666666666664,0.03274583333333332,0.21548558644925986,0.15013533613258526,0.0,0.0
covariate,periodic,8,8765.165434260165,35241.38083361769,10.956456792825207,0.08064468709914178,0.0777011438024903,0.25,0.27395833333333336,0.032383333333333326,0.21278875554924256,0.1436506271369178,0.0,0.0
covariate,periodic,9,8682.089154439247,43923.46998805694,11.16511144304906,0.08161511411715858,0.0784111437065742,0.25,0.27520833333333333,0.03369895833333333,0.21380889038218845,0.14773027814029593,1.0,1.0
covariate,periodic,10,7127.727543248378,51051.19753130532,8.909659429060474,0.08117655333091109,0.08610180653764828,0.25,0.2719583333333333,0.03443333333333332,0.2227427460861732,0.12600191561059307,0.0,0.0
covariate,periodic,11,7166.253741082551,58217.451272387865,8.957817176353188,0.08106221461154882,0.08720386825652901,0.25,0.274125,0.033523958333333326,0.22004991008230604,0.15313703533940257,0.0,0.0
covariate,periodic,12,7098.137834039564,65315.589106427426,8.872672292549455,0.08042146511811366,0.08551350096881923,0.25,0.2753333333333333,0.03343645833333331,0.2235824129297346,0.1896513457561763,0.0,0.0
covariate,periodic,13,7103.162665163865,72418.7517715913,8.87895333145483,0.08122687544591475,0.08688281672224524,0.25,0.274625,0.033865624999999996,0.2224139584690505,0.18318718875644122,0.0,0.0
covariate,periodic,14,11889.85170862171,84308.60348021302,15.174814635777137,0.1417701978406688,0.1785811439008065,0.24908333333333335,0.27416666666666667,0.19867916666666663,0.24776447148494468,0.18399590188589207,1.0,1.0
covariate,periodic,15,12112.873613924796,96421.47709413781,15.141092017405994,0.1415678690415882,0.15621408499490042,0.25,0.2782916666666667,0.1647802083333333,0.24630215856413903,0.14155674376602403,0.0,0.0
covariate,periodic,16,11940.570528710403,108362.04762284821,14.925713160888003,0.14061040535816846,0.1559958619399022,0.25,0.277375,0.16428854166666665,0.2474445095382306,0.2001282934222678,0.0,0.0
covariate,periodic,17,11937.390926672935,120299.43854952115,14.921738658341168,0.14094314484013426,0.15399423562090656,0.25,0.27266666666666667,0.16452187499999998,0.24785808595492015,0.19623158466031965,0.0,0.0
covariate,periodic,18,11802.421149111968,132101.8596986331,14.75302643638996,0.14053601427416731,0.15588094164963406,0.25,0.2738333333333333,0.16352708333333332,0.24596754372869434,0.18157266942541017,0.0,0.0
covariate,periodic,19,11737.130207295972,143838.98990592908,14.983912759119965,0.14121871976315967,0.15484902405131945,0.25,0.27329166666666665,0.1651458333333333,0.2464711755231151,0.18709782248583054,1.0,1.0
covariate,periodic,20,12500.458537686576,156339.44844361566,15.62557317210822,0.1420375204026896,0.14058026176294414,0.25,0.2725,0.03339583333333332,0.2440767885953581,0.15681563855950145,0.0,0.0
covariate,periodic,21,12552.28472683346,168891.73317044912,15.690355908541825,0.14114726917458045,0.14000674213150885,0.25,0.2734166666666667,0.03360104166666666,0.24443432296385115,0.18457576915045698,0.0,0.0
covariate,periodic,22,12643.249011497508,181534.98218194663,15.804061264371883,0.14141858613623132,0.1406597564601534,0.25,0.274125,0.03340624999999999,0.2442520592499222,0.2008894451493832,0.0,0.0
covariate,periodic,23,12507.021545930944,194042.00372787757,15.63377693241368,0.14152497163497138,0.1415470340172068,0.25,0.27479166666666666,0.03257499999999999,0.24603579576759935,0.21053839729762513,0.0,0.0
covariate,periodic,24,12377.60885376598,206419.61258164357,15.784511067207474,0.14123652358851257,0.14044733189257697,0.25,0.276375,0.032891666666666666,0.24365694325183682,0.2122368283500609,1.0,1.0
covariate,periodic,25,12568.381340229658,218987.99392187322,15.710476675287072,0.14207158831906766,0.14119192638628272,0.25,0.27475,0.03392604166666664,0.24369071853720253,0.16884989605080472,0.0,0.0
covariate,periodic,26,12578.32199768222,231566.3159195554,15.722902497102776,0.14189950949117244,0.14286993973547704,0.25,0.27595833333333336,0.03390416666666665,0.2416518064592474,0.1790354919028648,0.0,0.0
covariate,periodic,27,12442.445317493173,244008.7612370486,15.553056646866468,0.14074931583975517,0.14208268740414864,0.25,0.27441666666666664,0.03309895833333332,0.24245276991902484,0.19915260703878485,0.0,0.0
covariate,periodic,28,12547.551597630578,256556.31283467918,15.684439497038223,0.1414202237048539,0.14136784269751537,0.25,0.2779166666666667,0.03228749999999999,0.24143170149564896,0.20963510744976857,0.0,0.0
covariate,periodic,29,12350.538700554911,268906.8515352341,15.75067337569364,0.14078342027351784,0.1413835318361454,0.25,0.27779166666666666,0.03367812499999999,0.24069216222507445,0.19057621931024782,1.0,1.0
covariate,policy_value,5,8823.93926146576,8823.93926146576,11.040340743498865,0.0804650517457554,0.07777455989707503,0.25,0.27775,0.033886458333333334,0.21347064614057168,,0.03333333333333333,0.03333333333333333
covariate,policy_value,6,8800.880117685794,17624.819379151555,11.053183480440575,0.08160472241919353,0.0779171010200566,0.25,0.27608333333333335,0.03294583333333332,0.2138712056237551,0.17840027170505582,0.16666666666666666,0.16666666666666666
covariate,policy_value,7,8739.127014693126,26363.94639384468,10.955158768366406,0.08071764844851384,0.07779226625290298,0.25,0.2743333333333334,0.03275937499999999,0.21576885216192074,0.14928722461754404,0.1,0.1
covariate,policy_value,8,8685.545267815349,35049.49166166003,10.929848251435853,0.08064468709914178,0.07776365003295592,0.25,0.2738333333333333,0.03255833333333332,0.21294159829081977,0.14266265500665523,0.23333333333333334,0.23333333333333334
covariate,policy_value,9,8630.17104645017,43679.6627081102,10.881463808062712,0.08161511411715858,0.08063810833016848,0.25,0.2753333333333333,0.03369374999999999,0.21377971881630467,0.14832175238558448,0.3,0.3
covariate,policy_value,10,8085.734222036397,51765.3969301466,10.180084444212163,0.08117655333091109,0.0745810701377831,0.25,0.27329166666666665,0.03454062499999999,0.21535038425883749,0.1409175625872866,0.23333333333333334,0.23333333333333334
covariate,policy_value,11,7983.86971871452,59749.266648861114,10.042337148393152,0.08106221461154882,0.07997368865496393,0.25,0.275,0.03357291666666666,0.21502959392477008,0.13983635735997751,0.2,0.2
covariate,policy_value,12,7848.585544415708,67597.85219327682,9.883648597186301,0.08042146511811366,0.08553795228876475,0.25,0.27625,0.03327604166666665,0.21804351731305247,0.16087270332471268,0.23333333333333334,0.23333333333333334
covariate,policy_value,13,7558.794743756971,75156.6469370338,9.500576763029548,0.08122687544591475,0.07891224003550933,0.25,0.2745416666666667,0.033864583333333316,0.2197044661306851,0.15019546953452872,0.16666666666666666,0.16666666666666666
covariate,policy_value,14,12651.20564943758,87807.85258647137,15.876507061796973,0.1417701978406688,0.13334491680992971,0.24908333333333335,0.273625,0.19922499999999996,0.24249278737374644,0.1561524661665657,0.2,0.2
covariate,policy_value,15,12718.209737008241,100526.06232347962,15.949845504593634,0.1415678690415882,0.13869040663322765,0.2490416666666667,0.2776666666666667,0.19282187499999998,0.2437491207531463,0.1747370924437246,0.16666666666666666,0.16666666666666666
covariate,policy_value,16,12404.64425266251,112930.70657614213,15.568305315828136,0.14061040535816846,0.13982370357112772,0.25,0.275,0.18218020833333332,0.24419476725176942,0.20347030967520727,0.2,0.2
covariate,policy_value,17,12262.364672342954,125193.07124848508,15.380039173762025,0.14094314484013426,0.13458920690071266,0.24958333333333332,0.27266666666666667,0.17353854166666666,0.2436209490995287,0.17945946303425758,0.16666666666666666,0.16666666666666666
covariate,policy_value,18,12111.842480467594,137304.91372895267,15.18146976725116,0.14053601427416731,0.1377680506833654,0.25,0.2737916666666667,0.1609395833333333,0.2436631829311825,0.1606551919562352,0.13333333333333333,0.13333333333333333
covariate,policy_value,19,12253.725366177097,149558.63909512977,15.369240041054704,0.14121871976315967,0.12769874694188657,0.24966666666666668,0.2725416666666666,0.14502499999999996,0.24461285162074267,0.17728126457646634,0.16666666666666666,0.16666666666666666
covariate,policy_value,20,12010.79547051518,161569.43456564497,15.05516100481064,0.1420375204026896,0.12437472009442128,0.25,0.274,0.13443854166666663,0.2438163560496046,0.1942350642297641,0.13333333333333333,0.13333333333333333
covariate,policy_value,21,12027.251104939884,173596.68567058485,15.096563881174855,0.14114726917458045,0.12116333468486093,0.25,0.2735,0.12355520833333332,0.24496257931133916,0.19610569231342004,0.2,0.2
covariate,policy_value,22,12191.732617645468,185788.4182882303,15.281332438723503,0.14141858613623132,0.13322942021386866,0.25,0.276375,0.11167291666666665,0.24487652473813665,0.18006115103627468,0.13333333333333333,0.13333333333333333
covariate,policy_value,23,12055.682756485085,197844.10104471538,15.111270112273022,0.14152497163497138,0.13406093456620993,0.25,0.27520833333333333,0.11182604166666664,0.24377215133127145,0.18319398950553528,0.13333333333333333,0.13333333333333333
covariate,policy_value,24,12017.060568606837,209861.16161332224,15.10465904409188,0.14123652358851257,0.12283827692580744,0.24991666666666665,0.27537500000000004,0.09622187499999998,0.24250018874530072,0.17835412367802617,0.26666666666666666,0.26666666666666666
covariate,policy_value,25,12052.679329957933,221913.84094328017,15.170015829114083,0.14207158831906766,0.11838686233938343,0.2495,0.27408333333333335,0.07728958333333333,0.24525375960439327,0.20053538518421954,0.3333333333333333,0.3333333333333333
covariate,policy_value,26,12079.53921987326,233993.38016315343,15.172340691508245,0.14189950949117244,0.11576162454889818,0.25,0.2753333333333333,0.07672916666666667,0.24309116904953482,0.1826325274733442,0.23333333333333334,0.23333333333333334
covariate,policy_value,27,12064.549694959374,246057.9298581128,15.122353785365885,0.14074931583975517,0.11508746494373852,0.24987499999999999,0.27391666666666664,0.06975624999999999,0.243936602837899,0.18871888077618756,0.13333333333333333,0.13333333333333333
covariate,policy_value,28,12020.18379020713,258078.11364831994,15.066896404425576,0.1414202237048539,0.1143693199591936,0.25,0.27608333333333335,0.06949687499999999,0.24364297833790854,0.20266232648825458,0.13333333333333333,0.13333333333333333
covariate,policy_value,29,12239.615519880626,270317.7291682006,15.351602733184116,0.14078342027351784,0.11442067848655117,0.25,0.27799999999999997,0.06989479166666665,0.2429105768973757,0.18405925894945835,0.16666666666666666,0.16666666666666666
covariate,policy_value_confident,5,8832.272594799093,8832.272594799093,11.040340743498865,0.0804650517457554,0.07777455989707503,0.25,0.27775,0.033886458333333334,0.21347064614057168,,0.0,0.0
covariate,policy_value_confident,6,8841.604653312515,17673.877248111607,11.052005816640644,0.08160472241919353,0.07806138402382837,0.25,0.27595833333333336,0.032962499999999985,0.21392920729110157,0.1786469347762118,0.0,0.0
covariate,policy_value_confident,7,8802.338151245913,26476.215399357523,11.00292268905739,0.08071764844851384,0.07770890629002587,0.25,0.27441666666666664,0.03274583333333332,0.21548558644925986,0.15013533613258526,0.0,0.0
covariate,policy_value_confident,8,8765.165434260165,35241.38083361769,10.956456792825207,0.08064468709914178,0.0777011438024903,0.25,0.27395833333333336,0.032383333333333326,0.21278875554924256,0.1436506271369178,0.0,0.0
covariate,policy_value_confident,9,8932.089154439247,44173.46998805694,11.16511144304906,0.08161511411715858,0.0784111437065742,0.25,0.27520833333333333,0.03369895833333333,0.21380889038218845,0.14773027814029593,0.0,0.0
covariate,policy_value_confident,10,8778.47956191032,52951.94954996726,10.973099452387903,0.08117655333091109,0.07830754427912676,0.25,0.27308333333333334,0.03493645833333332,0.2137311543467031,0.14610437593122755,0.0,0.0
covariate,policy_value_confident,11,8868.728897335644,61820.678447302904,11.085911121669557,0.08106221461154882,0.07792783895452007,0.25,0.27449999999999997,0.03394791666666666,0.21200648087033755,0.15360378891456639,0.0,0.0
covariate,policy_value_confident,12,8706.462146286673,70527.14059358957,10.91432768285834,0.08042146511811366,0.07723559779139925,0.25,0.27520833333333333,0.033078124999999986,0.21370684690035419,0.17299307389881818,0.1,0.1
covariate,policy_value_confident,13,8391.510800232089,78918.65139382167,10.510221833623444,0.08122687544591475,0.07967726586251986,0.25,0.27379166666666666,0.033839583333333326,0.21593631317433,0.15416045146422314,0.06666666666666667,0.06666666666666667
covariate,policy_value_confident,14,13824.51587006924,92743.1672638909,17.301478170919882,0.1417701978406688,0.11522055694220097,0.25,0.27558333333333335,0.19917604166666666,0.23502322077872026,0.15035439560134406,0.06666666666666667,0.06666666666666667
covariate,policy_value_confident,15,13955.681309942158,106698.84857383305,17.455018304094363,0.1415678690415882,0.1159596144299219,0.25,0.27758333333333335,0.19741666666666666,0.23475786467958862,0.16577211175578568,0.03333333333333333,0.03333333333333333
covariate,policy_value_confident,16,13808.834249489972,120507.68282332303,17.271459478529135,0.14061040535816846,0.11447070971857123,0.25,0.275875,0.19614791666666667,0.23589993721410357,0.1971679804672689,0.03333333333333333,0.03333333333333333
covariate,policy_value_confident,17,13796.34985315606,134304.0326764791,17.245437316445077,0.14094314484013426,0.11657745648257704,0.25,0.27291666666666664,0.19178229166666666,0.23569449438877504,0.1692695290117007,0.0,0.0
covariate,policy_value_confident,18,13661.972336928535,147966.00501340762,17.087882087827335,0.14053601427416731,0.11601990104664105,0.25,0.27408333333333335,0.19197604166666662,0.23446897833571698,0.15879837107086933,0.03333333333333333,0.03333333333333333
covariate,policy_value_confident,19,13737.646726480145,161703.65173988778,17.18247507476685,0.14121871976315967,0.11452379523866191,0.25,0.272625,0.18746874999999996,0.236131353874603,0.1679810741293513,0.03333333333333333,0.03333333333333333
covariate,policy_value_confident,20,13633.756158146272,175337.40789803403,17.052611864349508,0.1420375204026896,0.11607989072615824,0.25,0.27445833333333336,0.18176354166666667,0.2366495635776114,0.19118864523782547,0.03333333333333333,0.03333333333333333
covariate,policy_value_confident,21,13555.104974854408,188892.51287288844,16.954297885234674,0.14114726917458045,0.11578977157786602,0.25,0.27266666666666667,0.18076041666666665,0.23713537759950692,0.18461881440166733,0.03333333333333333,0.03333333333333333
covariate,policy_value_confident,22,13664.92293771832,202557.43581060678,17.0811536721479,0.14141858613623132,0.11533680697805199,0.25,0.27687500000000004,0.17544687499999997,0.23892124147921134,0.17415623967336663,0.0,0.0
covariate,policy_value_confident,23,13376.971344475423,215934.40715508218,16.731630847260945,0.14152497163497138,0.11588369857137738,0.25,0.27479166666666666,0.17637083333333334,0.23823978170583582,0.1727698813521714,0.03333333333333333,0.03333333333333333
covariate,policy_value_confident,24,13554.5383501761,229488.94550525828,16.943172937720128,0.14123652358851257,0.11444910600228586,0.25,0.27587500000000004,0.17597291666666665,0.23648604105458387,0.16809400908486902,0.0,0.0
covariate,policy_value_confident,25,13511.353705079133,243000.29921033743,16.889192131348917,0.14207158831906766,0.1148613797939014,0.25,0.274875,0.17679999999999998,0.23741118154076035,0.19750511928371986,0.0,0.0
covariate,policy_value_confident,26,13354.708853721042,256355.0080640585,16.70380273381797,0.14189950949117244,0.11491564933837034,0.25,0.2735,0.17629999999999998,0.23671818273671882,0.17897357116820656,0.03333333333333333,0.03333333333333333
covariate,policy_value_confident,27,13314.43410127678,269669.4421653353,16.674292626595975,0.14074931583975517,0.11336255728623351,0.25,0.274375,0.16981354166666665,0.23739270051547195,0.18264079150378484,0.1,0.1
covariate,policy_value_confident,28,13019.715897292965,282689.15806262824,16.295478204949536,0.1414202237048539,0.11759597475401222,0.25,0.2765416666666667,0.15939583333333332,0.23840498017915537,0.1956523105290337,0.06666666666666667,0.06666666666666667
covariate,policy_value_confident,29,13284.827525858216,295973.9855884864,16.626867740656103,0.14078342027351784,0.12180852637245951,0.25,0.27670833333333333,0.15431979166666665,0.236319930815843,0.1739064219292647,0.06666666666666667,0.06666666666666667
gradual_treatment,cate_shift,5,8832.272594799093,8832.272594799093,11.040340743498865,0.0804650517457554,0.07777455989707503,0.25,0.27775,0.033886458333333334,0.21347064614057168,,0.0,0.0
gradual_treatment,cate_shift,6,8799.93798664585,17632.210581444942,11.052005816640644,0.08160472241919353,0.07806138402382837,0.25,0.27595833333333336,0.032962499999999985,0.21392920729110157,0.1786469347762118,0.16666666666666666,0.16666666666666666
gradual_treatment,cate_shift,7,8707.509563032047,26339.72014447699,10.88438695379006,0.08071764844851384,0.07637949538637649,0.25,0.2743333333333334,0.032791666666666656,0.21559358044455668,0.1490667089143338,0.0,0.0
gradual_treatment,cate_shift,8,8686.851763795392,35026.57190827238,10.858564704744241,0.08064468709914178,0.07622093796250663,0.25,0.27408333333333335,0.03228333333333332,0.21282281462749503,0.14386013391308125,0.0,0.0
gradual_treatment,cate_shift,9,8826.724258603168,43853.296166875545,11.043821989920625,0.08161511411715858,0.07694187783044842,0.25,0.275125,0.03393749999999999,0.21375055219847094,0.14880134036426573,0.03333333333333333,0.03333333333333333
gradual_treatment,cate_shift,10,8594.175359616533,52447.47152649208,10.753135866187332,0.08117655333091109,0.07589978392678925,0.25,0.272875,0.03493333333333333,0.2139507010311409,0.14423628668463434,0.03333333333333333,0.03333333333333333
gradual_treatment,cate_shift,11,8636.297397330876,61083.76892382296,10.805788413330264,0.08106221461154882,0.07335150751305321,0.25,0.27449999999999997,0.0336625,0.21276774748353297,0.14907070538819547,0.03333333333333333,0.03333333333333333
gradual_treatment,cate_shift,12,8511.026997066752,69594.79592088971,10.659617079666775,0.08042146511811366,0.07561012510855004,0.25,0.2758333333333333,0.03346666666666666,0.21500110815702217,0.16822458007900473,0.06666666666666667,0.06666666666666667
gradual_treatment,cate_shift,13,8297.372207496654,77892.16812838636,10.371715259370818,0.08122687544591475,0.07384207438674235,0.25,0.275,0.033781249999999985,0.21637231667887302,0.15367188614433766,0.0,0.0
gradual_treatment,cate_shift,14,5905.698480552391,83797.86660893876,7.382123100690488,0.04767986792676758,0.07509743689729732,0.25,0.27520833333333333,0.03317916666666666,0.21463694117205706,0.15086046575066267,0.0,0.0
gradual_treatment,cate_shift,15,3628.63185947336,87426.49846841212,4.5357898243417,0.014652907809128717,0.07416639646484705,0.25,0.27708333333333335,0.034001041666666655,0.21534531294336245,0.15337281721739965,0.0,0.0
gradual_treatment,cate_shift,16,1094.3243491688054,88520.82281758092,1.367905436461007,-0.0174629436596788,0.07309375533670731,0.25,0.2753333333333333,0.03348749999999999,0.21600820738758042,0.1653749208112101,0.0,0.0
gradual_treatment,cate_shift,17,-1000.6795186026388,87520.14329897828,-1.209182731586632,-0.046455161026183675,0.07406675801865628,0.25,0.2725416666666666,0.033320833333333334,0.21640390990187766,0.17374447245904856,0.13333333333333333,0.13333333333333333
gradual_treatment,cate_shift,18,-3298.810609719637,84221.33268925865,-4.1130965954828795,-0.07422888355042455,0.06138770812504225,0.25,0.27358333333333335,0.03299895833333333,0.21450790660708466,0.16121323653340686,0.03333333333333333,0.03333333333333333
gradual_treatment,cate_shift,19,-5214.089757259717,79007.24293199893,-6.486362196574646,-0.09896908312312792,0.06091102778707382,0.25,0.273625,0.034344791666666645,0.21639120332342834,0.1818122805936482,0.1,0.1
gradual_treatment,cate_shift,20,-7124.793308344221,71882.4496236547,-8.864324968763611,-0.12193406373035318,0.04522075446476858,0.24454166666666666,0.26966666666666667,0.03305208333333332,0.21635189650390269,0.18917584688928252,0.13333333333333333,0.13333333333333333
gradual_treatment,cate_shift,21,-8416.531163289015,63465.9184603657,-10.458163954111267,-0.14339413936975134,0.01626625946268702,0.23216666666666666,0.25708333333333333,0.03340937499999999,0.21506003417294203,0.18442573510716395,0.2,0.2
gradual_treatment,cate_shift,22,-7673.345577531271,55792.57288283442,-9.570848638580754,-0.1434108614380806,-0.02195829617765899,0.20616666666666666,0.23675,0.03300520833333333,0.21478892162198773,0.18567209619713407,0.06666666666666667,0.06666666666666667
gradual_treatment,cate_shift,23,-7423.100531300064,48369.47235153436,-9.24762566412508,-0.14334305856753154,-0.033497714754425055,0.19891666666666669,0.22829166666666667,0.03252916666666666,0.21233839637721802,0.18399127143139346,0.1,0.1
gradual_treatment,cate_shift,24,-6924.100066109057,41445.3722854253,-8.634291749302987,-0.14395025261507685,-0.05050787086150285,0.177125,0.21120833333333333,0.03277291666666666,0.21186716507609907,0.17571542692686457,0.06666666666666667,0.06666666666666667
gradual_treatment,cate_shift,25,-6516.467840912335,34928.90444451296,-8.103918134473753,-0.14306615763690916,-0.06378197503247097,0.16454166666666667,0.19820833333333335,0.033920833333333324,0.2112110604194265,0.1684865819441793,0.13333333333333333,0.13333333333333333
gradual_treatment,cate_shift,26,-5796.722763006151,29132.181681506812,-7.2354867870910216,-0.14319153028478995,-0.09212146954530859,0.14329166666666668,0.17725,0.03383749999999999,0.20994901406233535,0.16361106390222158,0.03333333333333333,0.03333333333333333
gradual_treatment,cate_shift,27,-5824.469142483799,23307.712539023014,-7.28058642810475,-0.1437376402914524,-0.0985221614457513,0.13958333333333334,0.175625,0.033027083333333325,0.21082646020141524,0.16527450986578998,0.0,0.0
gradual_treatment,cate_shift,28,-5942.655750876344,17365.056788146667,-7.407486355262097,-0.14358954896402876,-0.09754600200651847,0.1400833333333333,0.178375,0.032161458333333316,0.209419003712771,0.17383682372450657,0.06666666666666667,0.06666666666666667
gradual_treatment,cate_shift,29,-5486.952209938556,11878.104578208113,-6.837856929089862,-0.14368616810691634,-0.10698227126668852,0.12729166666666666,0.1665,0.033806249999999996,0.20961242426594193,0.17100476233584028,0.06666666666666667,0.06666666666666667
gradual_treatment,feature_drift,5,8832.272594799093,8832.272594799093,11.040340743498865,0.0804650517457554,0.07777455989707503,0.25,0.27775,0.033886458333333334,0.21347064614057168,,0.0,0.0
gradual_treatment,feature_drift,6,8841.604653312515,17673.877248111607,11.052005816640644,0.08160472241919353,0.07806138402382837,0.25,0.27595833333333336,0.032962499999999985,0.21392920729110157,0.1786469347762118,0.0,0.0
gradual_treatment,feature_drift,7,8802.338151245913,26476.215399357523,11.00292268905739,0.08071764844851384,0.07770890629002587,0.25,0.27441666666666664,0.03274583333333332,0.21548558644925986,0.15013533613258526,0.0,0.0
gradual_treatment,feature_drift,8,8765.165434260165,35241.38083361769,10.956456792825207,0.08064468709914178,0.0777011438024903,0.25,0.27395833333333336,0.032383333333333326,0.21278875554924256,0.1436506271369178,0.0,0.0
gradual_treatment,feature_drift,9,8932.089154439247,44173.46998805694,11.16511144304906,0.08161511411715858,0.0784111437065742,0.25,0.27520833333333333,0.03369895833333333,0.21380889038218845,0.14773027814029593,0.0,0.0
gradual_treatment,feature_drift,10,8778.47956191032,52951.94954996726,10.973099452387903,0.08117655333091109,0.07830754427912676,0.25,0.27308333333333334,0.03493645833333332,0.2137311543467031,0.14610437593122755,0.0,0.0
gradual_treatment,feature_drift,11,8868.728897335644,61820.678447302904,11.085911121669557,0.08106221461154882,0.07792783895452007,0.25,0.27449999999999997,0.03394791666666666,0.21200648087033755,0.15360378891456639,0.0,0.0
gradual_treatment,feature_drift,12,8731.462146286673,70552.14059358957,10.91432768285834,0.08042146511811366,0.07723559779139925,0.25,0.27520833333333333,0.033078124999999986,0.21370684690035419,0.17299307389881818,0.0,0.0
gradual_treatment,feature_drift,13,8768.001662201708,79320.14225579127,10.960002077752135,0.08122687544591475,0.07868222317643905,0.25,0.27387500000000004,0.03389791666666665,0.21407755395591677,0.16026122204322293,0.0,0.0
gradual_treatment,feature_drift,14,6321.45398774183,85641.59624353312,7.912234151343955,0.04767986792676758,0.07877896916628137,0.25,0.2745416666666667,0.03298124999999999,0.21241850170398818,0.15004365815838902,0.03333333333333333,0.03333333333333333
gradual_treatment,feature_drift,15,3881.1779065118503,89522.77415004496,4.8514723831398125,0.014652907809128717,0.07938201403429551,0.25,0.27775,0.03407708333333333,0.21329080350215956,0.13988937898979797,0.0,0.0
gradual_treatment,feature_drift,16,1275.4205978503005,90798.19474789526,1.5942757473128755,-0.0174629436596788,0.07798789974093315,0.25,0.27570833333333333,0.03350520833333332,0.21374694297057342,0.15596323283778146,0.0,0.0
gradual_treatment,feature_drift,17,-792.9436791981833,90005.25106869708,-0.9911795989977292,-0.046455161026183675,0.07817999185502336,0.25,0.27308333333333334,0.03343125,0.2143352526953997,0.1630138226281139,0.0,0.0
gradual_treatment,feature_drift,18,-3119.580448780832,86885.67061991624,-3.899475560976039,-0.07422888355042455,0.07812381069987391,0.25,0.273625,0.03297291666666666,0.21230076792864822,0.1699293199006814,0.0,0.0
gradual_treatment,feature_drift,19,-5049.024804075683,81836.64581584056,-6.311281005094604,-0.09896908312312792,0.07909300046787932,0.25,0.27237500000000003,0.034704166666666654,0.21453317664468546,0.19024191675629293,0.0,0.0
gradual_treatment,feature_drift,20,-7079.6887953157575,74756.95702052482,-8.849610994144696,-0.12193406373035318,0.07935497092816722,0.25,0.27370833333333333,0.03329687499999999,0.21372589842229195,0.20491826640241395,0.0,0.0
gradual_treatment,feature_drift,21,-8793.695588935032,65963.26143158978,-10.992119486168791,-0.14339413936975134,0.07875728626021324,0.25,0.27299999999999996,0.034039583333333324,0.214926468643781,0.22685441522666752,0.0,0.0
gradual_treatment,feature_drift,22,-8886.76913287061,57076.49229871917,-11.108461416088263,-0.1434108614380806,0.07946345714892263,0.25,0.27608333333333335,0.03268020833333332,0.2173788043631979,0.24526378007827934,0.0,0.0
gradual_treatment,feature_drift,23,-8909.714423702992,48166.77787501618,-11.137143029628737,-0.14334305856753154,0.07812199999494726,0.25,0.2748333333333334,0.033044791666666656,0.21495451978724658,0.24954763795118534,0.0,0.0
gradual_treatment,feature_drift,24,-9006.968031468794,39159.80984354739,-11.258710039335991,-0.14395025261507685,0.07889873771172412,0.25,0.2764166666666667,0.03280312499999999,0.21476033283905588,0.2410423351532984,0.0,0.0
gradual_treatment,feature_drift,25,-8911.536568436868,30248.273275110518,-11.139420710546085,-0.14306615763690916,0.07932763965377566,0.25,0.27554166666666663,0.03376458333333331,0.21500390212930454,0.23747305652905773,0.0,0.0
gradual_treatment,feature_drift,26,-8890.052049493699,21358.221225616817,-11.102148395200457,-0.14319153028478995,0.07949389833916778,0.25,0.27416666666666667,0.034173958333333324,0.21509803744433798,0.24192267416272217,0.03333333333333333,0.03333333333333333
gradual_treatment,feature_drift,27,-8719.329236695748,12638.891988921068,-10.899161545869685,-0.1437376402914524,0.07092228140559251,0.24358333333333335,0.268375,0.032941666666666654,0.21547909222791103,0.23567597862457196,0.0,0.0
gradual_treatment,feature_drift,28,-8861.246105900533,3777.645883020537,-11.076557632375664,-0.14358954896402876,0.07143033520957762,0.24408333333333332,0.27120833333333333,0.03310312499999999,0.2143132514224946,0.23921981013601115,0.0,0.0
gradual_treatment,feature_drift,29,-8840.84162426179,-5063.195741241253,-11.051052030327238,-0.14368616810691634,0.07111300195798263,0.24429166666666668,0.27245833333333336,0.03467083333333332,0.2138408074109485,0.2508524505758605,0.0,0.0
gradual_treatment,never,5,8832.272594799093,8832.272594799093,11.040340743498865,0.0804650517457554,0.07777455989707503,0.25,0.27775,0.033886458333333334,0.21347064614057168,,0.0,0.0
gradual_treatment,never,6,8841.604653312515,17673.877248111607,11.052005816640644,0.08160472241919353,0.07806138402382837,0.25,0.27595833333333336,0.032962499999999985,0.21392920729110157,0.1786469347762118,0.0,0.0
gradual_treatment,never,7,8802.338151245913,26476.215399357523,11.00292268905739,0.08071764844851384,0.07770890629002587,0.25,0.27441666666666664,0.03274583333333332,0.21548558644925986,0.15013533613258526,0.0,0.0
gradual_treatment,never,8,8765.165434260165,35241.38083361769,10.956456792825207,0.08064468709914178,0.0777011438024903,0.25,0.27395833333333336,0.032383333333333326,0.21278875554924256,0.1436506271369178,0.0,0.0
gradual_treatment,never,9,8932.089154439247,44173.46998805694,11.16511144304906,0.08161511411715858,0.0784111437065742,0.25,0.27520833333333333,0.03369895833333333,0.21380889038218845,0.14773027814029593,0.0,0.0
gradual_treatment,never,10,8778.47956191032,52951.94954996726,10.973099452387903,0.08117655333091109,0.07830754427912676,0.25,0.27308333333333334,0.03493645833333332,0.2137311543467031,0.14610437593122755,0.0,0.0
gradual_treatment,never,11,8868.728897335644,61820.678447302904,11.085911121669557,0.08106221461154882,0.07792783895452007,0.25,0.27449999999999997,0.03394791666666666,0.21200648087033755,0.15360378891456639,0.0,0.0
gradual_treatment,never,12,8731.462146286673,70552.14059358957,10.91432768285834,0.08042146511811366,0.07723559779139925,0.25,0.27520833333333333,0.033078124999999986,0.21370684690035419,0.17299307389881818,0.0,0.0
gradual_treatment,never,13,8768.001662201708,79320.14225579127,10.960002077752135,0.08122687544591475,0.07868222317643905,0.25,0.27387500000000004,0.03389791666666665,0.21407755395591677,0.16026122204322293,0.0,0.0
gradual_treatment,never,14,6329.787321075163,85649.92957686646,7.912234151343955,0.04767986792676758,0.07877896916628137,0.25,0.2745416666666667,0.03298124999999999,0.21241850170398818,0.15004365815838902,0.0,0.0
gradual_treatment,never,15,4023.1782584475927,89673.10783531403,5.028972823059491,0.014652907809128717,0.07890547632318495,0.25,0.27745833333333336,0.034089583333333326,0.21312882769646396,0.14192917553045406,0.0,0.0
gradual_treatment,never,16,1415.4375118126507,91088.5453471267,1.769296889765813,-0.0174629436596788,0.07781180316297504,0.25,0.27575000000000005,0.03339895833333332,0.21363178111851497,0.1581363105952954,0.0,0.0
gradual_treatment,never,17,-680.7523990652012,90407.7929480615,-0.8509404988315015,-0.046455161026183675,0.07797206553707614,0.25,0.27291666666666664,0.033378125,0.21441021306390665,0.16398879221212,0.0,0.0
gradual_treatment,never,18,-3038.1430960609764,87369.64985200051,-3.79767887007622,-0.07422888355042455,0.07766610319779478,0.25,0.27358333333333335,0.03300520833333333,0.21230818351172548,0.17217573555986748,0.0,0.0
gradual_treatment,never,19,-5007.470985628535,82362.17886637198,-6.259338732035669,-0.09896908312312792,0.07822090822910281,0.25,0.2725,0.03464895833333332,0.2146011764135489,0.19044619840654303,0.0,0.0
gradual_treatment,never,20,-7036.152475248122,75326.02639112386,-8.795190594060154,-0.12193406373035318,0.07952885561229055,0.25,0.27358333333333335,0.03318854166666666,0.21385932729765447,0.20312650929592715,0.0,0.0
gradual_treatment,never,21,-8789.736469080386,66536.28992204348,-10.987170586350482,-0.14339413936975134,0.07854087088560882,0.25,0.27316666666666667,0.03386145833333332,0.21523541405215246,0.22499572222977962,0.0,0.0
gradual_treatment,never,22,-8876.223162647319,57660.06675939615,-11.09527895330915,-0.1434108614380806,0.07894802788026109,0.25,0.27599999999999997,0.032741666666666655,0.2174884760462781,0.24289669245989146,0.0,0.0
gradual_treatment,never,23,-8912.458878685702,48747.60788071044,-11.140573598357129,-0.14334305856753154,0.07845414530023799,0.25,0.2752916666666667,0.03283229166666666,0.21496982554370894,0.24940710382827477,0.0,0.0
gradual_treatment,never,24,-8983.840457569751,39763.7674231407,-11.229800571962189,-0.14395025261507685,0.07870381301538171,0.25,0.27625,0.032839583333333325,0.21503974020745698,0.2405138283317979,0.0,0.0
gradual_treatment,never,25,-8907.360938616132,30856.406484524563,-11.134201173270165,-0.14306615763690916,0.07909072142361792,0.25,0.27570833333333333,0.03370624999999998,0.2150383988288277,0.23677890559864648,0.0,0.0
gradual_treatment,never,26,-8887.199804745635,21969.20667977893,-11.108999755932045,-0.14319153028478995,0.07892815889275684,0.25,0.27408333333333335,0.034322916666666654,0.21534713285438187,0.2411217810891192,0.0,0.0
gradual_treatment,never,27,-8897.13205063657,13072.07462914236,-11.12141506329571,-0.1437376402914524,0.07822927344373075,0.25,0.27395833333333336,0.03278437499999999,0.21582122863737313,0.23695555576970728,0.0,0.0
gradual_treatment,never,28,-9031.981076265109,4040.093552877251,-11.289976345331386,-0.14358954896402876,0.07843503496207652,0.25,0.27708333333333335,0.03317708333333333,0.21419020822662602,0.2409057376516927,0.0,0.0
gradual_treatment,never,29,-8995.355563599567,-4955.262010722316,-11.244194454499459,-0.14368616810691634,0.07780842033428442,0.25,0.2775416666666667,0.03450937499999998,0.2138799212116691,0.2507485041733629,0.0,0.0
gradual_treatment,performance,5,8832.272594799093,8832.272594799093,11.040340743498865,0.0804650517457554,0.07777455989707503,0.25,0.27775,0.033886458333333334,0.21347064614057168,,0.0,0.0
gradual_treatment,performance,6,8841.604653312515,17673.877248111607,11.052005816640644,0.08160472241919353,0.07806138402382837,0.25,0.27595833333333336,0.032962499999999985,0.21392920729110157,0.1786469347762118,0.0,0.0
gradual_treatment,performance,7,8802.338151245913,26476.215399357523,11.00292268905739,0.08071764844851384,0.07770890629002587,0.25,0.27441666666666664,0.03274583333333332,0.21548558644925986,0.15013533613258526,0.0,0.0
gradual_treatment,performance,8,8765.165434260165,35241.38083361769,10.956456792825207,0.08064468709914178,0.0777011438024903,0.25,0.27395833333333336,0.032383333333333326,0.21278875554924256,0.1436506271369178,0.0,0.0
gradual_treatment,performance,9,8932.089154439247,44173.46998805694,11.16511144304906,0.08161511411715858,0.0784111437065742,0.25,0.27520833333333333,0.03369895833333333,0.21380889038218845,0.14773027814029593,0.0,0.0
gradual_treatment,performance,10,8778.47956191032,52951.94954996726,10.973099452387903,0.08117655333091109,0.07830754427912676,0.25,0.27308333333333334,0.03493645833333332,0.2137311543467031,0.14610437593122755,0.0,0.0
gradual_treatment,performance,11,8868.728897335644,61820.678447302904,11.085911121669557,0.08106221461154882,0.07792783895452007,0.25,0.27449999999999997,0.03394791666666666,0.21200648087033755,0.15360378891456639,0.0,0.0
gradual_treatment,performance,12,8731.462146286673,70552.14059358957,10.91432768285834,0.08042146511811366,0.07723559779139925,0.25,0.27520833333333333,0.033078124999999986,0.21370684690035419,0.17299307389881818,0.0,0.0
gradual_treatment,performance,13,8759.668328868374,79311.80892245795,10.960002077752135,0.08122687544591475,0.07868222317643905,0.25,0.27387500000000004,0.03389791666666665,0.21407755395591677,0.16026122204322293,0.03333333333333333,0.03333333333333333
gradual_treatment,performance,14,6239.734649857481,85551.54357231544,7.799668312321852,0.04767986792676758,0.07704413261916325,0.25,0.27466666666666667,0.03283229166666666,0.21293302707795253,0.1495662565526731,0.0,0.0
gradual_treatment,performance,15,3930.1627785158203,89481.70635083126,4.923120139811442,0.014652907809128717,0.07703652012581802,0.25,0.2776666666666667,0.03405624999999999,0.21342306388506183,0.14401103047256514,0.03333333333333333,0.03333333333333333
gradual_treatment,performance,16,1300.1615227990596,90781.86787363031,1.6252019034988245,-0.0174629436596788,0.07539128286257041,0.25,0.27575000000000005,0.03335416666666666,0.21362771268656072,0.15675290776860346,0.0,0.0
gradual_treatment,performance,17,-756.5125624874358,90025.35531114288,-0.9456407031092948,-0.046455161026183675,0.07570703568764277,0.25,0.27241666666666664,0.033285416666666665,0.21450162749399804,0.16190869003935596,0.0,0.0
gradual_treatment,performance,18,-3113.43468492143,86911.92062622144,-3.8917933561517875,-0.07422888355042455,0.07521403528111502,0.25,0.273625,0.03316249999999999,0.2124608732840347,0.16964601527138187,0.0,0.0
gradual_treatment,performance,19,-5085.141774018925,81826.77885220252,-6.335593884190325,-0.09896908312312792,0.07549257980409525,0.25,0.27258333333333334,0.03478229166666665,0.21479975730927794,0.1890914607292275,0.06666666666666667,0.06666666666666667
gradual_treatment,performance,20,-7053.634655333317,74773.1441968692,-8.817043319166647,-0.12193406373035318,0.06713568642935391,0.248625,0.27225,0.033244791666666655,0.21324437925058878,0.1928962203407375,0.0,0.0
gradual_treatment,performance,21,-8745.166374461709,66027.97782240748,-10.931457968077138,-0.14339413936975134,0.06636169960329993,0.24866666666666667,0.27145833333333336,0.03411874999999999,0.21436509524066716,0.21488498894426591,0.0,0.0
gradual_treatment,performance,22,-8833.369425795485,57194.608396612006,-11.020878448911022,-0.1434108614380806,0.06639418051036067,0.24791666666666667,0.273625,0.03277187499999999,0.21662066168849417,0.23418574169595904,0.06666666666666667,0.06666666666666667
gradual_treatment,performance,23,-8572.9432762373,48621.66512037471,-10.716179095296622,-0.14334305856753154,0.05171753818618381,0.23829166666666665,0.2639166666666667,0.032666666666666656,0.21329635846185052,0.22832659801123914,0.0,0.0
gradual_treatment,performance,24,-8618.630721884258,40003.034398490454,-10.773288402355321,-0.14395025261507685,0.05145172195697413,0.23679166666666665,0.26475,0.032896874999999985,0.21302633629511827,0.22362044212814125,0.0,0.0
gradual_treatment,performance,25,-8568.222669969755,31434.8117285207,-10.710278337462194,-0.14306615763690916,0.0518288920031328,0.237625,0.2653333333333333,0.033864583333333316,0.21371246413263573,0.22432594170956396,0.0,0.0
gradual_treatment,performance,26,-8530.181261182972,22904.630467337727,-10.662726576478715,-0.14319153028478995,0.051938894421658374,0.23804166666666668,0.26275,0.03418020833333333,0.21391543821106745,0.23017026725359283,0.0,0.0
gradual_treatment,performance,27,-8561.878502659718,14342.751964678007,-10.702348128324648,-0.1437376402914524,0.05121009755963277,0.238125,0.263,0.03316458333333332,0.2144327398621409,0.2234546615393583,0.0,0.0
gradual_treatment,performance,28,-8672.341640313594,5670.410324364415,-10.840427050391991,-0.14358954896402876,0.05172431853375491,0.23729166666666668,0.2660416666666667,0.03344166666666667,0.21237425700958448,0.22597499329090961,0.0,0.0
gradual_treatment,performance,29,-8677.150879349698,-3006.7405549852833,-10.836021932520454,-0.14368616810691634,0.05101917330501825,0.23775000000000002,0.26695833333333335,0.03467812499999998,0.21216317447591446,0.2332152390685633,0.03333333333333333,0.03333333333333333
gradual_treatment,periodic,5,8832.272594799093,8832.272594799093,11.040340743498865,0.0804650517457554,0.07777455989707503,0.25,0.27775,0.033886458333333334,0.21347064614057168,,0.0,0.0
gradual_treatment,periodic,6,8841.604653312515,17673.877248111607,11.052005816640644,0.08160472241919353,0.07806138402382837,0.25,0.27595833333333336,0.032962499999999985,0.21392920729110157,0.1786469347762118,0.0,0.0
gradual_treatment,periodic,7,8802.338151245913,26476.215399357523,11.00292268905739,0.08071764844851384,0.07770890629002587,0.25,0.27441666666666664,0.03274583333333332,0.21548558644925986,0.15013533613258526,0.0,0.0
gradual_treatment,periodic,8,8765.165434260165,35241.38083361769,10.956456792825207,0.08064468709914178,0.0777011438024903,0.25,0.27395833333333336,0.032383333333333326,0.21278875554924256,0.1436506271369178,0.0,0.0
gradual_treatment,periodic,9,8682.089154439247,43923.46998805694,11.16511144304906,0.08161511411715858,0.0784111437065742,0.25,0.27520833333333333,0.03369895833333333,0.21380889038218845,0.14773027814029593,1.0,1.0
gradual_treatment,periodic,10,7127.727543248378,51051.19753130532,8.909659429060474,0.08117655333091109,0.08610180653764828,0.25,0.2719583333333333,0.03443333333333332,0.2227427460861732,0.12600191561059307,0.0,0.0
gradual_treatment,periodic,11,7166.253741082551,58217.451272387865,8.957817176353188,0.08106221461154882,0.08720386825652901,0.25,0.274125,0.033523958333333326,0.22004991008230604,0.15313703533940257,0.0,0.0
gradual_treatment,periodic,12,7098.137834039564,65315.589106427426,8.872672292549455,0.08042146511811366,0.08551350096881923,0.25,0.2753333333333333,0.03343645833333331,0.2235824129297346,0.1896513457561763,0.0,0.0
gradual_treatment,periodic,13,7103.162665163865,72418.7517715913,8.87895333145483,0.08122687544591475,0.08688281672224524,0.25,0.274625,0.033865624999999996,0.2224139584690505,0.18318718875644122,0.0,0.0
gradual_treatment,periodic,14,4567.403472644567,76986.15524423587,6.0217543408057095,0.04767986792676758,0.08656183658314855,0.25,0.274875,0.03227187499999999,0.22295652078090497,0.17741472643192496,1.0,1.0
gradual_treatment,periodic,15,2058.257629791791,79044.41287402765,2.5728220372397383,0.014652907809128717,0.07396037990263953,0.25,0.278375,0.03362812499999999,0.2237542559786966,0.13713072731513284,0.0,0.0
gradual_treatment,periodic,16,-267.1741959681646,78777.2386780595,-0.33396774496020576,-0.0174629436596788,0.07274698915042115,0.25,0.2765833333333333,0.03337083333333332,0.22534329027495373,0.1738245402866247,0.0,0.0
gradual_treatment,periodic,17,-2103.811486475593,76673.42719158389,-2.629764358094491,-0.046455161026183675,0.07295265379939582,0.25,0.273125,0.03406874999999999,0.22496626085458285,0.19792442225796356,0.0,0.0
gradual_treatment,periodic,18,-4154.718932298437,72518.70825928546,-5.193398665373047,-0.07422888355042455,0.07407128251838271,0.25,0.273375,0.03255520833333333,0.22473227532794673,0.18595718876325232,0.0,0.0
gradual_treatment,periodic,19,-6148.291228444587,66370.41703084086,-7.372864035555734,-0.09896908312312792,0.07308751241792646,0.25,0.2737916666666667,0.03439479166666664,0.22736040855400033,0.20268590275186502,1.0,1.0
gradual_treatment,periodic,20,-6702.023231500809,59668.39379934007,-8.377529039376011,-0.12193406373035318,-0.05090086149875418,0.22170833333333334,0.248625,0.03339583333333332,0.21179801289625264,0.1263575736555536,0.0,0.0
gradual_treatment,periodic,21,-7961.751003753319,51706.64279558674,-9.95218875469165,-0.14339413936975134,-0.051430875508226705,0.21791666666666665,0.24375,0.03360104166666666,0.20992474544536688,0.15162131394368675,0.0,0.0
gradual_treatment,periodic,22,-8024.771977148731,43681.870818438016,-10.030964971435914,-0.1434108614380806,-0.051889172160439666,0.21716666666666665,0.2465,0.03340624999999999,0.21148624054125606,0.18805341946828838,0.0,0.0
gradual_treatment,periodic,23,-8134.121644584115,35547.749173853896,-10.167652055730144,-0.14334305856753154,-0.0511814434309442,0.220875,0.24766666666666665,0.03257499999999999,0.21099559075824506,0.18571406000840598,0.0,0.0
gradual_treatment,periodic,24,-8417.826075730289,27129.92309812361,-10.209782594662862,-0.14395025261507685,-0.05321428268114235,0.2177916666666667,0.24816666666666667,0.032891666666666666,0.20961336859730997,0.17989323468787372,1.0,1.0
gradual_treatment,periodic,25,-4061.848355464566,23068.074742659042,-5.077310444330708,-0.14306615763690916,-0.14216625339470415,0.07866666666666666,0.12070833333333333,0.03392604166666664,0.20972175683715777,0.11249979236938039,0.0,0.0
gradual_treatment,periodic,26,-4078.884721214727,18989.190021444312,-5.098605901518408,-0.14319153028478995,-0.14218107415228326,0.08,0.12133333333333333,0.03390416666666665,0.2078618583645139,0.1386436171647735,0.0,0.0
gradual_treatment,periodic,27,-4010.248800444976,14978.941220999339,-5.01281100055622,-0.1437376402914524,-0.14194576824970423,0.07904166666666666,0.12004166666666666,0.03309895833333332,0.20985956032013625,0.1487026840738127,0.0,0.0
gradual_treatment,periodic,28,-4128.095897778998,10850.845323220341,-5.160119872223747,-0.14358954896402876,-0.14238021644206253,0.07891666666666668,0.12320833333333334,0.03228749999999999,0.20837348980496376,0.15096884698387253,0.0,0.0
gradual_treatment,periodic,29,-4357.797062812003,6493.048260408339,-5.1347463285150035,-0.14368616810691634,-0.1414632065114047,0.08070833333333334,0.12450000000000001,0.03367812499999999,0.2076818583427073,0.15246115059453527,1.0,1.0
gradual_treatment,policy_value,5,8823.93926146576,8823.93926146576,11.040340743498865,0.0804650517457554,0.07777455989707503,0.25,0.27775,0.033886458333333334,0.21347064614057168,,0.03333333333333333,0.03333333333333333
gradual_treatment,policy_value,6,8800.880117685794,17624.819379151555,11.053183480440575,0.08160472241919353,0.0779171010200566,0.25,0.27608333333333335,0.03294583333333332,0.2138712056237551,0.17840027170505582,0.16666666666666666,0.16666666666666666
gradual_treatment,policy_value,7,8739.127014693126,26363.94639384468,10.955158768366406,0.08071764844851384,0.07779226625290298,0.25,0.2743333333333334,0.03275937499999999,0.21576885216192074,0.14928722461754404,0.1,0.1
gradual_treatment,policy_value,8,8685.545267815349,35049.49166166003,10.929848251435853,0.08064468709914178,0.07776365003295592,0.25,0.2738333333333333,0.03255833333333332,0.21294159829081977,0.14266265500665523,0.23333333333333334,0.23333333333333334
gradual_treatment,policy_value,9,8630.17104645017,43679.6627081102,10.881463808062712,0.08161511411715858,0.08063810833016848,0.25,0.2753333333333333,0.03369374999999999,0.21377971881630467,0.14832175238558448,0.3,0.3
gradual_treatment,policy_value,10,8085.734222036397,51765.3969301466,10.180084444212163,0.08117655333091109,0.0745810701377831,0.25,0.27329166666666665,0.03454062499999999,0.21535038425883749,0.1409175625872866,0.23333333333333334,0.23333333333333334
gradual_treatment,policy_value,11,7983.86971871452,59749.266648861114,10.042337148393152,0.08106221461154882,0.07997368865496393,0.25,0.275,0.03357291666666666,0.21502959392477008,0.13983635735997751,0.2,0.2
gradual_treatment,policy_value,12,7848.585544415708,67597.85219327682,9.883648597186301,0.08042146511811366,0.08553795228876475,0.25,0.27625,0.03327604166666665,0.21804351731305247,0.16087270332471268,0.23333333333333334,0.23333333333333334
gradual_treatment,policy_value,13,7558.794743756971,75156.6469370338,9.500576763029548,0.08122687544591475,0.07891224003550933,0.25,0.2745416666666667,0.033864583333333316,0.2197044661306851,0.15019546953452872,0.16666666666666666,0.16666666666666666
gradual_treatment,policy_value,14,5182.4704628527925,80339.11739988659,6.582254745232657,0.04767986792676758,0.07787592890110995,0.25,0.274875,0.03282812499999999,0.21945549188609773,0.15207980639030272,0.3333333333333333,0.3333333333333333
gradual_treatment,policy_value,15,2489.202689255459,82828.32008914206,3.226086694902657,0.014652907809128717,0.06527734843469551,0.25,0.278375,0.033721875,0.22172875958619986,0.1476343540798165,0.36666666666666664,0.36666666666666664
gradual_treatment,policy_value,16,30.852562845064423,82859.17265198712,0.13231570355633052,-0.0174629436596788,0.057853725219610984,0.25,0.27537500000000004,0.034286458333333325,0.22105678699578413,0.15953397357745042,0.3,0.3
gradual_treatment,policy_value,17,-2031.4722003628108,80827.7004516243,-2.414340250453513,-0.046455161026183675,0.05294159719180849,0.25,0.273625,0.03408333333333333,0.22065310222258916,0.16010469908006036,0.4,0.4
gradual_treatment,policy_value,18,-4222.9730641712495,76604.72738745305,-5.1120496635473955,-0.07422888355042455,0.035801197952447204,0.24791666666666667,0.27120833333333333,0.03288958333333332,0.2187655383481569,0.15067446048340413,0.5333333333333333,0.5333333333333333
gradual_treatment,policy_value,19,-5971.9309961146155,70632.79639133843,-7.277413745143268,-0.09896908312312792,0.01320627698696421,0.24508333333333335,0.26766666666666666,0.03411145833333333,0.21901965391510783,0.15588523467430762,0.6,0.6
gradual_treatment,policy_value,20,-7193.445234863509,63439.35115647493,-8.773056543579385,-0.12193406373035318,-0.014030522974545307,0.22758333333333333,0.2533333333333333,0.03341249999999999,0.21608837581793547,0.15648580404266565,0.7,0.7
gradual_treatment,policy_value,21,-7736.259466815654,55703.091689659275,-9.430741000186234,-0.14339413936975134,-0.054072430545883635,0.1985,0.227,0.03369895833333333,0.2111054206715603,0.14316842588100706,0.7666666666666667,0.7666666666666667
gradual_treatment,policy_value,22,-6338.0528582784045,49365.03883138087,-7.693399406181339,-0.1434108614380806,-0.08913911228933456,0.15491666666666667,0.18958333333333333,0.03303541666666665,0.2117794437394391,0.14350715975163045,0.7333333333333333,0.7333333333333333
gradual_treatment,policy_value,23,-5571.743698973834,43793.29513240704,-6.704262957050626,-0.14334305856753154,-0.11333077441775798,0.12633333333333333,0.16270833333333332,0.03242708333333332,0.20795688261512169,0.12649245878819348,0.8333333333333334,0.8333333333333334
gradual_treatment,policy_value,24,-4620.753826684994,39172.54130572205,-5.578025616689576,-0.14395025261507685,-0.13650005474520424,0.09225,0.13329166666666667,0.032655208333333324,0.2089005903391549,0.11246654155127188,0.6333333333333333,0.6333333333333333
gradual_treatment,policy_value,25,-4203.930493030018,34968.61081269202,-5.025746449620855,-0.14306615763690916,-0.14207903269754005,0.07775,0.11970833333333333,0.03394374999999998,0.20957987432221967,0.12184336395924171,0.7333333333333333,0.7333333333333333
gradual_treatment,policy_value,26,-3994.592968217583,30974.017844474445,-4.784907876938646,-0.14319153028478995,-0.14970241945820054,0.07170833333333333,0.11358333333333334,0.03367395833333332,0.20952801761832143,0.12249808955989487,0.6666666666666666,0.6666666666666666
gradual_treatment,policy_value,27,-4019.594760157638,26954.423084316808,-4.836993450197047,-0.1437376402914524,-0.15023562585160308,0.07345833333333333,0.11454166666666668,0.03319895833333332,0.2116723827285365,0.11723138577423965,0.6,0.6
gradual_treatment,policy_value,28,-3929.878080694825,23024.54500362198,-4.724847600868531,-0.14358954896402876,-0.15099017625027797,0.06804166666666665,0.11274999999999999,0.03312812499999999,0.20875975972802271,0.1254151629150703,0.6,0.6
gradual_treatment,policy_value,29,-4186.971327905597,18837.573675716387,-4.9941308265486635,-0.14368616810691634,-0.15141809171001636,0.07720833333333334,0.12166666666666666,0.03352708333333332,0.20932387435910707,0.12135791918532467,0.7666666666666667,0.7666666666666667
gradual_treatment,policy_value_confident,5,8832.272594799093,8832.272594799093,11.040340743498865,0.0804650517457554,0.07777455989707503,0.25,0.27775,0.033886458333333334,0.21347064614057168,,0.0,0.0
gradual_treatment,policy_value_confident,6,8841.604653312515,17673.877248111607,11.052005816640644,0.08160472241919353,0.07806138402382837,0.25,0.27595833333333336,0.032962499999999985,0.21392920729110157,0.1786469347762118,0.0,0.0
gradual_treatment,policy_value_confident,7,8802.338151245913,26476.215399357523,11.00292268905739,0.08071764844851384,0.07770890629002587,0.25,0.27441666666666664,0.03274583333333332,0.21548558644925986,0.15013533613258526,0.0,0.0
gradual_treatment,policy_value_confident,8,8765.165434260165,35241.38083361769,10.956456792825207,0.08064468709914178,0.0777011438024903,0.25,0.27395833333333336,0.032383333333333326,0.21278875554924256,0.1436506271369178,0.0,0.0
gradual_treatment,policy_value_confident,9,8932.089154439247,44173.46998805694,11.16511144304906,0.08161511411715858,0.0784111437065742,0.25,0.27520833333333333,0.03369895833333333,0.21380889038218845,0.14773027814029593,0.0,0.0
gradual_treatment,policy_value_confident,10,8778.47956191032,52951.94954996726,10.973099452387903,0.08117655333091109,0.07830754427912676,0.25,0.27308333333333334,0.03493645833333332,0.2137311543467031,0.14610437593122755,0.0,0.0
gradual_treatment,policy_value_confident,11,8868.728897335644,61820.678447302904,11.085911121669557,0.08106221461154882,0.07792783895452007,0.25,0.27449999999999997,0.03394791666666666,0.21200648087033755,0.15360378891456639,0.0,0.0
gradual_treatment,policy_value_confident,12,8706.462146286673,70527.14059358957,10.91432768285834,0.08042146511811366,0.07723559779139925,0.25,0.27520833333333333,0.033078124999999986,0.21370684690035419,0.17299307389881818,0.1,0.1
gradual_treatment,policy_value_confident,13,8391.510800232089,78918.65139382167,10.510221833623444,0.08122687544591475,0.07967726586251986,0.25,0.27379166666666666,0.033839583333333326,0.21593631317433,0.15416045146422314,0.06666666666666667,0.06666666666666667
gradual_treatment,policy_value_confident,14,5999.161507375998,84917.81290119766,7.51978521755333,0.04767986792676758,0.0788211641974668,0.25,0.27575000000000005,0.032958333333333326,0.21317959375647563,0.144934501354361,0.06666666666666667,0.06666666666666667
gradual_treatment,policy_value_confident,15,3663.9902734768816,88581.80317467454,4.611237841846102,0.014652907809128717,0.07715216274118798,0.25,0.27729166666666666,0.03376874999999999,0.21419178784285192,0.142755755015465,0.1,0.1
gradual_treatment,policy_value_confident,16,916.9923407805852,89498.79551545513,1.1879070926423982,-0.0174629436596788,0.07092517391060803,0.25,0.2760416666666667,0.033572916666666654,0.21498980463089967,0.15570426649405475,0.13333333333333333,0.13333333333333333
gradual_treatment,policy_value_confident,17,-1223.4272122027842,88275.36830325234,-1.4980340152534803,-0.046455161026183675,0.06376748528395472,0.25,0.27279166666666665,0.033401041666666666,0.21569444584338002,0.15945949108431315,0.1,0.1
gradual_treatment,policy_value_confident,18,-3522.4861543743514,84752.882148878,-4.351024359634605,-0.07422888355042455,0.05827461596942562,0.24791666666666667,0.2714166666666667,0.03297499999999999,0.21378168451939056,0.16305377467064172,0.16666666666666666,0.16666666666666666
gradual_treatment,policy_value_confident,19,-5368.717515636019,79384.16463324198,-6.679646894545024,-0.09896908312312792,0.05090487616558368,0.24666666666666667,0.26966666666666667,0.03488854166666665,0.21653080668334848,0.17909009374685145,0.1,0.1
gradual_treatment,policy_value_confident,20,-7188.889555007586,72195.2750782344,-8.902778610426148,-0.12193406373035318,0.03940860428931545,0.24329166666666666,0.2676666666666667,0.033065624999999994,0.21375866392275383,0.18431155051532183,0.26666666666666666,0.26666666666666666
gradual_treatment,policy_value_confident,21,-8095.9814792345505,64099.293598999844,-10.015810182376521,-0.14339413936975134,0.014200400622120864,0.22229166666666667,0.24729166666666666,0.034336458333333326,0.21342976899675245,0.1848799953563253,0.3333333333333333,0.3333333333333333
gradual_treatment,policy_value_confident,22,-7390.026790930181,56709.26680806966,-9.13336682199606,-0.1434108614380806,-0.019005153115367643,0.19575,0.225875,0.03316041666666665,0.21456040038446175,0.1890005131913936,0.3333333333333333,0.3333333333333333
gradual_treatment,policy_value_confident,23,-6519.176637267256,50190.0901708024,-8.02397079658407,-0.14334305856753154,-0.04680021550545513,0.16616666666666668,0.19891666666666669,0.03205624999999998,0.21044926743014145,0.1708400391941768,0.4,0.4
gradual_treatment,policy_value_confident,24,-5553.465212047896,44636.62495875451,-6.795998181726536,-0.14395025261507685,-0.0940241089960106,0.12770833333333334,0.16524999999999998,0.03291041666666665,0.21031506237480274,0.14425326987383907,0.4666666666666667,0.4666666666666667
gradual_treatment,policy_value_confident,25,-4892.907023456965,39743.71793529754,-5.970300445987873,-0.14306615763690916,-0.11176946615928865,0.10666666666666667,0.14633333333333332,0.03387812499999999,0.2107998138914847,0.1422431861065357,0.4666666666666667,0.4666666666666667
gradual_treatment,policy_value_confident,26,-4327.065462233276,35416.65247306426,-5.2734151611249285,-0.14319153028478995,-0.12110910040362607,0.09037500000000001,0.13004166666666667,0.03436041666666666,0.2113301563430114,0.15048827482332924,0.43333333333333335,0.43333333333333335
gradual_treatment,policy_value_confident,27,-4348.339534737794,31068.31293832647,-5.310424418422242,-0.1437376402914524,-0.12894162841094142,0.08891666666666667,0.128375,0.033164583333333324,0.21141972099167783,0.1343812473357951,0.4,0.4
gradual_treatment,policy_value_confident,28,-4180.844029436367,26887.468908890103,-5.132305036795459,-0.14358954896402876,-0.14163749698186015,0.07895833333333332,0.1225,0.03297604166666666,0.20943873700414117,0.13252398478581465,0.3,0.3
gradual_treatment,policy_value_confident,29,-4431.933066280696,22455.53584260941,-5.435749666184204,-0.14368616810691634,-0.13912337854307122,0.087875,0.13166666666666668,0.03325833333333333,0.2081362533274113,0.13222684446582994,0.3333333333333333,0.3333333333333333
none,cate_shift,5,8832.272594799093,8832.272594799093,11.040340743498865,0.0804650517457554,0.07777455989707503,0.25,0.27775,0.033886458333333334,0.21347064614057168,,0.0,0.0
none,cate_shift,6,8799.93798664585,17632.210581444942,11.052005816640644,0.08160472241919353,0.07806138402382837,0.25,0.27595833333333336,0.032962499999999985,0.21392920729110157,0.1786469347762118,0.16666666666666666,0.16666666666666666
none,cate_shift,7,8707.509563032047,26339.72014447699,10.88438695379006,0.08071764844851384,0.07637949538637649,0.25,0.2743333333333334,0.032791666666666656,0.21559358044455668,0.1490667089143338,0.0,0.0
none,cate_shift,8,8686.851763795392,35026.57190827238,10.858564704744241,0.08064468709914178,0.07622093796250663,0.25,0.27408333333333335,0.03228333333333332,0.21282281462749503,0.14386013391308125,0.0,0.0
none,cate_shift,9,8826.724258603168,43853.296166875545,11.043821989920625,0.08161511411715858,0.07694187783044842,0.25,0.275125,0.03393749999999999,0.21375055219847094,0.14880134036426573,0.03333333333333333,0.03333333333333333
none,cate_shift,10,8594.175359616533,52447.47152649208,10.753135866187332,0.08117655333091109,0.07589978392678925,0.25,0.272875,0.03493333333333333,0.2139507010311409,0.14423628668463434,0.03333333333333333,0.03333333333333333
none,cate_shift,11,8636.297397330876,61083.76892382296,10.805788413330264,0.08106221461154882,0.07335150751305321,0.25,0.27449999999999997,0.0336625,0.21276774748353297,0.14907070538819547,0.03333333333333333,0.03333333333333333
none,cate_shift,12,8511.026997066752,69594.79592088971,10.659617079666775,0.08042146511811366,0.07561012510855004,0.25,0.2758333333333333,0.03346666666666666,0.21500110815702217,0.16822458007900473,0.06666666666666667,0.06666666666666667
none,cate_shift,13,8297.372207496654,77892.16812838636,10.371715259370818,0.08122687544591475,0.07384207438674235,0.25,0.275,0.033781249999999985,0.21637231667887302,0.15367188614433766,0.0,0.0
none,cate_shift,14,8304.502663432017,86196.67079181838,10.391044995956689,0.08190814214253996,0.07509743689729732,0.25,0.27520833333333333,0.03317916666666666,0.21437737706470453,0.1544524817326514,0.03333333333333333,0.03333333333333333
none,cate_shift,15,8281.76602215212,94478.4368139705,10.352207527690151,0.08174743635984072,0.07115852498745494,0.25,0.2771666666666667,0.03390624999999999,0.21556224880313363,0.14985555705138853,0.0,0.0
none,cate_shift,16,7974.933480050494,102453.37029402099,9.979083516729785,0.08057696663407526,0.06969786395846726,0.25,0.2750833333333333,0.033515624999999986,0.21685284325476217,0.15391296347934844,0.03333333333333333,0.03333333333333333
none,cate_shift,17,8050.622387644804,110503.9926816658,10.073694651222672,0.08106793851047697,0.06881687350398526,0.25,0.27258333333333334,0.03331666666666667,0.21571900165535157,0.14764865875298558,0.03333333333333333,0.03333333333333333
none,cate_shift,18,7978.855065522801,118482.8477471886,9.973568831903501,0.08059227227914366,0.06630724757419856,0.25,0.2733333333333333,0.033086458333333325,0.21463888117738267,0.13775926090205495,0.0,0.0
none,cate_shift,19,8145.613703423759,126628.46145061236,10.182017129279698,0.08142206922273963,0.06676215728296947,0.25,0.27245833333333336,0.03448437499999998,0.21687702368213632,0.14626093372607965,0.0,0.0
none,cate_shift,20,8095.632425918851,134724.0938765312,10.12995719906523,0.08218156442415306,0.06842311000927889,0.25,0.2735,0.03347291666666665,0.21722857169513635,0.15339686534703573,0.03333333333333333,0.03333333333333333
none,cate_shift,21,8062.27732305208,142786.3711995833,10.088263320481765,0.08138195121109368,0.06809330199342849,0.25,0.27316666666666667,0.033784374999999985,0.21805953148047355,0.1547461662871553,0.03333333333333333,0.03333333333333333
none,cate_shift,22,8225.946404277573,151012.31760386087,10.292849672013633,0.08171466778124672,0.0652084045975829,0.25,0.2768333333333333,0.03249791666666666,0.21923421984336972,0.15574081254586064,0.03333333333333333,0.03333333333333333
none,cate_shift,23,8038.76236418589,159051.07996804678,10.058869621899028,0.08170828614283554,0.06938396756813296,0.25,0.27441666666666664,0.03263437499999999,0.2172661157709898,0.14702480532664777,0.03333333333333333,0.03333333333333333
none,cate_shift,24,8154.213607631231,167205.293575678,10.192767009539038,0.08154428221496547,0.06752188997004217,0.25,0.27741666666666664,0.03258854166666666,0.2183268771676183,0.1457006931770666,0.0,0.0
none,cate_shift,25,8113.629052350866,175318.92262802884,10.152452982105249,0.08229303842319229,0.06893052247052454,0.25,0.27475,0.03333020833333332,0.21847574321233898,0.1527053620209023,0.03333333333333333,0.03333333333333333
none,cate_shift,26,7970.236943784714,183289.15957181356,9.973212846397558,0.08208573242214265,0.06547797284283167,0.25,0.27387500000000004,0.03432499999999999,0.217685537886906,0.16092147750897273,0.03333333333333333,0.03333333333333333
none,cate_shift,27,7898.201173580593,191187.36074539417,9.883168133642409,0.08102417973366832,0.06326196694950056,0.25,0.27449999999999997,0.032345833333333324,0.21710397735392464,0.16143577078957785,0.03333333333333333,0.03333333333333333
none,cate_shift,28,7933.185621145318,199120.54636653946,9.926898693098314,0.0815356159707261,0.06696976048977919,0.25,0.27741666666666664,0.03241979166666667,0.21687878831733162,0.14900578332895165,0.03333333333333333,0.03333333333333333
none,cate_shift,29,7986.257879782457,207106.80424632193,9.982822349728073,0.08089910756055883,0.06342353246378185,0.25,0.27775,0.03430312499999999,0.21749520884810533,0.1476057641907326,0.0,0.0
none,feature_drift,5,8832.272594799093,8832.272594799093,11.040340743498865,0.0804650517457554,0.07777455989707503,0.25,0.27775,0.033886458333333334,0.21347064614057168,,0.0,0.0
none,feature_drift,6,8841.604653312515,17673.877248111607,11.052005816640644,0.08160472241919353,0.07806138402382837,0.25,0.27595833333333336,0.032962499999999985,0.21392920729110157,0.1786469347762118,0.0,0.0
none,feature_drift,7,8802.338151245913,26476.215399357523,11.00292268905739,0.08071764844851384,0.07770890629002587,0.25,0.27441666666666664,0.03274583333333332,0.21548558644925986,0.15013533613258526,0.0,0.0
none,feature_drift,8,8765.165434260165,35241.38083361769,10.956456792825207,0.08064468709914178,0.0777011438024903,0.25,0.27395833333333336,0.032383333333333326,0.21278875554924256,0.1436506271369178,0.0,0.0
none,feature_drift,9,8932.089154439247,44173.46998805694,11.16511144304906,0.08161511411715858,0.0784111437065742,0.25,0.27520833333333333,0.03369895833333333,0.21380889038218845,0.14773027814029593,0.0,0.0
none,feature_drift,10,8778.47956191032,52951.94954996726,10.973099452387903,0.08117655333091109,0.07830754427912676,0.25,0.27308333333333334,0.03493645833333332,0.2137311543467031,0.14610437593122755,0.0,0.0
none,feature_drift,11,8868.728897335644,61820.678447302904,11.085911121669557,0.08106221461154882,0.07792783895452007,0.25,0.27449999999999997,0.03394791666666666,0.21200648087033755,0.15360378891456639,0.0,0.0
none,feature_drift,12,8731.462146286673,70552.14059358957,10.91432768285834,0.08042146511811366,0.07723559779139925,0.25,0.27520833333333333,0.033078124999999986,0.21370684690035419,0.17299307389881818,0.0,0.0
none,feature_drift,13,8768.001662201708,79320.14225579127,10.960002077752135,0.08122687544591475,0.07868222317643905,0.25,0.27387500000000004,0.03389791666666665,0.21407755395591677,0.16026122204322293,0.0,0.0
none,feature_drift,14,8772.561406698249,88092.70366248953,10.97611842503948,0.08190814214253996,0.07877896916628137,0.25,0.2745416666666667,0.03298124999999999,0.21244945770277424,0.15318665988456365,0.03333333333333333,0.03333333333333333
none,feature_drift,15,8747.139779171424,96839.84344166097,10.93392472396428,0.08174743635984072,0.07930606444064564,0.25,0.2778333333333334,0.03407708333333333,0.21355639656104997,0.1411178214041907,0.0,0.0
none,feature_drift,16,8425.118681095193,105264.96212275614,10.53139835136899,0.08057696663407526,0.07781026859596167,0.25,0.27570833333333333,0.03350520833333332,0.21435373406827465,0.1446662075907625,0.0,0.0
none,feature_drift,17,8645.13457342184,113910.09669617799,10.806418216777299,0.08106793851047697,0.07802119617269938,0.25,0.27299999999999996,0.03343125,0.213872441723135,0.1360628222225341,0.0,0.0
none,feature_drift,18,8492.642295148928,122402.73899132691,10.615802868936159,0.08059227227914366,0.07801122889595126,0.25,0.273625,0.03297291666666666,0.2117898110873669,0.1306886275724023,0.0,0.0
none,feature_drift,19,8678.281746474511,131081.02073780142,10.847852183093137,0.08142206922273963,0.0789803846496963,0.25,0.2723333333333333,0.034704166666666654,0.21366434727361813,0.14009215674070377,0.0,0.0
none,feature_drift,20,8620.101450138842,139701.12218794026,10.775126812673554,0.08218156442415306,0.0792216937854942,0.25,0.2737916666666667,0.03329687499999999,0.21391642942493286,0.14380282084457852,0.0,0.0
none,feature_drift,21,8647.954839476459,148349.07702741673,10.809943549345572,0.08138195121109368,0.07865381870663023,0.25,0.27299999999999996,0.034039583333333324,0.2144466810515863,0.1471713335806263,0.0,0.0
none,feature_drift,22,8834.430622806829,157183.50765022356,11.043038278508536,0.08171466778124672,0.07934107104228201,0.25,0.27620833333333333,0.03268020833333332,0.2165839077250162,0.14963827364268675,0.0,0.0
none,feature_drift,23,8592.140042052844,165775.64769227643,10.740175052566055,0.08170828614283554,0.07795608001981018,0.25,0.275,0.033044791666666656,0.21449514364497535,0.13875218660184488,0.0,0.0
none,feature_drift,24,8654.54845575205,174430.19614802845,10.818185569690062,0.08154428221496547,0.07879290144118763,0.25,0.2764166666666667,0.03280312499999999,0.21350256641422014,0.13946743183936727,0.0,0.0
none,feature_drift,25,8716.198356719957,183146.3945047484,10.895247945899944,0.08229303842319229,0.07918323994428265,0.25,0.27558333333333335,0.03376458333333331,0.2143071985082799,0.1377746589871626,0.0,0.0
none,feature_drift,26,8619.927698417747,191766.32220316617,10.785326289688848,0.08208573242214265,0.07937090059662875,0.25,0.274125,0.034173958333333324,0.2138216581416176,0.15228672882439767,0.03333333333333333,0.03333333333333333
none,feature_drift,27,8516.26244088626,200282.5846440524,10.645328051107827,0.08102417973366832,0.0768450068708751,0.25,0.27420833333333333,0.032941666666666654,0.21451713846541445,0.14992357872627482,0.0,0.0
none,feature_drift,28,8597.210387886667,208879.7950319391,10.746512984858335,0.0815356159707261,0.07732354855167105,0.25,0.27666666666666667,0.03310312499999999,0.21298658585244967,0.1404242823219909,0.0,0.0
none,feature_drift,29,8599.681904047062,217479.47693598614,10.749602380058827,0.08089910756055883,0.07685037034639637,0.25,0.2775416666666667,0.03467083333333332,0.21308681904152263,0.13928510269850225,0.0,0.0
none,never,5,8832.272594799093,8832.272594799093,11.040340743498865,0.0804650517457554,0.07777455989707503,0.25,0.27775,0.033886458333333334,0.21347064614057168,,0.0,0.0
none,never,6,8841.604653312515,17673.877248111607,11.052005816640644,0.08160472241919353,0.07806138402382837,0.25,0.27595833333333336,0.032962499999999985,0.21392920729110157,0.1786469347762118,0.0,0.0
none,never,7,8802.338151245913,26476.215399357523,11.00292268905739,0.08071764844851384,0.07770890629002587,0.25,0.27441666666666664,0.03274583333333332,0.21548558644925986,0.15013533613258526,0.0,0.0
none,never,8,8765.165434260165,35241.38083361769,10.956456792825207,0.08064468709914178,0.0777011438024903,0.25,0.27395833333333336,0.032383333333333326,0.21278875554924256,0.1436506271369178,0.0,0.0
none,never,9,8932.089154439247,44173.46998805694,11.16511144304906,0.08161511411715858,0.0784111437065742,0.25,0.27520833333333333,0.03369895833333333,0.21380889038218845,0.14773027814029593,0.0,0.0
none,never,10,8778.47956191032,52951.94954996726,10.973099452387903,0.08117655333091109,0.07830754427912676,0.25,0.27308333333333334,0.03493645833333332,0.2137311543467031,0.14610437593122755,0.0,0.0
none,never,11,8868.728897335644,61820.678447302904,11.085911121669557,0.08106221461154882,0.07792783895452007,0.25,0.27449999999999997,0.03394791666666666,0.21200648087033755,0.15360378891456639,0.0,0.0
none,never,12,8731.462146286673,70552.14059358957,10.91432768285834,0.08042146511811366,0.07723559779139925,0.25,0.27520833333333333,0.033078124999999986,0.21370684690035419,0.17299307389881818,0.0,0.0
none,never,13,8768.001662201708,79320.14225579127,10.960002077752135,0.08122687544591475,0.07868222317643905,0.25,0.27387500000000004,0.03389791666666665,0.21407755395591677,0.16026122204322293,0.0,0.0
none,never,14,8780.894740031583,88101.03699582285,10.97611842503948,0.08190814214253996,0.07877896916628137,0.25,0.2745416666666667,0.03298124999999999,0.21244945770277424,0.15318665988456365,0.0,0.0
none,never,15,8950.065092587009,97051.10208840988,11.187581365733761,0.08174743635984072,0.07890547632318495,0.25,0.27745833333333336,0.034089583333333326,0.21319458133616104,0.14279543116914958,0.0,0.0
none,never,16,8655.853374332537,105706.95546274241,10.819816717915671,0.08057696663407526,0.07781180316297504,0.25,0.27575000000000005,0.03339895833333332,0.21401282472706087,0.14702083530854057,0.0,0.0
none,never,17,8852.089923616557,114559.04538635896,11.065112404520697,0.08106793851047697,0.07797206553707614,0.25,0.27291666666666664,0.033378125,0.21363498633257877,0.13711427616258762,0.0,0.0
none,never,18,8696.030837276512,123255.0762236355,10.870038546595643,0.08059227227914366,0.07766610319779478,0.25,0.27358333333333335,0.03300520833333333,0.2114134573975936,0.13141254985071651,0.0,0.0
none,never,19,8882.080663943894,132137.1568875794,11.102600829929868,0.08142206922273963,0.07822090822910281,0.25,0.2725,0.03464895833333332,0.2133019944667944,0.1377668687157662,0.0,0.0
none,never,20,8834.852369840943,140972.00925742032,11.043565462301178,0.08218156442415306,0.07952885561229055,0.25,0.27358333333333335,0.03318854166666666,0.2137027122559147,0.13998517821457387,0.0,0.0
none,never,21,8878.63310502441,149850.64236244472,11.098291381280513,0.08138195121109368,0.07854087088560882,0.25,0.27316666666666667,0.03386145833333332,0.21425698915246513,0.1440056928894871,0.0,0.0
none,never,22,9030.834384485053,158881.47674692978,11.288542980606318,0.08171466778124672,0.07894802788026109,0.25,0.27599999999999997,0.032741666666666655,0.21617587893670376,0.14605634818898308,0.0,0.0
none,never,23,8812.8910446682,167694.367791598,11.016113805835252,0.08170828614283554,0.07845414530023799,0.25,0.2752916666666667,0.03283229166666666,0.21394899531538492,0.1379918772491209,0.0,0.0
none,never,24,8872.16925088381,176566.5370424818,11.090211563604761,0.08154428221496547,0.07870381301538171,0.25,0.27625,0.032839583333333325,0.21331996350447963,0.13930062467494933,0.0,0.0
none,never,25,8908.22274221297,185474.75978469476,11.135278427766213,0.08229303842319229,0.07909072142361792,0.25,0.27570833333333333,0.03370624999999998,0.2140454725447833,0.13703405985971392,0.0,0.0
none,never,26,8804.120765416075,194278.88055011083,11.005150956770093,0.08208573242214265,0.07892815889275684,0.25,0.27408333333333335,0.034322916666666654,0.2134907248966418,0.15123841881392014,0.0,0.0
none,never,27,8782.231664648183,203061.11221475902,10.97778958081023,0.08102417973366832,0.07822927344373075,0.25,0.27395833333333336,0.03278437499999999,0.2138930175872788,0.14859435015900185,0.0,0.0
none,never,28,8825.846050866323,211886.95826562535,11.032307563582906,0.0815356159707261,0.07843503496207652,0.25,0.27708333333333335,0.03317708333333333,0.2123550990803774,0.13749468984061392,0.0,0.0
none,never,29,8855.559310828385,220742.51757645374,11.06944913853548,0.08089910756055883,0.07780842033428442,0.25,0.2775416666666667,0.03450937499999998,0.21231333508064434,0.1372117037935265,0.0,0.0
none,performance,5,8832.272594799093,8832.272594799093,11.040340743498865,0.0804650517457554,0.07777455989707503,0.25,0.27775,0.033886458333333334,0.21347064614057168,,0.0,0.0
none,performance,6,8841.604653312515,17673.877248111607,11.052005816640644,0.08160472241919353,0.07806138402382837,0.25,0.27595833333333336,0.032962499999999985,0.21392920729110157,0.1786469347762118,0.0,0.0
none,performance,7,8802.338151245913,26476.215399357523,11.00292268905739,0.08071764844851384,0.07770890629002587,0.25,0.27441666666666664,0.03274583333333332,0.21548558644925986,0.15013533613258526,0.0,0.0
none,performance,8,8765.165434260165,35241.38083361769,10.956456792825207,0.08064468709914178,0.0777011438024903,0.25,0.27395833333333336,0.032383333333333326,0.21278875554924256,0.1436506271369178,0.0,0.0
none,performance,9,8932.089154439247,44173.46998805694,11.16511144304906,0.08161511411715858,0.0784111437065742,0.25,0.27520833333333333,0.03369895833333333,0.21380889038218845,0.14773027814029593,0.0,0.0
none,performance,10,8778.47956191032,52951.94954996726,10.973099452387903,0.08117655333091109,0.07830754427912676,0.25,0.27308333333333334,0.03493645833333332,0.2137311543467031,0.14610437593122755,0.0,0.0
none,performance,11,8868.728897335644,61820.678447302904,11.085911121669557,0.08106221461154882,0.07792783895452007,0.25,0.27449999999999997,0.03394791666666666,0.21200648087033755,0.15360378891456639,0.0,0.0
none,performance,12,8731.462146286673,70552.14059358957,10.91432768285834,0.08042146511811366,0.07723559779139925,0.25,0.27520833333333333,0.033078124999999986,0.21370684690035419,0.17299307389881818,0.0,0.0
none,performance,13,8759.668328868374,79311.80892245795,10.960002077752135,0.08122687544591475,0.07868222317643905,0.25,0.27387500000000004,0.03389791666666665,0.21407755395591677,0.16026122204322293,0.03333333333333333,0.03333333333333333
none,performance,14,8683.399194950312,87995.20811740826,10.85424899368789,0.08190814214253996,0.07704413261916325,0.25,0.27466666666666667,0.03283229166666666,0.2129737713803956,0.1524598255694858,0.0,0.0
none,performance,15,8840.50412024855,96835.71223765681,11.061046816977354,0.08174743635984072,0.07703652012581802,0.25,0.2776666666666667,0.03405624999999999,0.21346992216177707,0.1453986533377216,0.03333333333333333,0.03333333333333333
none,performance,16,8531.980734570485,105367.69297222729,10.675392584879773,0.08057696663407526,0.07631416391029795,0.25,0.2758333333333333,0.03335416666666666,0.2142117388681454,0.14703980456412777,0.03333333333333333,0.03333333333333333
none,performance,17,8680.555098106704,114048.24807033401,10.85069387263338,0.08106793851047697,0.0764197887382331,0.25,0.27237500000000003,0.033078125,0.21407101246369203,0.1371854875992365,0.0,0.0
none,performance,18,8508.692426431537,122556.94049676554,10.635865533039423,0.08059227227914366,0.07586640080083087,0.25,0.2735416666666667,0.033187499999999995,0.2121160660301386,0.1329594137467293,0.0,0.0
none,performance,19,8689.245623046923,131246.18611981245,10.861557028808654,0.08142206922273963,0.07597075688158222,0.25,0.2725,0.03468437499999999,0.2138762165628384,0.14036420997184043,0.0,0.0
none,performance,20,8678.647422552978,139924.83354236546,10.848309278191225,0.08218156442415306,0.07749176765826725,0.25,0.2735,0.03298749999999999,0.214325076926316,0.14278467202174308,0.0,0.0
none,performance,21,8692.713088331642,148617.54663069706,10.876308027081219,0.08138195121109368,0.07680724559510678,0.25,0.27325,0.03387395833333332,0.2147877973830137,0.14736294904907668,0.03333333333333333,0.03333333333333333
none,performance,22,8952.844024428838,157570.39065512593,11.191055030536047,0.08171466778124672,0.07983179205722056,0.25,0.27608333333333335,0.03283333333333332,0.21642747870823958,0.14473555384184908,0.0,0.0
none,performance,23,8720.570506490589,166290.96116161652,10.900713133113237,0.08170828614283554,0.0791593944840707,0.25,0.275,0.03308437499999999,0.21453198083418512,0.1387686220311962,0.0,0.0
none,performance,24,8773.637508935582,175064.59867055208,10.977463552836145,0.08154428221496547,0.07940279231489236,0.25,0.27625,0.03254583333333332,0.2138241857124612,0.14082891422733873,0.03333333333333333,0.03333333333333333
none,performance,25,8813.001473220102,183877.6001437722,11.03708517485846,0.08229303842319229,0.08097240153992356,0.25,0.2758333333333333,0.03374270833333332,0.21473646890319376,0.13777794580653682,0.06666666666666667,0.06666666666666667
none,performance,26,8648.872801562411,192526.4729453346,10.821507668619681,0.08208573242214265,0.0802472329214536,0.25,0.274,0.03413645833333332,0.21429347870195797,0.1482932418098794,0.03333333333333333,0.03333333333333333
none,performance,27,8649.10004195865,201175.57298729327,10.811375052448314,0.08102417973366832,0.07840752287888038,0.25,0.2734583333333333,0.03268124999999999,0.2145412472718938,0.14596169669615747,0.0,0.0
none,performance,28,8696.759054091106,209872.33204138436,10.870948817613883,0.0815356159707261,0.07903561548372534,0.25,0.2768333333333333,0.033424999999999996,0.21305160070016887,0.13752269073976,0.0,0.0
none,performance,29,8720.942860003363,218593.27490138775,10.901178575004202,0.08089910756055883,0.07822637989773627,0.25,0.27737500000000004,0.03439270833333331,0.21303423201618518,0.1371554414822107,0.0,0.0
none,periodic,5,8832.272594799093,8832.272594799093,11.040340743498865,0.0804650517457554,0.07777455989707503,0.25,0.27775,0.033886458333333334,0.21347064614057168,,0.0,0.0
none,periodic,6,8841.604653312515,17673.877248111607,11.052005816640644,0.08160472241919353,0.07806138402382837,0.25,0.27595833333333336,0.032962499999999985,0.21392920729110157,0.1786469347762118,0.0,0.0
none,periodic,7,8802.338151245913,26476.215399357523,11.00292268905739,0.08071764844851384,0.07770890629002587,0.25,0.27441666666666664,0.03274583333333332,0.21548558644925986,0.15013533613258526,0.0,0.0
none,periodic,8,8765.165434260165,35241.38083361769,10.956456792825207,0.08064468709914178,0.0777011438024903,0.25,0.27395833333333336,0.032383333333333326,0.21278875554924256,0.1436506271369178,0.0,0.0
none,periodic,9,8682.089154439247,43923.46998805694,11.16511144304906,0.08161511411715858,0.0784111437065742,0.25,0.27520833333333333,0.03369895833333333,0.21380889038218845,0.14773027814029593,1.0,1.0
none,periodic,10,7127.727543248378,51051.19753130532,8.909659429060474,0.08117655333091109,0.08610180653764828,0.25,0.2719583333333333,0.03443333333333332,0.2227427460861732,0.12600191561059307,0.0,0.0
none,periodic,11,7166.253741082551,58217.451272387865,8.957817176353188,0.08106221461154882,0.08720386825652901,0.25,0.274125,0.033523958333333326,0.22004991008230604,0.15313703533940257,0.0,0.0
none,periodic,12,7098.137834039564,65315.589106427426,8.872672292549455,0.08042146511811366,0.08551350096881923,0.25,0.2753333333333333,0.03343645833333331,0.2235824129297346,0.1896513457561763,0.0,0.0
none,periodic,13,7103.162665163865,72418.7517715913,8.87895333145483,0.08122687544591475,0.08688281672224524,0.25,0.274625,0.033865624999999996,0.2224139584690505,0.18318718875644122,0.0,0.0
none,periodic,14,6909.494924842028,79328.24669643333,8.949368656052537,0.08190814214253996,0.08656183658314855,0.25,0.274875,0.03227187499999999,0.22232445034791806,0.18391809973878712,1.0,1.0
none,periodic,15,6495.330762339715,85823.57745877304,8.119163452924644,0.08174743635984072,0.07849896682422228,0.25,0.2778333333333334,0.03362812499999999,0.22396600457269722,0.13541045639925275,0.0,0.0
none,periodic,16,6237.417844511604,92060.99530328464,7.7967723056395055,0.08057696663407526,0.07680671189382234,0.25,0.27629166666666666,0.03337083333333332,0.22453231272278318,0.16628174566716883,0.0,0.0
none,periodic,17,6411.893348805883,98472.88865209052,8.014866686007354,0.08106793851047697,0.07738838139154298,0.25,0.27320833333333333,0.03406874999999999,0.22362175793298195,0.18435501656272932,0.0,0.0
none,periodic,18,6313.941630187068,104786.8302822776,7.892427037733834,0.08059227227914366,0.07858666065413943,0.25,0.2734583333333333,0.03255520833333333,0.2233389022495593,0.17205430751762718,0.0,0.0
none,periodic,19,6242.732206025318,111029.56248830291,8.115915257531647,0.08142206922273963,0.07742281404617947,0.25,0.27308333333333334,0.03439479166666664,0.2247238282948408,0.17358870857093242,1.0,1.0
none,periodic,20,7173.020714435067,118202.583202738,8.966275893043834,0.08218156442415306,0.06879770368997601,0.25,0.274375,0.03339583333333332,0.2246523035554015,0.12532227070864194,0.0,0.0
none,periodic,21,7191.676218748942,125394.25942148692,8.989595273436178,0.08138195121109368,0.06855667998694812,0.25,0.27258333333333334,0.03360104166666666,0.2234163387011337,0.1478902057466011,0.0,0.0
none,periodic,22,7342.94591525854,132737.20533674545,9.178682394073174,0.08171466778124672,0.0674133742314711,0.25,0.27687500000000004,0.03340624999999999,0.2243699774351291,0.1745814537398996,0.0,0.0
none,periodic,23,7151.02815262266,139888.2334893681,8.938785190778326,0.08170828614283554,0.06829093397202918,0.25,0.27395833333333336,0.03257499999999999,0.22330693466799287,0.16144622865267236,0.0,0.0
none,periodic,24,6920.846474033954,146809.07996340207,8.963558092542444,0.08154428221496547,0.06702938679375549,0.25,0.27625,0.032891666666666666,0.22286554914977605,0.16429328604690027,1.0,1.0
none,periodic,25,7458.097712801654,154267.17767620372,9.322622141002066,0.08229303842319229,0.08196299532398502,0.25,0.2765,0.03392604166666664,0.22223179677818417,0.12554186530229366,0.0,0.0
none,periodic,26,7376.905467796696,161644.0831440004,9.22113183474587,0.08208573242214265,0.08241674196068789,0.25,0.274125,0.03390416666666665,0.22082640920658295,0.15892738339199697,0.0,0.0
none,periodic,27,7272.727172759332,168916.81031675974,9.090908965949163,0.08102417973366832,0.08143357721026753,0.25,0.2743333333333334,0.03309895833333332,0.2229100272197711,0.1684676122373616,0.0,0.0
none,periodic,28,7273.302874934293,176190.11319169405,9.091628593667867,0.0815356159707261,0.0818211212430623,0.25,0.27629166666666666,0.03228749999999999,0.2218228419780181,0.15685993828362105,0.0,0.0
none,periodic,29,7191.043103260567,183381.1562949546,9.301303879075707,0.08089910756055883,0.0819083007974404,0.25,0.27825,0.03367812499999999,0.2217064589173589,0.15780986855645443,1.0,1.0
none,policy_value,5,8823.93926146576,8823.93926146576,11.040340743498865,0.0804650517457554,0.07777455989707503,0.25,0.27775,0.033886458333333334,0.21347064614057168,,0.03333333333333333,0.03333333333333333
none,policy_value,6,8800.880117685794,17624.819379151555,11.053183480440575,0.08160472241919353,0.0779171010200566,0.25,0.27608333333333335,0.03294583333333332,0.2138712056237551,0.17840027170505582,0.16666666666666666,0.16666666666666666
none,policy_value,7,8739.127014693126,26363.94639384468,10.955158768366406,0.08071764844851384,0.07779226625290298,0.25,0.2743333333333334,0.03275937499999999,0.21576885216192074,0.14928722461754404,0.1,0.1
none,policy_value,8,8685.545267815349,35049.49166166003,10.929848251435853,0.08064468709914178,0.07776365003295592,0.25,0.2738333333333333,0.03255833333333332,0.21294159829081977,0.14266265500665523,0.23333333333333334,0.23333333333333334
none,policy_value,9,8630.17104645017,43679.6627081102,10.881463808062712,0.08161511411715858,0.08063810833016848,0.25,0.2753333333333333,0.03369374999999999,0.21377971881630467,0.14832175238558448,0.3,0.3
none,policy_value,10,8085.734222036397,51765.3969301466,10.180084444212163,0.08117655333091109,0.0745810701377831,0.25,0.27329166666666665,0.03454062499999999,0.21535038425883749,0.1409175625872866,0.23333333333333334,0.23333333333333334
none,policy_value,11,7983.86971871452,59749.266648861114,10.042337148393152,0.08106221461154882,0.07997368865496393,0.25,0.275,0.03357291666666666,0.21502959392477008,0.13983635735997751,0.2,0.2
none,policy_value,12,7848.585544415708,67597.85219327682,9.883648597186301,0.08042146511811366,0.08553795228876475,0.25,0.27625,0.03327604166666665,0.21804351731305247,0.16087270332471268,0.23333333333333334,0.23333333333333334
none,policy_value,13,7558.794743756971,75156.6469370338,9.500576763029548,0.08122687544591475,0.07891224003550933,0.25,0.2745416666666667,0.033864583333333316,0.2197044661306851,0.15019546953452872,0.16666666666666666,0.16666666666666666
none,policy_value,14,7545.4997225297875,82702.14665956359,9.536041319828902,0.08190814214253996,0.07787592890110995,0.25,0.274875,0.03282812499999999,0.21903491301831213,0.15508496229232602,0.3333333333333333,0.3333333333333333
none,policy_value,15,7105.725202704405,89807.871862268,8.96548983671384,0.08174743635984072,0.06748847023468939,0.25,0.2780416666666667,0.033721875,0.22188122251888398,0.15061706766125643,0.26666666666666666,0.26666666666666666
none,policy_value,16,6826.995440503078,96634.86730277106,8.637910967295515,0.08057696663407526,0.06575258413888607,0.25,0.274875,0.03428229166666665,0.22104983441253087,0.1592605881128725,0.3333333333333333,0.3333333333333333
none,policy_value,17,6788.20964847371,103423.07695124479,8.558178727258804,0.08106793851047697,0.0613108092079711,0.25,0.273125,0.03395624999999999,0.2208391138505217,0.1529420063996674,0.23333333333333334,0.23333333333333334
none,policy_value,18,6667.064161756268,110090.14111300105,8.427580202195335,0.08059227227914366,0.05866665911960431,0.25,0.273375,0.032530208333333324,0.2209927112156631,0.14491239014724075,0.3,0.3
none,policy_value,19,6852.19363514469,116942.33474814573,8.63815871059753,0.08142206922273963,0.054539165102048,0.25,0.2719583333333333,0.03457916666666667,0.22230317224688317,0.14744285390085185,0.23333333333333334,0.23333333333333334
none,policy_value,20,6980.595367398159,123922.9301155439,8.788244209247699,0.08218156442415306,0.0594930286568599,0.25,0.27479166666666666,0.033605208333333324,0.22211852301078144,0.15655667646717356,0.2,0.2
none,policy_value,21,6949.737664450001,130872.6677799939,8.760088747229167,0.08138195121109368,0.056811926300710726,0.25,0.27316666666666667,0.03451770833333332,0.22217903148098023,0.15849408008291632,0.23333333333333334,0.23333333333333334
none,policy_value,22,7195.074182251916,138067.7419622458,9.035509394481561,0.08171466778124672,0.05960051226523902,0.25,0.2764583333333333,0.03275208333333332,0.22343092453465274,0.1607023387538448,0.13333333333333333,0.13333333333333333
none,policy_value,23,7053.999505352783,145121.74146759856,8.838332715024311,0.08170828614283554,0.06074811309925455,0.25,0.27529166666666666,0.03275625,0.2228337108642722,0.1530598857473242,0.06666666666666667,0.06666666666666667
none,policy_value,24,6990.733227273297,152112.4746948719,8.790499867424955,0.08154428221496547,0.0615800852010236,0.25,0.2769166666666667,0.032484374999999996,0.2229042741828579,0.1567251119291525,0.16666666666666666,0.16666666666666666
none,policy_value,25,6937.457829909801,159049.93252478167,8.755155620720585,0.08229303842319229,0.05550394654876654,0.25,0.2768333333333333,0.03376666666666665,0.22507734886744588,0.16205658068837028,0.26666666666666666,0.26666666666666666
none,policy_value,26,6986.420910787855,166036.35343556953,8.79552613848482,0.08208573242214265,0.060980847223812175,0.25,0.27420833333333333,0.03433333333333333,0.2226052904041336,0.1624495585307012,0.2,0.2
none,policy_value,27,6710.129781168755,172746.4832167383,8.49182889312761,0.08102417973366832,0.05978172845536989,0.25,0.275,0.03313854166666665,0.22476796989573364,0.16090091445727303,0.3333333333333333,0.3333333333333333
none,policy_value,28,6906.909574657036,179653.39279139534,8.716970301654628,0.0815356159707261,0.061061943552381745,0.25,0.27575000000000005,0.03283958333333332,0.22240183217355147,0.14427347490580011,0.26666666666666666,0.26666666666666666
none,policy_value,29,6821.007288010426,186474.40007940578,8.609592443346365,0.08089910756055883,0.05942318471813838,0.25,0.2786666666666667,0.03390416666666665,0.2236635479314588,0.15318011722997266,0.26666666666666666,0.26666666666666666
none,policy_value_confident,5,8832.272594799093,8832.272594799093,11.040340743498865,0.0804650517457554,0.07777455989707503,0.25,0.27775,0.033886458333333334,0.21347064614057168,,0.0,0.0
none,policy_value_confident,6,8841.604653312515,17673.877248111607,11.052005816640644,0.08160472241919353,0.07806138402382837,0.25,0.27595833333333336,0.032962499999999985,0.21392920729110157,0.1786469347762118,0.0,0.0
none,policy_value_confident,7,8802.338151245913,26476.215399357523,11.00292268905739,0.08071764844851384,0.07770890629002587,0.25,0.27441666666666664,0.03274583333333332,0.21548558644925986,0.15013533613258526,0.0,0.0
none,policy_value_confident,8,8765.165434260165,35241.38083361769,10.956456792825207,0.08064468709914178,0.0777011438024903,0.25,0.27395833333333336,0.032383333333333326,0.21278875554924256,0.1436506271369178,0.0,0.0
none,policy_value_confident,9,8932.089154439247,44173.46998805694,11.16511144304906,0.08161511411715858,0.0784111437065742,0.25,0.27520833333333333,0.03369895833333333,0.21380889038218845,0.14773027814029593,0.0,0.0
none,policy_value_confident,10,8778.47956191032,52951.94954996726,10.973099452387903,0.08117655333091109,0.07830754427912676,0.25,0.27308333333333334,0.03493645833333332,0.2137311543467031,0.14610437593122755,0.0,0.0
none,policy_value_confident,11,8868.728897335644,61820.678447302904,11.085911121669557,0.08106221461154882,0.07792783895452007,0.25,0.27449999999999997,0.03394791666666666,0.21200648087033755,0.15360378891456639,0.0,0.0
none,policy_value_confident,12,8706.462146286673,70527.14059358957,10.91432768285834,0.08042146511811366,0.07723559779139925,0.25,0.27520833333333333,0.033078124999999986,0.21370684690035419,0.17299307389881818,0.1,0.1
none,policy_value_confident,13,8391.510800232089,78918.65139382167,10.510221833623444,0.08122687544591475,0.07967726586251986,0.25,0.27379166666666666,0.033839583333333326,0.21593631317433,0.15416045146422314,0.06666666666666667,0.06666666666666667
none,policy_value_confident,14,8415.195421818038,87333.8468156397,10.550244277272549,0.08190814214253996,0.0788211641974668,0.25,0.27575000000000005,0.032958333333333326,0.21299690924150833,0.14801960061787595,0.1,0.1
none,policy_value_confident,15,8296.666135134446,95630.51295077415,10.402082668918059,0.08174743635984072,0.07416884855338217,0.25,0.2775416666666667,0.03390416666666665,0.21407346104305452,0.14113307503115854,0.1,0.1
none,policy_value_confident,16,7862.60188385796,103493.11483463211,9.869919021489117,0.08057696663407526,0.07012688817990044,0.25,0.27558333333333335,0.03336354166666666,0.21570494756530292,0.1450950197502965,0.13333333333333333,0.13333333333333333
none,policy_value_confident,17,7950.5888933217675,111443.70372795388,9.959069449985543,0.08106793851047697,0.0667049708786016,0.25,0.27308333333333334,0.033334375,0.21577834237973842,0.1435188552101371,0.06666666666666667,0.06666666666666667
none,policy_value_confident,18,7703.424174394416,119147.1279023483,9.66053021799302,0.08059227227914366,0.06264408911320545,0.25,0.27391666666666664,0.03279583333333333,0.21390410911886962,0.1398430029670286,0.1,0.1
none,policy_value_confident,19,7883.717177319394,127030.84507966769,9.875479804982575,0.08142206922273963,0.06559398616779297,0.25,0.27295833333333336,0.03458854166666665,0.2166603572365042,0.14463737894313072,0.06666666666666667,0.06666666666666667
none,policy_value_confident,20,8009.030470045799,135039.8755497135,10.011288087557249,0.08218156442415306,0.06683252380308986,0.25,0.2735416666666667,0.03338645833333331,0.21738807005366195,0.15056691864179506,0.0,0.0
none,policy_value_confident,21,8014.205161184144,143054.08071089763,10.028173118146846,0.08138195121109368,0.06630003222391158,0.25,0.27237500000000003,0.03451458333333333,0.21774851931898093,0.15204856651284604,0.03333333333333333,0.03333333333333333
none,policy_value_confident,22,8145.421652088218,151199.50236298583,10.181777065110273,0.08171466778124672,0.066111591537968,0.25,0.276125,0.03278958333333333,0.21902657738472395,0.15514288566307097,0.0,0.0
none,policy_value_confident,23,7886.873529663147,159086.375892649,9.8690085787456,0.08170828614283554,0.06375861016562281,0.25,0.275,0.033446874999999994,0.2181448608212353,0.14317340356734262,0.03333333333333333,0.03333333333333333
none,policy_value_confident,24,8066.276707356823,167152.65260000582,10.103679217529361,0.08154428221496547,0.06297270881734196,0.25,0.2760416666666667,0.03290104166666666,0.21733095792392335,0.14628176528312764,0.06666666666666667,0.06666666666666667
none,policy_value_confident,25,8016.039846998173,175168.69244700397,10.030466475414382,0.08229303842319229,0.06222403384587667,0.25,0.276125,0.03359270833333331,0.21848411561199574,0.14477673751255007,0.03333333333333333,0.03333333333333333
none,policy_value_confident,26,7915.780922652605,183084.4733696566,9.91555948664909,0.08208573242214265,0.06271788738950401,0.25,0.273625,0.03426770833333332,0.21757220137632102,0.16118935217626576,0.06666666666666667,0.06666666666666667
none,policy_value_confident,27,7700.543744536932,190785.01711419353,9.667346347337832,0.08102417973366832,0.0645694255659081,0.25,0.27420833333333333,0.03252916666666665,0.21907131599953505,0.16799162956626132,0.13333333333333333,0.13333333333333333
none,policy_value_confident,28,7896.997195236819,198682.01430943035,9.933746494046025,0.0815356159707261,0.06851080165359995,0.25,0.276125,0.03304791666666666,0.21732666680980994,0.15068941695982035,0.2,0.2
none,policy_value_confident,29,7868.818412828003,206550.83272225835,9.888106349368337,0.08089910756055883,0.06778776091043379,0.25,0.2768333333333333,0.034525,0.21863165942021906,0.1442030407971713,0.16666666666666666,0.16666666666666666
outcome,cate_shift,5,8832.272594799093,8832.272594799093,11.040340743498865,0.0804650517457554,0.07777455989707503,0.25,0.27775,0.033886458333333334,0.21347064614057168,,0.0,0.0
outcome,cate_shift,6,8799.93798664585,17632.210581444942,11.052005816640644,0.08160472241919353,0.07806138402382837,0.25,0.27595833333333336,0.032962499999999985,0.21392920729110157,0.1786469347762118,0.16666666666666666,0.16666666666666666
outcome,cate_shift,7,8707.509563032047,26339.72014447699,10.88438695379006,0.08071764844851384,0.07637949538637649,0.25,0.2743333333333334,0.032791666666666656,0.21559358044455668,0.1490667089143338,0.0,0.0
outcome,cate_shift,8,8686.851763795392,35026.57190827238,10.858564704744241,0.08064468709914178,0.07622093796250663,0.25,0.27408333333333335,0.03228333333333332,0.21282281462749503,0.14386013391308125,0.0,0.0
outcome,cate_shift,9,8826.724258603168,43853.296166875545,11.043821989920625,0.08161511411715858,0.07694187783044842,0.25,0.275125,0.03393749999999999,0.21375055219847094,0.14880134036426573,0.03333333333333333,0.03333333333333333
outcome,cate_shift,10,8594.175359616533,52447.47152649208,10.753135866187332,0.08117655333091109,0.07589978392678925,0.25,0.272875,0.03493333333333333,0.2139507010311409,0.14423628668463434,0.03333333333333333,0.03333333333333333
outcome,cate_shift,11,8636.297397330876,61083.76892382296,10.805788413330264,0.08106221461154882,0.07335150751305321,0.25,0.27449999999999997,0.0336625,0.21276774748353297,0.14907070538819547,0.03333333333333333,0.03333333333333333
outcome,cate_shift,12,8511.026997066752,69594.79592088971,10.659617079666775,0.08042146511811366,0.07561012510855004,0.25,0.2758333333333333,0.03346666666666666,0.21500110815702217,0.16822458007900473,0.06666666666666667,0.06666666666666667
outcome,cate_shift,13,8297.372207496654,77892.16812838636,10.371715259370818,0.08122687544591475,0.07384207438674235,0.25,0.275,0.033781249999999985,0.21637231667887302,0.15367188614433766,0.0,0.0
outcome,cate_shift,14,4552.859114373262,82445.02724275964,5.691073892966577,0.04743644407678751,0.07509743689729732,0.25,0.27520833333333333,0.03317916666666666,0.1666005951666528,0.14533280055672793,0.0,0.0
outcome,cate_shift,15,4641.336730998504,87086.36397375814,5.80167091374813,0.04739252403906958,0.07416639646484705,0.25,0.27708333333333335,0.034001041666666655,0.16704618748819108,0.13815152191128668,0.0,0.0
outcome,cate_shift,16,4433.857826606689,91520.22180036482,5.54232228325836,0.04648201164451178,0.07309375533670731,0.25,0.2753333333333333,0.03348749999999999,0.16703131873293114,0.12484156862859835,0.0,0.0
outcome,cate_shift,17,4587.560883384161,96107.78268374898,5.734451104230201,0.046938014881740056,0.07406675801865628,0.25,0.2725416666666666,0.033320833333333334,0.16744560182883378,0.12638415562684885,0.0,0.0
outcome,cate_shift,18,4496.103551564837,100603.88623531381,5.620129439456046,0.04658896403561914,0.07341421701150036,0.25,0.27370833333333333,0.03310625,0.16607152209293136,0.12272098587241402,0.0,0.0
outcome,cate_shift,19,4626.2768355179,105230.16307083171,5.782846044397374,0.0471862551116932,0.07384234873982537,0.25,0.27291666666666664,0.034630208333333315,0.16675495273430693,0.12615424430052544,0.0,0.0
outcome,cate_shift,20,4595.198453889828,109825.36152472155,5.743998067362285,0.04759983206985492,0.07472353808315438,0.25,0.27408333333333335,0.03349999999999998,0.16707090884598938,0.12418099766420708,0.0,0.0
outcome,cate_shift,21,4613.756842269092,114439.11836699065,5.767196052836365,0.04719566652892923,0.07476271922970293,0.25,0.27308333333333334,0.033793749999999984,0.16629040767960207,0.1208504514509648,0.0,0.0
outcome,cate_shift,22,4701.570576915836,119140.68894390647,5.876963221144795,0.04744668095460645,0.07466420876658894,0.25,0.2764583333333333,0.03256562499999999,0.16751080228021348,0.1266724090408833,0.0,0.0
outcome,cate_shift,23,4555.343274947315,123696.03221885378,5.694179093684144,0.047366162636730075,0.07506963857615721,0.25,0.2750416666666667,0.03269270833333333,0.16618226356542473,0.12785478819062215,0.0,0.0
outcome,cate_shift,24,4612.224337358231,128308.25655621201,5.775697088364456,0.0473528473766326,0.07350121830051622,0.25,0.2769166666666667,0.032773958333333325,0.16907155454308026,0.13298360138453785,0.03333333333333333,0.03333333333333333
outcome,cate_shift,25,4588.958865988188,132897.2154222002,5.736198582485236,0.047681039656969224,0.07012137178973327,0.25,0.27554166666666663,0.03369687499999999,0.16586570132798034,0.12475977712735538,0.0,0.0
outcome,cate_shift,26,4499.499150671583,137396.71457287177,5.624373938339478,0.047536410569418104,0.07002646195572636,0.25,0.2745416666666667,0.03447812499999999,0.1648879860821396,0.1260728043191216,0.0,0.0
outcome,cate_shift,27,4472.689545954809,141869.4041188266,5.590861932443511,0.047008275004983134,0.06824388820667229,0.25,0.27395833333333336,0.032702083333333326,0.16516342267239106,0.11792080280782385,0.0,0.0
outcome,cate_shift,28,4473.763860793295,146343.1679796199,5.59220482599162,0.047206730447737176,0.06887808505589567,0.25,0.27729166666666666,0.03283645833333333,0.1636942705378422,0.1206247911239822,0.0,0.0
outcome,cate_shift,29,4520.442286126353,150863.61026574625,5.650552857657941,0.04681348446890802,0.06786915967555496,0.25,0.2765,0.03427083333333333,0.16540276297559647,0.12151882378483746,0.0,0.0
outcome,feature_drift,5,8832.272594799093,8832.272594799093,11.040340743498865,0.0804650517457554,0.07777455989707503,0.25,0.27775,0.033886458333333334,0.21347064614057168,,0.0,0.0
outcome,feature_drift,6,8841.604653312515,17673.877248111607,11.052005816640644,0.08160472241919353,0.07806138402382837,0.25,0.27595833333333336,0.032962499999999985,0.21392920729110157,0.1786469347762118,0.0,0.0
outcome,feature_drift,7,8802.338151245913,26476.215399357523,11.00292268905739,0.08071764844851384,0.07770890629002587,0.25,0.27441666666666664,0.03274583333333332,0.21548558644925986,0.15013533613258526,0.0,0.0
outcome,feature_drift,8,8765.165434260165,35241.38083361769,10.956456792825207,0.08064468709914178,0.0777011438024903,0.25,0.27395833333333336,0.032383333333333326,0.21278875554924256,0.1436506271369178,0.0,0.0
outcome,feature_drift,9,8932.089154439247,44173.46998805694,11.16511144304906,0.08161511411715858,0.0784111437065742,0.25,0.27520833333333333,0.03369895833333333,0.21380889038218845,0.14773027814029593,0.0,0.0
outcome,feature_drift,10,8778.47956191032,52951.94954996726,10.973099452387903,0.08117655333091109,0.07830754427912676,0.25,0.27308333333333334,0.03493645833333332,0.2137311543467031,0.14610437593122755,0.0,0.0
outcome,feature_drift,11,8868.728897335644,61820.678447302904,11.085911121669557,0.08106221461154882,0.07792783895452007,0.25,0.27449999999999997,0.03394791666666666,0.21200648087033755,0.15360378891456639,0.0,0.0
outcome,feature_drift,12,8731.462146286673,70552.14059358957,10.91432768285834,0.08042146511811366,0.07723559779139925,0.25,0.27520833333333333,0.033078124999999986,0.21370684690035419,0.17299307389881818,0.0,0.0
outcome,feature_drift,13,8768.001662201708,79320.14225579127,10.960002077752135,0.08122687544591475,0.07868222317643905,0.25,0.27387500000000004,0.03389791666666665,0.21407755395591677,0.16026122204322293,0.0,0.0
outcome,feature_drift,14,4857.1823741971475,84177.32462998843,6.081894634413101,0.04743644407678751,0.07877896916628137,0.25,0.2745416666666667,0.03298124999999999,0.1622413740311489,0.14321131577240953,0.03333333333333333,0.03333333333333333
outcome,feature_drift,15,4871.375351359221,89048.69998134766,6.089219189199026,0.04739252403906958,0.08018033652287787,0.25,0.27779166666666666,0.03407708333333333,0.16251018184982463,0.12587698441739809,0.0,0.0
outcome,feature_drift,16,4634.200051683582,93682.90003303123,5.792750064604478,0.04648201164451178,0.07877983380964666,0.25,0.27570833333333333,0.03350520833333332,0.16239472523691745,0.11494442889001778,0.0,0.0
outcome,feature_drift,17,4802.7943440143745,98485.69437704561,6.003492930017968,0.046938014881740056,0.07910985426038378,0.25,0.2730416666666667,0.03343125,0.1627663322446,0.11674068771661504,0.0,0.0
outcome,feature_drift,18,4704.863921538458,103190.55829858407,5.881079901923072,0.04658896403561914,0.07903801380943333,0.25,0.273625,0.03297291666666666,0.16182913726076362,0.11478621945377508,0.0,0.0
outcome,feature_drift,19,4843.096589831088,108033.65488841516,6.05387073728886,0.0471862551116932,0.07974977730852013,0.25,0.27229166666666665,0.034704166666666654,0.16276524324755198,0.11719585657226918,0.0,0.0
outcome,feature_drift,20,4799.317701104652,112832.9725895198,5.999147126380815,0.04759983206985492,0.08038531375993839,0.25,0.27391666666666664,0.03329687499999999,0.1624804215621543,0.11423804150507465,0.0,0.0
outcome,feature_drift,21,4837.588433463213,117670.56102298302,6.046985541829016,0.04719566652892923,0.07970838568754757,0.25,0.27291666666666664,0.034039583333333324,0.16231447680349664,0.11279616831673266,0.0,0.0
outcome,feature_drift,22,4929.227335305351,122599.78835828837,6.161534169131688,0.04744668095460645,0.08034399061123554,0.25,0.2765,0.03268020833333332,0.1628847793544142,0.12051439050260597,0.0,0.0
outcome,feature_drift,23,4760.422041524969,127360.21039981334,5.9505275519062115,0.047366162636730075,0.07908546812092404,0.25,0.2750416666666667,0.033044791666666656,0.16159023688579252,0.12261708657541438,0.0,0.0
outcome,feature_drift,24,4816.713648618214,132176.92404843157,6.020892060772768,0.0473528473766326,0.07982984372324943,0.25,0.2765416666666667,0.03280312499999999,0.1641426025329938,0.1236799625466636,0.0,0.0
outcome,feature_drift,25,4846.837015041546,137023.7610634731,6.0585462688019325,0.047681039656969224,0.08026000211879518,0.25,0.2754583333333333,0.03376458333333331,0.16309029694975524,0.11824028220508179,0.0,0.0
outcome,feature_drift,26,4775.298218602465,141799.05928207556,5.979539439919749,0.047536410569418104,0.08036886513770033,0.25,0.274125,0.034173958333333324,0.16264852464408064,0.11957719578668947,0.03333333333333333,0.03333333333333333
outcome,feature_drift,27,4741.145566127652,146540.20484820323,5.926431957659564,0.047008275004983134,0.07890953069866723,0.25,0.27425000000000005,0.032941666666666654,0.16166875954174886,0.11159937654297078,0.0,0.0
outcome,feature_drift,28,4764.222903122204,151304.42775132542,5.9552786289027555,0.047206730447737176,0.07941369556916163,0.25,0.2765,0.03310312499999999,0.16112540343592582,0.11767892298269932,0.0,0.0
outcome,feature_drift,29,4758.068697622334,156062.49644894776,5.9475858720279176,0.04681348446890802,0.07887287671128067,0.25,0.27770833333333333,0.03467083333333332,0.16127080672669428,0.11474777997213208,0.0,0.0
outcome,never,5,8832.272594799093,8832.272594799093,11.040340743498865,0.0804650517457554,0.07777455989707503,0.25,0.27775,0.033886458333333334,0.21347064614057168,,0.0,0.0
outcome,never,6,8841.604653312515,17673.877248111607,11.052005816640644,0.08160472241919353,0.07806138402382837,0.25,0.27595833333333336,0.032962499999999985,0.21392920729110157,0.1786469347762118,0.0,0.0
outcome,never,7,8802.338151245913,26476.215399357523,11.00292268905739,0.08071764844851384,0.07770890629002587,0.25,0.27441666666666664,0.03274583333333332,0.21548558644925986,0.15013533613258526,0.0,0.0
outcome,never,8,8765.165434260165,35241.38083361769,10.956456792825207,0.08064468709914178,0.0777011438024903,0.25,0.27395833333333336,0.032383333333333326,0.21278875554924256,0.1436506271369178,0.0,0.0
outcome,never,9,8932.089154439247,44173.46998805694,11.16511144304906,0.08161511411715858,0.0784111437065742,0.25,0.27520833333333333,0.03369895833333333,0.21380889038218845,0.14773027814029593,0.0,0.0
outcome,never,10,8778.47956191032,52951.94954996726,10.973099452387903,0.08117655333091109,0.07830754427912676,0.25,0.27308333333333334,0.03493645833333332,0.2137311543467031,0.14610437593122755,0.0,0.0
outcome,never,11,8868.728897335644,61820.678447302904,11.085911121669557,0.08106221461154882,0.07792783895452007,0.25,0.27449999999999997,0.03394791666666666,0.21200648087033755,0.15360378891456639,0.0,0.0
outcome,never,12,8731.462146286673,70552.14059358957,10.91432768285834,0.08042146511811366,0.07723559779139925,0.25,0.27520833333333333,0.033078124999999986,0.21370684690035419,0.17299307389881818,0.0,0.0
outcome,never,13,8768.001662201708,79320.14225579127,10.960002077752135,0.08122687544591475,0.07868222317643905,0.25,0.27387500000000004,0.03389791666666665,0.21407755395591677,0.16026122204322293,0.0,0.0
outcome,never,14,4865.5157075304805,84185.65796332176,6.081894634413101,0.04743644407678751,0.07877896916628137,0.25,0.2745416666666667,0.03298124999999999,0.1622413740311489,0.14321131577240953,0.0,0.0
outcome,never,15,4975.262648597663,89160.92061191943,6.219078310747079,0.04739252403906958,0.07890547632318495,0.25,0.27745833333333336,0.034089583333333326,0.16288785049834634,0.1257161098485143,0.0,0.0
outcome,never,16,4750.2363186064285,93911.15693052585,5.937795398258035,0.04648201164451178,0.07781180316297504,0.25,0.27575000000000005,0.03339895833333332,0.16298486968724754,0.1161009013855938,0.0,0.0
outcome,never,17,4915.036715098122,98826.19364562398,6.143795893872652,0.046938014881740056,0.07797206553707614,0.25,0.27291666666666664,0.033378125,0.16346330066769152,0.11704227481949488,0.0,0.0
outcome,never,18,4809.942397611825,103636.1360432358,6.012427997014781,0.04658896403561914,0.07766610319779478,0.25,0.27358333333333335,0.03300520833333333,0.1624287249391773,0.11539190794936162,0.0,0.0
outcome,never,19,4943.497162484991,108579.63320572079,6.17937145310624,0.0471862551116932,0.07822090822910281,0.25,0.2725,0.03464895833333332,0.16338166083654734,0.11644896469793194,0.0,0.0
outcome,never,20,4909.2469782269245,113488.88018394772,6.136558722783657,0.04759983206985492,0.07952885561229055,0.25,0.27358333333333335,0.03318854166666666,0.16301653386715695,0.11207410024797039,0.0,0.0
outcome,never,21,4950.7626964729125,118439.64288042064,6.18845337059114,0.04719566652892923,0.07854087088560882,0.25,0.27316666666666667,0.03386145833333332,0.16286869053060835,0.10958047119608247,0.0,0.0
outcome,never,22,5028.620024474014,123468.26290489464,6.285775030592517,0.04744668095460645,0.07894802788026109,0.25,0.27599999999999997,0.032741666666666655,0.16343709970784065,0.11789134074294724,0.0,0.0
outcome,never,23,4884.385176829952,128352.64808172459,6.10548147103744,0.047366162636730075,0.07845414530023799,0.25,0.2752916666666667,0.03283229166666666,0.16205279614897894,0.1226739413158162,0.0,0.0
outcome,never,24,4925.175024214668,133277.82310593926,6.1564687802683355,0.0473528473766326,0.07870381301538171,0.25,0.27625,0.032839583333333325,0.16458427908885323,0.12382171124317222,0.0,0.0
outcome,never,25,4944.076734193438,138221.8998401327,6.180095917741798,0.047681039656969224,0.07909072142361792,0.25,0.27570833333333333,0.03370624999999998,0.16372662306887623,0.11690662342702465,0.0,0.0
outcome,never,26,4873.174568786019,143095.0744089187,6.091468210982524,0.047536410569418104,0.07892815889275684,0.25,0.27408333333333335,0.034322916666666654,0.16331455481006346,0.1175500780475258,0.0,0.0
outcome,never,27,4880.393141479387,147975.4675503981,6.100491426849233,0.047008275004983134,0.07822927344373075,0.25,0.27395833333333336,0.03278437499999999,0.16348783956792304,0.10835077282274971,0.0,0.0
outcome,never,28,4894.096483703715,152869.56403410184,6.117620604629644,0.047206730447737176,0.07843503496207652,0.25,0.27708333333333335,0.03317708333333333,0.16236148928271807,0.11416758969050408,0.0,0.0
outcome,never,29,4901.012742432732,157770.57677653458,6.126265928040914,0.04681348446890802,0.07780842033428442,0.25,0.2775416666666667,0.03450937499999998,0.16321680619704568,0.11222608823758709,0.0,0.0
outcome,performance,5,8832.272594799093,8832.272594799093,11.040340743498865,0.0804650517457554,0.07777455989707503,0.25,0.27775,0.033886458333333334,0.21347064614057168,,0.0,0.0
outcome,performance,6,8841.604653312515,17673.877248111607,11.052005816640644,0.08160472241919353,0.07806138402382837,0.25,0.27595833333333336,0.032962499999999985,0.21392920729110157,0.1786469347762118,0.0,0.0
outcome,performance,7,8802.338151245913,26476.215399357523,11.00292268905739,0.08071764844851384,0.07770890629002587,0.25,0.27441666666666664,0.03274583333333332,0.21548558644925986,0.15013533613258526,0.0,0.0
outcome,performance,8,8765.165434260165,35241.38083361769,10.956456792825207,0.08064468709914178,0.0777011438024903,0.25,0.27395833333333336,0.032383333333333326,0.21278875554924256,0.1436506271369178,0.0,0.0
outcome,performance,9,8932.089154439247,44173.46998805694,11.16511144304906,0.08161511411715858,0.0784111437065742,0.25,0.27520833333333333,0.03369895833333333,0.21380889038218845,0.14773027814029593,0.0,0.0
outcome,performance,10,8778.47956191032,52951.94954996726,10.973099452387903,0.08117655333091109,0.07830754427912676,0.25,0.27308333333333334,0.03493645833333332,0.2137311543467031,0.14610437593122755,0.0,0.0
outcome,performance,11,8868.728897335644,61820.678447302904,11.085911121669557,0.08106221461154882,0.07792783895452007,0.25,0.27449999999999997,0.03394791666666666,0.21200648087033755,0.15360378891456639,0.0,0.0
outcome,performance,12,8731.462146286673,70552.14059358957,10.91432768285834,0.08042146511811366,0.07723559779139925,0.25,0.27520833333333333,0.033078124999999986,0.21370684690035419,0.17299307389881818,0.0,0.0
outcome,performance,13,8759.668328868374,79311.80892245795,10.960002077752135,0.08122687544591475,0.07868222317643905,0.25,0.27387500000000004,0.03389791666666665,0.21407755395591677,0.16026122204322293,0.03333333333333333,0.03333333333333333
outcome,performance,14,4798.543744255376,84110.35266671333,5.99817968031922,0.04743644407678751,0.07704413261916325,0.25,0.27466666666666667,0.03283229166666666,0.16356464387970987,0.1431356516360764,0.0,0.0
outcome,performance,15,4910.242406928886,89020.59507364221,6.137803008661108,0.04739252403906958,0.07703652012581802,0.25,0.2776666666666667,0.03405624999999999,0.16412301969492255,0.1270028724371231,0.0,0.0
outcome,performance,16,4674.520903340251,93695.11597698247,5.843151129175314,0.04648201164451178,0.07633577757612434,0.25,0.27591666666666664,0.03348749999999999,0.16414330692572404,0.1181482062080994,0.0,0.0
outcome,performance,17,4851.407815238818,98546.52379222128,6.0642597690485225,0.046938014881740056,0.07619119338315124,0.25,0.272875,0.033308333333333336,0.16482690632633362,0.11957810375359865,0.0,0.0
outcome,performance,18,4750.163247900364,103296.68704012166,5.937704059875456,0.04658896403561914,0.07603453643721521,0.25,0.27370833333333333,0.033115624999999996,0.16386554850548438,0.11867032407967579,0.0,0.0
outcome,performance,19,4869.321416260568,108166.00845638222,6.086651770325711,0.0471862551116932,0.07658759968037053,0.25,0.2725,0.03471041666666665,0.16462471576850518,0.11973369705710384,0.0,0.0
outcome,performance,20,4850.31574719392,113016.32420357614,6.0628946839924005,0.04759983206985492,0.07799954902170296,0.25,0.273625,0.033060416666666655,0.16417281787532742,0.11448151384025847,0.0,0.0
outcome,performance,21,4879.582994469954,117895.90719804609,6.0994787430874435,0.04719566652892923,0.07697080096361335,0.25,0.273375,0.03392395833333332,0.16408941876591912,0.11169808097319,0.0,0.0
outcome,performance,22,4957.701956173382,122853.60915421948,6.1971274452167275,0.04744668095460645,0.07739657079767488,0.25,0.27591666666666664,0.03278124999999999,0.16478083281683992,0.11883995000592557,0.0,0.0
outcome,performance,23,4817.787353150214,127671.39650736967,6.022234191437767,0.047366162636730075,0.07696420375678202,0.25,0.27541666666666664,0.03285312499999999,0.1632466554465666,0.12391820939828548,0.0,0.0
outcome,performance,24,4849.701217270408,132521.0977246401,6.062126521588009,0.0473528473766326,0.07708385942384562,0.25,0.27620833333333333,0.03279062499999999,0.16582537469433695,0.12536900726986727,0.0,0.0
outcome,performance,25,4870.330112165576,137391.42783680567,6.0879126402069685,0.047681039656969224,0.07742283477668478,0.25,0.27558333333333335,0.033904166666666645,0.16500032557731165,0.1190307605244125,0.0,0.0
outcome,performance,26,4796.83191376265,142188.2597505683,5.996039892203314,0.047536410569418104,0.07733463428458559,0.25,0.27391666666666664,0.03428124999999999,0.16462443302801608,0.11947939798216489,0.0,0.0
outcome,performance,27,4809.8051048449315,146998.06485541325,6.012256381056164,0.047008275004983134,0.07658061960539415,0.25,0.274,0.03281458333333332,0.16476483353487756,0.11019819624332348,0.0,0.0
outcome,performance,28,4828.575349194248,151826.6402046075,6.03571918649281,0.047206730447737176,0.07675177148427918,0.25,0.27704166666666663,0.033299999999999996,0.16355192038085556,0.11565244648067913,0.0,0.0
outcome,performance,29,4829.541613547984,156656.18181815548,6.036927016934979,0.04681348446890802,0.07613468834015566,0.25,0.27741666666666664,0.034415624999999984,0.16455889451896913,0.11431711356750338,0.0,0.0
outcome,periodic,5,8832.272594799093,8832.272594799093,11.040340743498865,0.0804650517457554,0.07777455989707503,0.25,0.27775,0.033886458333333334,0.21347064614057168,,0.0,0.0
outcome,periodic,6,8841.604653312515,17673.877248111607,11.052005816640644,0.08160472241919353,0.07806138402382837,0.25,0.27595833333333336,0.032962499999999985,0.21392920729110157,0.1786469347762118,0.0,0.0
outcome,periodic,7,8802.338151245913,26476.215399357523,11.00292268905739,0.08071764844851384,0.07770890629002587,0.25,0.27441666666666664,0.03274583333333332,0.21548558644925986,0.15013533613258526,0.0,0.0
outcome,periodic,8,8765.165434260165,35241.38083361769,10.956456792825207,0.08064468709914178,0.0777011438024903,0.25,0.27395833333333336,0.032383333333333326,0.21278875554924256,0.1436506271369178,0.0,0.0
outcome,periodic,9,8682.089154439247,43923.46998805694,11.16511144304906,0.08161511411715858,0.0784111437065742,0.25,0.27520833333333333,0.03369895833333333,0.21380889038218845,0.14773027814029593,1.0,1.0
outcome,periodic,10,7127.727543248378,51051.19753130532,8.909659429060474,0.08117655333091109,0.08610180653764828,0.25,0.2719583333333333,0.03443333333333332,0.2227427460861732,0.12600191561059307,0.0,0.0
outcome,periodic,11,7166.253741082551,58217.451272387865,8.957817176353188,0.08106221461154882,0.08720386825652901,0.25,0.274125,0.033523958333333326,0.22004991008230604,0.15313703533940257,0.0,0.0
outcome,periodic,12,7098.137834039564,65315.589106427426,8.872672292549455,0.08042146511811366,0.08551350096881923,0.25,0.2753333333333333,0.03343645833333331,0.2235824129297346,0.1896513457561763,0.0,0.0
outcome,periodic,13,7103.162665163865,72418.7517715913,8.87895333145483,0.08122687544591475,0.08688281672224524,0.25,0.274625,0.033865624999999996,0.2224139584690505,0.18318718875644122,0.0,0.0
outcome,periodic,14,3555.5483269805995,75974.3000985719,4.75693540872575,0.04743644407678751,0.08656183658314855,0.25,0.274875,0.03227187499999999,0.17956716008947626,0.17536102032657283,1.0,1.0
outcome,periodic,15,3506.9664965094844,79481.26659508138,4.3837081206368556,0.04739252403906958,0.07880594751598724,0.25,0.2776666666666667,0.03362812499999999,0.1645470346195815,0.12770038897720515,0.0,0.0
outcome,periodic,16,3313.9074348726795,82795.17402995405,4.142384293590849,0.04648201164451178,0.07784999076820055,0.25,0.27595833333333336,0.03337083333333332,0.16377448156744695,0.14893902285299684,0.0,0.0
outcome,periodic,17,3413.0950745921086,86208.26910454617,4.266368843240135,0.046938014881740056,0.07724507242553579,0.25,0.27258333333333334,0.03406874999999999,0.16529986024024973,0.15803303121568377,0.0,0.0
outcome,periodic,18,3383.1580364368815,89591.42714098305,4.228947545546102,0.04658896403561914,0.07899394123680369,0.25,0.2735,0.03255520833333333,0.1643036044900863,0.15484283304875285,0.0,0.0
outcome,periodic,19,3255.297720795437,92846.7248617785,4.381622150994295,0.0471862551116932,0.07897330999750501,0.25,0.27275,0.03439479166666664,0.16493920121039893,0.15570127051126093,1.0,1.0
outcome,periodic,20,3529.9524703133447,96376.67733209183,4.412440587891681,0.04759983206985492,0.04083082272917131,0.245375,0.2695,0.03339583333333332,0.12036972179780674,0.09413047263921928,0.0,0.0
outcome,periodic,21,3588.154522905082,99964.83185499691,4.485193153631353,0.04719566652892923,0.04023880951436409,0.24466666666666667,0.2682083333333333,0.03360104166666666,0.11927697750938811,0.11212983731459787,0.0,0.0
outcome,periodic,22,3621.3758439448825,103586.20769894178,4.526719804931104,0.04744668095460645,0.040273381622786215,0.24483333333333332,0.27120833333333333,0.03340624999999999,0.11876535695247978,0.13331092250512036,0.0,0.0
outcome,periodic,23,3556.002075056695,107142.20977399849,4.445002593820869,0.047366162636730075,0.04078832366976463,0.24475,0.2695,0.03257499999999999,0.11791979852423959,0.13611981904708206,0.0,0.0
outcome,periodic,24,3353.347316428814,110495.5570904273,4.504184145536017,0.0473528473766326,0.03997689485740807,0.24416666666666667,0.27158333333333334,0.032891666666666666,0.12226059663057345,0.13401535968217607,1.0,1.0
outcome,periodic,25,3583.864635954668,114079.42172638197,4.479830794943335,0.047681039656969224,0.04641197849829384,0.24933333333333335,0.27449999999999997,0.03392604166666664,0.12082417679836155,0.09712887539282992,0.0,0.0
outcome,periodic,26,3541.0006507688795,117620.42237715084,4.426250813461099,0.047536410569418104,0.046550242699332514,0.24870833333333334,0.27325,0.03390416666666665,0.1170865516736067,0.11500791492606202,0.0,0.0
outcome,periodic,27,3543.169347300601,121163.59172445146,4.428961684125752,0.047008275004983134,0.046628061887202275,0.2485,0.27325,0.03309895833333332,0.11893091784202382,0.12981250115863266,0.0,0.0
outcome,periodic,28,3472.2231508076734,124635.81487525912,4.340278938509592,0.047206730447737176,0.047284868771480075,0.24770833333333334,0.27416666666666667,0.03228749999999999,0.11662534285294258,0.13198863840057048,0.0,0.0
outcome,periodic,29,3294.930385543099,127930.74526080223,4.431162981928874,0.04681348446890802,0.04677192421403344,0.24875,0.27666666666666667,0.03367812499999999,0.11753616654827731,0.12480429791798427,1.0,1.0
outcome,policy_value,5,8823.93926146576,8823.93926146576,11.040340743498865,0.0804650517457554,0.07777455989707503,0.25,0.27775,0.033886458333333334,0.21347064614057168,,0.03333333333333333,0.03333333333333333
outcome,policy_value,6,8800.880117685794,17624.819379151555,11.053183480440575,0.08160472241919353,0.0779171010200566,0.25,0.27608333333333335,0.03294583333333332,0.2138712056237551,0.17840027170505582,0.16666666666666666,0.16666666666666666
outcome,policy_value,7,8739.127014693126,26363.94639384468,10.955158768366406,0.08071764844851384,0.07779226625290298,0.25,0.2743333333333334,0.03275937499999999,0.21576885216192074,0.14928722461754404,0.1,0.1
outcome,policy_value,8,8685.545267815349,35049.49166166003,10.929848251435853,0.08064468709914178,0.07776365003295592,0.25,0.2738333333333333,0.03255833333333332,0.21294159829081977,0.14266265500665523,0.23333333333333334,0.23333333333333334
outcome,policy_value,9,8630.17104645017,43679.6627081102,10.881463808062712,0.08161511411715858,0.08063810833016848,0.25,0.2753333333333333,0.03369374999999999,0.21377971881630467,0.14832175238558448,0.3,0.3
outcome,policy_value,10,8085.734222036397,51765.3969301466,10.180084444212163,0.08117655333091109,0.0745810701377831,0.25,0.27329166666666665,0.03454062499999999,0.21535038425883749,0.1409175625872866,0.23333333333333334,0.23333333333333334
outcome,policy_value,11,7983.86971871452,59749.266648861114,10.042337148393152,0.08106221461154882,0.07997368865496393,0.25,0.275,0.03357291666666666,0.21502959392477008,0.13983635735997751,0.2,0.2
outcome,policy_value,12,7848.585544415708,67597.85219327682,9.883648597186301,0.08042146511811366,0.08553795228876475,0.25,0.27625,0.03327604166666665,0.21804351731305247,0.16087270332471268,0.23333333333333334,0.23333333333333334
outcome,policy_value,13,7558.794743756971,75156.6469370338,9.500576763029548,0.08122687544591475,0.07891224003550933,0.25,0.2745416666666667,0.033864583333333316,0.2197044661306851,0.15019546953452872,0.16666666666666666,0.16666666666666666
outcome,policy_value,14,4042.196653256011,79198.8435902898,5.12566248323668,0.04743644407678751,0.07787592890110995,0.25,0.274875,0.03282812499999999,0.17246895869560802,0.14898129936439455,0.23333333333333334,0.23333333333333334
outcome,policy_value,15,4013.360527826173,83212.20411811599,5.079200659782716,0.04739252403906958,0.07582525249454683,0.25,0.27779166666666666,0.03392604166666666,0.1698536774932088,0.14566975761302592,0.2,0.2
outcome,policy_value,16,3746.051413008246,86958.25553112423,4.755480932926974,0.04648201164451178,0.07110244382452208,0.25,0.2750833333333333,0.034194791666666655,0.16527941643367103,0.1318529050067075,0.23333333333333334,0.23333333333333334
outcome,policy_value,17,3725.389263759617,90683.64479488385,4.740069913032855,0.046938014881740056,0.06707033145830336,0.24991666666666665,0.273125,0.03384791666666666,0.16016707309717587,0.12587941513639753,0.26666666666666666,0.26666666666666666
outcome,policy_value,18,3598.570130007303,94282.21492489116,4.591962662509128,0.04658896403561914,0.06364183827782553,0.24558333333333332,0.26937500000000003,0.03286666666666665,0.15373561954415896,0.12157811163202918,0.3,0.3
outcome,policy_value,19,3678.47997033475,97960.6948952259,4.65018329625177,0.0471862551116932,0.05918155733110493,0.24775,0.2699166666666667,0.03444270833333333,0.1488270359748881,0.12421786266001705,0.16666666666666666,0.16666666666666666
outcome,policy_value,20,3673.253728853799,101633.94862407971,4.643650494400583,0.04759983206985492,0.05600217495982162,0.24708333333333332,0.271875,0.03334166666666665,0.1494432756859596,0.1285335306685005,0.16666666666666666,0.16666666666666666
outcome,policy_value,21,3625.4353209809324,105259.38394506063,4.5526274845594985,0.04719566652892923,0.047603595418601756,0.24720833333333334,0.2718333333333333,0.03395520833333333,0.14333280649363428,0.12650274419796567,0.06666666666666667,0.06666666666666667
outcome,policy_value,22,3700.055954081197,108959.43989914183,4.677153275934829,0.04744668095460645,0.04770666519503106,0.24679166666666666,0.2738333333333333,0.03295937499999999,0.14457011679278145,0.13751695014253065,0.16666666666666666,0.16666666666666666
outcome,policy_value,23,3464.694969184486,112424.13486832632,4.435035378147274,0.047366162636730075,0.04934828796371661,0.24404166666666666,0.26925000000000004,0.03255833333333333,0.14032693817366274,0.13541356904379132,0.3333333333333333,0.3333333333333333
outcome,policy_value,24,3468.921264671132,115893.05613299744,4.419484914172249,0.0473528473766326,0.041949054848437375,0.24408333333333332,0.27129166666666665,0.03263854166666666,0.13924534236391717,0.12959519283224682,0.26666666666666666,0.26666666666666666
outcome,policy_value,25,3510.751578440803,119403.80771143825,4.450939473051005,0.047681039656969224,0.044459396928738765,0.24579166666666669,0.270625,0.033870833333333315,0.13881425209987786,0.12389536023241102,0.2,0.2
outcome,policy_value,26,3355.6139598746718,122759.42167131293,4.267434116510006,0.047536410569418104,0.04094534150436417,0.242625,0.26716666666666666,0.034465624999999986,0.13294149915377548,0.13075832359153042,0.23333333333333334,0.23333333333333334
outcome,policy_value,27,3274.0385306492262,126033.46020196215,4.186298163311533,0.047008275004983134,0.032626696905962815,0.24158333333333332,0.26633333333333337,0.03333645833333331,0.13043903072646756,0.12105687582779195,0.3,0.3
outcome,policy_value,28,3278.070313297116,129311.53051525928,4.191337891621395,0.047206730447737176,0.03337623970651569,0.24475,0.272125,0.032841666666666665,0.12775850989280388,0.11956968165991025,0.3,0.3
outcome,policy_value,29,3303.5176622771514,132615.04817753643,4.2023137445131065,0.04681348446890802,0.030638814259776177,0.24720833333333334,0.27537500000000004,0.033584375,0.1277893050098181,0.1172481136060233,0.23333333333333334,0.23333333333333334
outcome,policy_value_confident,5,8832.272594799093,8832.272594799093,11.040340743498865,0.0804650517457554,0.07777455989707503,0.25,0.27775,0.033886458333333334,0.21347064614057168,,0.0,0.0
outcome,policy_value_confident,6,8841.604653312515,17673.877248111607,11.052005816640644,0.08160472241919353,0.07806138402382837,0.25,0.27595833333333336,0.032962499999999985,0.21392920729110157,0.1786469347762118,0.0,0.0
outcome,policy_value_confident,7,8802.338151245913,26476.215399357523,11.00292268905739,0.08071764844851384,0.07770890629002587,0.25,0.27441666666666664,0.03274583333333332,0.21548558644925986,0.15013533613258526,0.0,0.0
outcome,policy_value_confident,8,8765.165434260165,35241.38083361769,10.956456792825207,0.08064468709914178,0.0777011438024903,0.25,0.27395833333333336,0.032383333333333326,0.21278875554924256,0.1436506271369178,0.0,0.0
outcome,policy_value_confident,9,8932.089154439247,44173.46998805694,11.16511144304906,0.08161511411715858,0.0784111437065742,0.25,0.27520833333333333,0.03369895833333333,0.21380889038218845,0.14773027814029593,0.0,0.0
outcome,policy_value_confident,10,8778.47956191032,52951.94954996726,10.973099452387903,0.08117655333091109,0.07830754427912676,0.25,0.27308333333333334,0.03493645833333332,0.2137311543467031,0.14610437593122755,0.0,0.0
outcome,policy_value_confident,11,8868.728897335644,61820.678447302904,11.085911121669557,0.08106221461154882,0.07792783895452007,0.25,0.27449999999999997,0.03394791666666666,0.21200648087033755,0.15360378891456639,0.0,0.0
outcome,policy_value_confident,12,8706.462146286673,70527.14059358957,10.91432768285834,0.08042146511811366,0.07723559779139925,0.25,0.27520833333333333,0.033078124999999986,0.21370684690035419,0.17299307389881818,0.1,0.1
outcome,policy_value_confident,13,8391.510800232089,78918.65139382167,10.510221833623444,0.08122687544591475,0.07967726586251986,0.25,0.27379166666666666,0.033839583333333326,0.21593631317433,0.15416045146422314,0.06666666666666667,0.06666666666666667
outcome,policy_value_confident,14,4615.894167333602,83534.54556115528,5.790701042500335,0.04743644407678751,0.0788211641974668,0.25,0.27575000000000005,0.032958333333333326,0.16297253552115437,0.13834771394082077,0.06666666666666667,0.06666666666666667
outcome,policy_value_confident,15,4671.788312621449,88206.33387377672,5.839735390776812,0.04739252403906958,0.07768532906209204,0.25,0.27745833333333336,0.03376874999999999,0.16262054853389374,0.12955955557573928,0.0,0.0
outcome,policy_value_confident,16,4400.09399391471,92606.42786769143,5.562617492393388,0.04648201164451178,0.07714957422313076,0.25,0.27554166666666663,0.03347916666666665,0.1619891843720862,0.1164354635573581,0.2,0.2
outcome,policy_value_confident,17,4279.359463475156,96885.78733116659,5.3804493293439455,0.046938014881740056,0.06670749166770656,0.24991666666666665,0.27275000000000005,0.03340312499999999,0.1574863193759425,0.11266905471784323,0.1,0.1
outcome,policy_value_confident,18,4162.913678736835,101048.70100990341,5.245308765087711,0.04658896403561914,0.06199515276461085,0.24558333333333332,0.26983333333333337,0.03305729166666666,0.1557270813651562,0.1138716550131197,0.13333333333333333,0.13333333333333333
outcome,policy_value_confident,19,4343.6638329260295,105392.36484282945,5.450413124490869,0.0471862551116932,0.06316236469754369,0.24775,0.2700416666666667,0.03443854166666665,0.15409420559568784,0.11931964260581875,0.06666666666666667,0.06666666666666667
outcome,policy_value_confident,20,4295.87680586148,109688.24164869094,5.390679340660182,0.04759983206985492,0.06284900960538164,0.24708333333333332,0.2708333333333333,0.03299895833333332,0.15471773690696677,0.12053994686360257,0.06666666666666667,0.06666666666666667
outcome,policy_value_confident,21,4406.634393578424,114094.87604226936,5.529126325306364,0.04719566652892923,0.05712453765809651,0.24720833333333334,0.27087500000000003,0.03429062499999999,0.1515385946041689,0.11687462404093088,0.06666666666666667,0.06666666666666667
outcome,policy_value_confident,22,4441.450768692294,118536.32681096165,5.562230127532035,0.04744668095460645,0.057164678867462564,0.24529166666666666,0.27245833333333336,0.03288541666666666,0.15242472619347217,0.12785786872753666,0.03333333333333333,0.03333333333333333
outcome,policy_value_confident,23,4351.42126571985,122887.7480766815,5.439276582149813,0.047366162636730075,0.05733955379236034,0.24666666666666667,0.27241666666666664,0.03378645833333332,0.14994249437084248,0.12831826027046275,0.0,0.0
outcome,policy_value_confident,24,4321.144740015253,127208.89281669675,5.432680925019066,0.0473528473766326,0.057096455338630385,0.24608333333333335,0.27241666666666664,0.03255208333333333,0.1533175841070113,0.13118047752111164,0.1,0.1
outcome,policy_value_confident,25,4273.821456037092,131482.71427273384,5.363110153379697,0.047681039656969224,0.054876532284872846,0.24579166666666669,0.2717916666666667,0.03366145833333332,0.1501777387164195,0.12196408520364671,0.06666666666666667,0.06666666666666667
outcome,policy_value_confident,26,4126.512071478524,135609.22634421237,5.178973422681489,0.047536410569418104,0.05538934793706711,0.24570833333333333,0.2693333333333333,0.03449687499999998,0.1476882877621636,0.1248053543025302,0.06666666666666667,0.06666666666666667
outcome,policy_value_confident,27,3996.8080000896025,139606.03434430197,5.027260000112004,0.047008275004983134,0.05275178723354733,0.24570833333333333,0.27058333333333334,0.032426041666666655,0.14609604800849615,0.11898322909963559,0.1,0.1
outcome,policy_value_confident,28,3933.6450687724714,143539.67941307445,4.927473002632256,0.047206730447737176,0.05045767140155495,0.24270833333333333,0.2692083333333333,0.03355729166666667,0.14342629546788419,0.12261352669335818,0.03333333333333333,0.03333333333333333
outcome,policy_value_confident,29,4013.0481259493313,147552.72753902376,5.016310157436664,0.04681348446890802,0.05310875004366223,0.24329166666666666,0.2719583333333333,0.033976041666666665,0.1416149316540685,0.11813239867623605,0.0,0.0
recurring_treatment,cate_shift,5,8832.272594799093,8832.272594799093,11.040340743498865,0.0804650517457554,0.07777455989707503,0.25,0.27775,0.033886458333333334,0.21347064614057168,,0.0,0.0
recurring_treatment,cate_shift,6,8799.93798664585,17632.210581444942,11.052005816640644,0.08160472241919353,0.07806138402382837,0.25,0.27595833333333336,0.032962499999999985,0.21392920729110157,0.1786469347762118,0.16666666666666666,0.16666666666666666
recurring_treatment,cate_shift,7,8707.509563032047,26339.72014447699,10.88438695379006,0.08071764844851384,0.07637949538637649,0.25,0.2743333333333334,0.032791666666666656,0.21559358044455668,0.1490667089143338,0.0,0.0
recurring_treatment,cate_shift,8,8686.851763795392,35026.57190827238,10.858564704744241,0.08064468709914178,0.07622093796250663,0.25,0.27408333333333335,0.03228333333333332,0.21282281462749503,0.14386013391308125,0.0,0.0
recurring_treatment,cate_shift,9,8826.724258603168,43853.296166875545,11.043821989920625,0.08161511411715858,0.07694187783044842,0.25,0.275125,0.03393749999999999,0.21375055219847094,0.14880134036426573,0.03333333333333333,0.03333333333333333
recurring_treatment,cate_shift,10,8594.175359616533,52447.47152649208,10.753135866187332,0.08117655333091109,0.07589978392678925,0.25,0.272875,0.03493333333333333,0.2139507010311409,0.14423628668463434,0.03333333333333333,0.03333333333333333
recurring_treatment,cate_shift,11,8636.297397330876,61083.76892382296,10.805788413330264,0.08106221461154882,0.07335150751305321,0.25,0.27449999999999997,0.0336625,0.21276774748353297,0.14907070538819547,0.03333333333333333,0.03333333333333333
recurring_treatment,cate_shift,12,8511.026997066752,69594.79592088971,10.659617079666775,0.08042146511811366,0.07561012510855004,0.25,0.2758333333333333,0.03346666666666666,0.21500110815702217,0.16822458007900473,0.06666666666666667,0.06666666666666667
recurring_treatment,cate_shift,13,8297.372207496654,77892.16812838636,10.371715259370818,0.08122687544591475,0.07384207438674235,0.25,0.275,0.033781249999999985,0.21637231667887302,0.15367188614433766,0.0,0.0
recurring_treatment,cate_shift,14,-9004.074001493555,68888.09412689281,-11.244675835200278,-0.14307226626249128,0.07509743689729732,0.25,0.27520833333333333,0.03317916666666666,0.21668459253631234,0.15914288097950616,0.03333333333333333,0.03333333333333333
recurring_treatment,cate_shift,15,-9040.082465754347,59848.011661138466,-11.258436415526267,-0.14337681408228806,0.06950858961700553,0.24991666666666665,0.27704166666666663,0.033795833333333324,0.21709474171401885,0.1802214234778465,0.13333333333333333,0.13333333333333333
recurring_treatment,cate_shift,16,-9203.068656062553,50644.94300507591,-11.37883582007819,-0.14362165329068127,0.05433951475458683,0.25,0.27570833333333333,0.033593749999999985,0.21623923254485616,0.22549292796061998,0.4,0.4
recurring_treatment,cate_shift,17,-8113.39672538459,42531.54627969132,-10.110495906730739,-0.14364888288787744,-0.0010989321959487272,0.219375,0.24525,0.03368333333333332,0.21405758982513848,0.18689651678860353,0.1,0.1
recurring_treatment,cate_shift,18,5732.690157597809,48264.23643728913,7.1762793636639275,0.08059227227914366,-0.013635413175338545,0.21041666666666667,0.237625,0.03327708333333333,0.2178204751577086,0.1470614671415541,0.03333333333333333,0.03333333333333333
recurring_treatment,cate_shift,19,5771.768936878919,54036.005374168046,7.225127837765315,0.08142206922273963,-0.01816991211800117,0.20654166666666668,0.23445833333333335,0.03432395833333333,0.21846043968270246,0.16252472077839444,0.03333333333333333,0.03333333333333333
recurring_treatment,cate_shift,20,5931.170750679075,59967.17612484712,7.476463438348845,0.08218156442415306,-0.014805171046753392,0.21508333333333332,0.242375,0.03291354166666666,0.21887668499693558,0.18053171466553303,0.2,0.2
recurring_treatment,cate_shift,21,6517.539371969767,66484.71549681689,8.167757548295542,0.08138195121109368,0.0013337388975061802,0.2311666666666667,0.25608333333333333,0.03394062499999999,0.21943804018340343,0.16887843848838444,0.06666666666666667,0.06666666666666667
recurring_treatment,cate_shift,22,-8470.237193024654,58014.47830379223,-10.57737982461415,-0.1434108614380806,0.008458741631508464,0.22966666666666666,0.25866666666666666,0.03322812499999999,0.2154399251454935,0.1641933172355077,0.03333333333333333,0.03333333333333333
recurring_treatment,cate_shift,23,-8583.3058669903,49431.172436801935,-10.697882333737876,-0.14334305856753154,0.009241563709234393,0.23283333333333334,0.2598333333333333,0.03277083333333333,0.2126467798709659,0.17828709754895714,0.1,0.1
recurring_treatment,cate_shift,24,-8686.505946587882,40744.666490214055,-10.785215766568188,-0.14395025261507685,0.0029712893916543966,0.23254166666666667,0.2612083333333333,0.03273854166666666,0.21451198747870362,0.20358758134309313,0.23333333333333334,0.23333333333333334
recurring_treatment,cate_shift,25,-8007.980779698526,32736.685710515525,-9.978725974623158,-0.14306615763690916,-0.026507702170584072,0.21145833333333333,0.24195833333333333,0.03389374999999999,0.21286388740501425,0.17860169502258474,0.1,0.1
recurring_treatment,cate_shift,26,5229.99769431065,37966.68340482618,6.5479137845549795,0.08208573242214265,-0.0444542195444468,0.19816666666666669,0.22683333333333333,0.034127083333333315,0.2219189487334067,0.16495376183071261,0.03333333333333333,0.03333333333333333
recurring_treatment,cate_shift,27,5148.783450653736,43115.46685547991,6.46722931331717,0.08102417973366832,-0.04811387963560821,0.19629166666666667,0.22691666666666668,0.033209374999999985,0.22292007714589798,0.17083566907668632,0.1,0.1
recurring_treatment,cate_shift,28,5309.807236829021,48425.27409230894,6.668509046036277,0.0815356159707261,-0.04686329991987646,0.19954166666666667,0.23087500000000002,0.03258020833333331,0.2206448461883855,0.18970750286636873,0.1,0.1
recurring_treatment,cate_shift,29,5745.645772432484,54170.919864741416,7.202890548873937,0.08089910756055883,-0.03127458890139627,0.21,0.24116666666666667,0.03357395833333331,0.221004017465117,0.1772496888062908,0.06666666666666667,0.06666666666666667
recurring_treatment,feature_drift,5,8832.272594799093,8832.272594799093,11.040340743498865,0.0804650517457554,0.07777455989707503,0.25,0.27775,0.033886458333333334,0.21347064614057168,,0.0,0.0
recurring_treatment,feature_drift,6,8841.604653312515,17673.877248111607,11.052005816640644,0.08160472241919353,0.07806138402382837,0.25,0.27595833333333336,0.032962499999999985,0.21392920729110157,0.1786469347762118,0.0,0.0
recurring_treatment,feature_drift,7,8802.338151245913,26476.215399357523,11.00292268905739,0.08071764844851384,0.07770890629002587,0.25,0.27441666666666664,0.03274583333333332,0.21548558644925986,0.15013533613258526,0.0,0.0
recurring_treatment,feature_drift,8,8765.165434260165,35241.38083361769,10.956456792825207,0.08064468709914178,0.0777011438024903,0.25,0.27395833333333336,0.032383333333333326,0.21278875554924256,0.1436506271369178,0.0,0.0
recurring_treatment,feature_drift,9,8932.089154439247,44173.46998805694,11.16511144304906,0.08161511411715858,0.0784111437065742,0.25,0.27520833333333333,0.03369895833333333,0.21380889038218845,0.14773027814029593,0.0,0.0
recurring_treatment,feature_drift,10,8778.47956191032,52951.94954996726,10.973099452387903,0.08117655333091109,0.07830754427912676,0.25,0.27308333333333334,0.03493645833333332,0.2137311543467031,0.14610437593122755,0.0,0.0
recurring_treatment,feature_drift,11,8868.728897335644,61820.678447302904,11.085911121669557,0.08106221461154882,0.07792783895452007,0.25,0.27449999999999997,0.03394791666666666,0.21200648087033755,0.15360378891456639,0.0,0.0
recurring_treatment,feature_drift,12,8731.462146286673,70552.14059358957,10.91432768285834,0.08042146511811366,0.07723559779139925,0.25,0.27520833333333333,0.033078124999999986,0.21370684690035419,0.17299307389881818,0.0,0.0
recurring_treatment,feature_drift,13,8768.001662201708,79320.14225579127,10.960002077752135,0.08122687544591475,0.07868222317643905,0.25,0.27387500000000004,0.03389791666666665,0.21407755395591677,0.16026122204322293,0.0,0.0
recurring_treatment,feature_drift,14,-8940.922050206867,70379.22020558441,-11.165735896091917,-0.14307226626249128,0.07877896916628137,0.25,0.2745416666666667,0.03298124999999999,0.21377769744938535,0.15846757956949312,0.03333333333333333,0.03333333333333333
recurring_treatment,feature_drift,15,-8960.5343179331,61418.685887651314,-11.200667897416373,-0.14337681408228806,0.07872817271975839,0.25,0.27770833333333333,0.03407708333333333,0.21428273260524805,0.1762740810147305,0.0,0.0
recurring_treatment,feature_drift,16,-8975.150691786768,52443.53519586455,-11.218938364733459,-0.14362165329068127,0.07727462841608985,0.25,0.27570833333333333,0.03350520833333332,0.21445576366806765,0.23639052534854285,0.0,0.0
recurring_treatment,feature_drift,17,-8820.041674326785,43623.49352153776,-11.02505209290848,-0.14364888288787744,0.07757733219101372,0.25,0.27299999999999996,0.03343125,0.21602071838740802,0.24142672625026965,0.0,0.0
recurring_treatment,feature_drift,18,8525.731969795299,52149.22549133306,10.657164962244122,0.08059227227914366,0.07753008327588269,0.25,0.2737916666666667,0.03297291666666666,0.21172771557027276,0.17871940988379245,0.0,0.0
recurring_treatment,feature_drift,19,8703.237596378118,60852.46308771118,10.879046995472647,0.08142206922273963,0.07830055195624432,0.25,0.2723333333333333,0.034704166666666654,0.21351122663178895,0.15509489361686518,0.0,0.0
recurring_treatment,feature_drift,20,8648.176497314586,69500.63958502577,10.810220621643232,0.08218156442415306,0.07876559947789613,0.25,0.27375,0.03329687499999999,0.21383234737530774,0.14312294758525038,0.0,0.0
recurring_treatment,feature_drift,21,8687.899668702694,78188.53925372846,10.859874585878368,0.08138195121109368,0.07814812572964551,0.25,0.27299999999999996,0.034039583333333324,0.21438077220711366,0.14627626648781594,0.0,0.0
recurring_treatment,feature_drift,22,-8900.779486817974,69287.75976691049,-11.125974358522466,-0.1434108614380806,0.07884539519050053,0.25,0.276375,0.03268020833333332,0.2172888409889211,0.16442163710176907,0.0,0.0
recurring_treatment,feature_drift,23,-8918.913024782812,60368.84674212767,-11.148641280978516,-0.14334305856753154,0.07751690999907888,0.25,0.2750833333333333,0.033044791666666656,0.21476947484986414,0.19402613156048967,0.0,0.0
recurring_treatment,feature_drift,24,-9018.288364426511,51350.55837770116,-11.272860455533138,-0.14395025261507685,0.07828562025543075,0.25,0.2764583333333333,0.03280312499999999,0.21481313713539485,0.24041097360559846,0.0,0.0
recurring_treatment,feature_drift,25,-8914.084465323369,42436.4739123778,-11.142605581654212,-0.14306615763690916,0.07874940069088161,0.25,0.2754583333333333,0.03376458333333331,0.21478293657887088,0.23694550280678653,0.0,0.0
recurring_treatment,feature_drift,26,8631.46805978433,51067.94197216212,10.79975174139708,0.08208573242214265,0.07888830069461396,0.25,0.27408333333333335,0.034173958333333324,0.21367559493368432,0.1935266984664796,0.03333333333333333,0.03333333333333333
recurring_treatment,feature_drift,27,8448.405437803927,59516.34740996605,10.560506797254911,0.08102417973366832,0.0718972874917034,0.24666666666666667,0.27120833333333333,0.032941666666666654,0.21455021573104013,0.1570730292670799,0.0,0.0
recurring_treatment,feature_drift,28,8509.175876513718,68025.52328647977,10.63646984564215,0.0815356159707261,0.07252895015998417,0.24658333333333332,0.2734583333333333,0.03310312499999999,0.21286484708429418,0.14409202131645335,0.0,0.0
recurring_treatment,feature_drift,29,8534.95990858386,76560.48319506363,10.668699885729826,0.08089910756055883,0.07204331620808985,0.246875,0.274625,0.03467083333333332,0.21316456532020403,0.14106003438723172,0.0,0.0
recurring_treatment,never,5,8832.272594799093,8832.272594799093,11.040340743498865,0.0804650517457554,0.07777455989707503,0.25,0.27775,0.033886458333333334,0.21347064614057168,,0.0,0.0
recurring_treatment,never,6,8841.604653312515,17673.877248111607,11.052005816640644,0.08160472241919353,0.07806138402382837,0.25,0.27595833333333336,0.032962499999999985,0.21392920729110157,0.1786469347762118,0.0,0.0
recurring_treatment,never,7,8802.338151245913,26476.215399357523,11.00292268905739,0.08071764844851384,0.07770890629002587,0.25,0.27441666666666664,0.03274583333333332,0.21548558644925986,0.15013533613258526,0.0,0.0
recurring_treatment,never,8,8765.165434260165,35241.38083361769,10.956456792825207,0.08064468709914178,0.0777011438024903,0.25,0.27395833333333336,0.032383333333333326,0.21278875554924256,0.1436506271369178,0.0,0.0
recurring_treatment,never,9,8932.089154439247,44173.46998805694,11.16511144304906,0.08161511411715858,0.0784111437065742,0.25,0.27520833333333333,0.03369895833333333,0.21380889038218845,0.14773027814029593,0.0,0.0
recurring_treatment,never,10,8778.47956191032,52951.94954996726,10.973099452387903,0.08117655333091109,0.07830754427912676,0.25,0.27308333333333334,0.03493645833333332,0.2137311543467031,0.14610437593122755,0.0,0.0
recurring_treatment,never,11,8868.728897335644,61820.678447302904,11.085911121669557,0.08106221461154882,0.07792783895452007,0.25,0.27449999999999997,0.03394791666666666,0.21200648087033755,0.15360378891456639,0.0,0.0
recurring_treatment,never,12,8731.462146286673,70552.14059358957,10.91432768285834,0.08042146511811366,0.07723559779139925,0.25,0.27520833333333333,0.033078124999999986,0.21370684690035419,0.17299307389881818,0.0,0.0
recurring_treatment,never,13,8768.001662201708,79320.14225579127,10.960002077752135,0.08122687544591475,0.07868222317643905,0.25,0.27387500000000004,0.03389791666666665,0.21407755395591677,0.16026122204322293,0.0,0.0
recurring_treatment,never,14,-8932.588716873533,70387.55353891775,-11.165735896091917,-0.14307226626249128,0.07877896916628137,0.25,0.2745416666666667,0.03298124999999999,0.21377769744938535,0.15846757956949312,0.0,0.0
recurring_treatment,never,15,-8948.965974393966,61438.58756452378,-11.186207467992457,-0.14337681408228806,0.07890547632318495,0.25,0.27745833333333336,0.034089583333333326,0.21460788424650715,0.17779191789894305,0.0,0.0
recurring_treatment,never,16,-8967.071600113239,52471.515964410544,-11.208839500141547,-0.14362165329068127,0.07781180316297504,0.25,0.27575000000000005,0.03339895833333332,0.21471018870834027,0.2383403764655299,0.0,0.0
recurring_treatment,never,17,-8801.998885427378,43669.51707898316,-11.002498606784224,-0.14364888288787744,0.07797206553707614,0.25,0.27291666666666664,0.033378125,0.21641510599668837,0.2422993792863203,0.0,0.0
recurring_treatment,never,18,8696.030837276512,52365.54791625968,10.870038546595643,0.08059227227914366,0.07766610319779478,0.25,0.27358333333333335,0.03300520833333333,0.2114134573975936,0.17938793993157912,0.0,0.0
recurring_treatment,never,19,8882.080663943894,61247.62858020358,11.102600829929868,0.08142206922273963,0.07822090822910281,0.25,0.2725,0.03464895833333332,0.2133019944667944,0.1534680086400918,0.0,0.0
recurring_treatment,never,20,8834.852369840943,70082.48095004451,11.043565462301178,0.08218156442415306,0.07952885561229055,0.25,0.27358333333333335,0.03318854166666666,0.2137027122559147,0.13998517821457387,0.0,0.0
recurring_treatment,never,21,8878.63310502441,78961.11405506892,11.098291381280513,0.08138195121109368,0.07854087088560882,0.25,0.27316666666666667,0.03386145833333332,0.21425698915246513,0.1440056928894871,0.0,0.0
recurring_treatment,never,22,-8876.223162647319,70084.89089242161,-11.09527895330915,-0.1434108614380806,0.07894802788026109,0.25,0.27599999999999997,0.032741666666666655,0.2174884760462781,0.1622669221491823,0.0,0.0
recurring_treatment,never,23,-8912.458878685702,61172.432013735895,-11.140573598357129,-0.14334305856753154,0.07845414530023799,0.25,0.2752916666666667,0.03283229166666666,0.21496982554370894,0.1947850064058661,0.0,0.0
recurring_treatment,never,24,-8983.840457569751,52188.59155616615,-11.229800571962189,-0.14395025261507685,0.07870381301538171,0.25,0.27625,0.032839583333333325,0.21503974020745698,0.2405138283317979,0.0,0.0
recurring_treatment,never,25,-8907.360938616132,43281.23061755001,-11.134201173270165,-0.14306615763690916,0.07909072142361792,0.25,0.27570833333333333,0.03370624999999998,0.2150383988288277,0.23677890559864648,0.0,0.0
recurring_treatment,never,26,8804.120765416075,52085.35138296609,11.005150956770093,0.08208573242214265,0.07892815889275684,0.25,0.27408333333333335,0.034322916666666654,0.2134907248966418,0.19266652723525238,0.0,0.0
recurring_treatment,never,27,8782.231664648183,60867.58304761428,10.97778958081023,0.08102417973366832,0.07822927344373075,0.25,0.27395833333333336,0.03278437499999999,0.2138930175872788,0.15446474456660228,0.0,0.0
recurring_treatment,never,28,8825.846050866323,69693.4290984806,11.032307563582906,0.0815356159707261,0.07843503496207652,0.25,0.27708333333333335,0.03317708333333333,0.2123550990803774,0.13749468984061392,0.0,0.0
recurring_treatment,never,29,8855.559310828385,78548.98840930898,11.06944913853548,0.08089910756055883,0.07780842033428442,0.25,0.2775416666666667,0.03450937499999998,0.21231333508064434,0.1372117037935265,0.0,0.0
recurring_treatment,performance,5,8832.272594799093,8832.272594799093,11.040340743498865,0.0804650517457554,0.07777455989707503,0.25,0.27775,0.033886458333333334,0.21347064614057168,,0.0,0.0
recurring_treatment,performance,6,8841.604653312515,17673.877248111607,11.052005816640644,0.08160472241919353,0.07806138402382837,0.25,0.27595833333333336,0.032962499999999985,0.21392920729110157,0.1786469347762118,0.0,0.0
recurring_treatment,performance,7,8802.338151245913,26476.215399357523,11.00292268905739,0.08071764844851384,0.07770890629002587,0.25,0.27441666666666664,0.03274583333333332,0.21548558644925986,0.15013533613258526,0.0,0.0
recurring_treatment,performance,8,8765.165434260165,35241.38083361769,10.956456792825207,0.08064468709914178,0.0777011438024903,0.25,0.27395833333333336,0.032383333333333326,0.21278875554924256,0.1436506271369178,0.0,0.0
recurring_treatment,performance,9,8932.089154439247,44173.46998805694,11.16511144304906,0.08161511411715858,0.0784111437065742,0.25,0.27520833333333333,0.03369895833333333,0.21380889038218845,0.14773027814029593,0.0,0.0
recurring_treatment,performance,10,8778.47956191032,52951.94954996726,10.973099452387903,0.08117655333091109,0.07830754427912676,0.25,0.27308333333333334,0.03493645833333332,0.2137311543467031,0.14610437593122755,0.0,0.0
recurring_treatment,performance,11,8868.728897335644,61820.678447302904,11.085911121669557,0.08106221461154882,0.07792783895452007,0.25,0.27449999999999997,0.03394791666666666,0.21200648087033755,0.15360378891456639,0.0,0.0
recurring_treatment,performance,12,8731.462146286673,70552.14059358957,10.91432768285834,0.08042146511811366,0.07723559779139925,0.25,0.27520833333333333,0.033078124999999986,0.21370684690035419,0.17299307389881818,0.0,0.0
recurring_treatment,performance,13,8759.668328868374,79311.80892245795,10.960002077752135,0.08122687544591475,0.07868222317643905,0.25,0.27387500000000004,0.03389791666666665,0.21407755395591677,0.16026122204322293,0.03333333333333333,0.03333333333333333
recurring_treatment,performance,14,-8958.536997168267,70353.27192528968,-11.198171246460333,-0.14307226626249128,0.07704413261916325,0.25,0.27466666666666667,0.03283229166666666,0.21453691960665017,0.15816899054531888,0.0,0.0
recurring_treatment,performance,15,-9001.586602615991,61351.685322673686,-11.22073325326999,-0.14337681408228806,0.07703652012581802,0.25,0.2776666666666667,0.03405624999999999,0.21505212991834716,0.17870058687360976,0.1,0.1
recurring_treatment,performance,16,-8996.540468837973,52355.144853835714,-11.224842252714133,-0.14362165329068127,0.06512119377936522,0.24887499999999999,0.2743333333333334,0.03317812499999999,0.21492023001199959,0.22843239689072858,0.06666666666666667,0.06666666666666667
recurring_treatment,performance,17,-8703.87452063692,43651.2703331988,-10.87984315079615,-0.14364888288787744,0.055134615325383655,0.244125,0.2670833333333333,0.03312916666666666,0.21588668217461,0.22479388139464127,0.0,0.0
recurring_treatment,performance,18,8104.677164800932,51755.94749799973,10.130846456001166,0.08059227227914366,0.05441486769393523,0.24395833333333333,0.26779166666666665,0.03317916666666666,0.2130989372097006,0.1705545858748304,0.0,0.0
recurring_treatment,performance,19,8309.185611966175,60065.13310996591,10.38648201495772,0.08142206922273963,0.054443942139876876,0.24525,0.268375,0.03456770833333332,0.21455473939666367,0.15354595539537383,0.0,0.0
recurring_treatment,performance,20,8272.241762451855,68337.37487241776,10.34030220306482,0.08218156442415306,0.05614204272948043,0.24575,0.26925000000000004,0.032880208333333334,0.21509009360659237,0.1508616766269755,0.0,0.0
recurring_treatment,performance,21,8282.320962557862,76619.69583497562,10.363317869863995,0.08138195121109368,0.05473059354569014,0.2445,0.26887500000000003,0.03394583333333333,0.21579206503109324,0.15420560825093757,0.03333333333333333,0.03333333333333333
recurring_treatment,performance,22,-8856.403488132113,67763.2923468435,-11.039254360165142,-0.1434108614380806,0.05940305548849708,0.24433333333333335,0.27125,0.03269479166666666,0.21752584925036503,0.16095678718434062,0.1,0.1
recurring_treatment,performance,23,-8826.479547135134,58936.81279970837,-11.033099433918917,-0.14334305856753154,0.05499346843685663,0.24437499999999998,0.26975,0.03321979166666665,0.2139645661786065,0.18349272404019465,0.0,0.0
recurring_treatment,performance,24,-8884.77880958317,50052.0339901252,-11.105973511978963,-0.14395025261507685,0.055561608440586344,0.24454166666666666,0.271,0.032767708333333326,0.21416407524910955,0.22444438847568512,0.0,0.0
recurring_treatment,performance,25,-8883.578394649592,41168.45559547561,-11.083639659978656,-0.14306615763690916,0.05619288524356681,0.24475,0.27175,0.033298958333333316,0.21420106020433183,0.22334723347368549,0.06666666666666667,0.06666666666666667
recurring_treatment,performance,26,7942.298378040579,49110.753973516184,9.938289639217391,0.08208573242214265,0.04745862318477496,0.243,0.2677083333333333,0.033855208333333324,0.21540348121597136,0.18239801487422108,0.03333333333333333,0.03333333333333333
recurring_treatment,performance,27,7867.126857292854,56977.88083080904,9.854741904949401,0.08102417973366832,0.04605089262589885,0.23970833333333333,0.26445833333333335,0.03318437499999998,0.21583626558632707,0.15371789408861838,0.06666666666666667,0.06666666666666667
recurring_treatment,performance,28,7947.3725360167155,64925.25336682576,9.934215670020896,0.0815356159707261,0.04348186382496375,0.23779166666666668,0.26625,0.03356354166666666,0.21395801709470078,0.1487943676308623,0.0,0.0
recurring_treatment,performance,29,7985.698195102156,72910.95156192793,9.992539410544362,0.08089910756055883,0.04311823792939698,0.23908333333333334,0.2674583333333333,0.03432187499999998,0.2141911989135429,0.1507142519293699,0.03333333333333333,0.03333333333333333
recurring_treatment,periodic,5,8832.272594799093,8832.272594799093,11.040340743498865,0.0804650517457554,0.07777455989707503,0.25,0.27775,0.033886458333333334,0.21347064614057168,,0.0,0.0
recurring_treatment,periodic,6,8841.604653312515,17673.877248111607,11.052005816640644,0.08160472241919353,0.07806138402382837,0.25,0.27595833333333336,0.032962499999999985,0.21392920729110157,0.1786469347762118,0.0,0.0
recurring_treatment,periodic,7,8802.338151245913,26476.215399357523,11.00292268905739,0.08071764844851384,0.07770890629002587,0.25,0.27441666666666664,0.03274583333333332,0.21548558644925986,0.15013533613258526,0.0,0.0
recurring_treatment,periodic,8,8765.165434260165,35241.38083361769,10.956456792825207,0.08064468709914178,0.0777011438024903,0.25,0.27395833333333336,0.032383333333333326,0.21278875554924256,0.1436506271369178,0.0,0.0
recurring_treatment,periodic,9,8682.089154439247,43923.46998805694,11.16511144304906,0.08161511411715858,0.0784111437065742,0.25,0.27520833333333333,0.03369895833333333,0.21380889038218845,0.14773027814029593,1.0,1.0
recurring_treatment,periodic,10,7127.727543248378,51051.19753130532,8.909659429060474,0.08117655333091109,0.08610180653764828,0.25,0.2719583333333333,0.03443333333333332,0.2227427460861732,0.12600191561059307,0.0,0.0
recurring_treatment,periodic,11,7166.253741082551,58217.451272387865,8.957817176353188,0.08106221461154882,0.08720386825652901,0.25,0.274125,0.033523958333333326,0.22004991008230604,0.15313703533940257,0.0,0.0
recurring_treatment,periodic,12,7098.137834039564,65315.589106427426,8.872672292549455,0.08042146511811366,0.08551350096881923,0.25,0.2753333333333333,0.03343645833333331,0.2235824129297346,0.1896513457561763,0.0,0.0
recurring_treatment,periodic,13,7103.162665163865,72418.7517715913,8.87895333145483,0.08122687544591475,0.08688281672224524,0.25,0.274625,0.033865624999999996,0.2224139584690505,0.18318718875644122,0.0,0.0
recurring_treatment,periodic,14,-9719.09408773138,62699.657683859914,-11.836367609664228,-0.14307226626249128,0.08656183658314855,0.25,0.274875,0.03227187499999999,0.22883195787142918,0.18979931116108556,1.0,1.0
recurring_treatment,periodic,15,-9329.716221775696,53369.941462084214,-11.66214527721962,-0.14337681408228806,0.04067699447912935,0.24975,0.27741666666666664,0.03362812499999999,0.21978981586131363,0.15500012534275992,0.0,0.0
recurring_treatment,periodic,16,-9346.554443658013,44023.387018426205,-11.683193054572516,-0.14362165329068127,0.03927181270140228,0.24920833333333334,0.27620833333333333,0.03337083333333332,0.2201578316009926,0.22347795065314272,0.0,0.0
recurring_treatment,periodic,17,-9150.385175077454,34873.00184334875,-11.43798146884682,-0.14364888288787744,0.03881957302035191,0.24987499999999999,0.27266666666666667,0.03406874999999999,0.22017752156098733,0.23277727832491998,0.0,0.0
recurring_treatment,periodic,18,6246.926816513623,41119.92865986237,7.808658520642029,0.08059227227914366,0.04020637294803997,0.25,0.273125,0.03255520833333333,0.22205692290344586,0.18238094254001383,0.0,0.0
recurring_treatment,periodic,19,6086.837796236147,47206.76645609852,7.921047245295185,0.08142206922273963,0.03978229858956797,0.25,0.2730416666666667,0.03439479166666664,0.22236196000223443,0.16914347260762158,1.0,1.0
recurring_treatment,periodic,20,5784.915923956208,52991.68238005473,7.231144904945259,0.08218156442415306,-0.05479050152661324,0.20991666666666667,0.23879166666666668,0.03339583333333332,0.22436662373509603,0.17386860657895342,0.0,0.0
recurring_treatment,periodic,21,5778.0245810476345,58769.70696110236,7.222530726309543,0.08138195121109368,-0.0548439857983872,0.20929166666666668,0.2359166666666667,0.03360104166666666,0.2240362900152862,0.18646219462853356,0.0,0.0
recurring_treatment,periodic,22,-7848.406248127125,50921.30071297524,-9.810507810158906,-0.1434108614380806,-0.05542567949941887,0.210125,0.24054166666666665,0.03340624999999999,0.2116175033032343,0.18242527089250332,0.0,0.0
recurring_treatment,periodic,23,-7838.016106910992,43083.28460606424,-9.79752013363874,-0.14334305856753154,-0.05517168244633727,0.210125,0.23916666666666667,0.03257499999999999,0.20957717752485608,0.16315090612796163,0.0,0.0
recurring_treatment,periodic,24,-7973.987248249154,35109.29735781509,-9.654984060311444,-0.14395025261507685,-0.05751404148688213,0.2036666666666667,0.23429166666666668,0.032891666666666666,0.21020936512111932,0.17899836492016688,1.0,1.0
recurring_treatment,periodic,25,-7378.872563394283,27730.42479442081,-9.223590704242854,-0.14306615763690916,-0.0568311392888073,0.19016666666666668,0.2222083333333333,0.03392604166666664,0.20986739417018843,0.13898482579323143,0.0,0.0
recurring_treatment,periodic,26,5187.5311112603395,32917.95590568115,6.484413889075424,0.08208573242214265,-0.05656339843347186,0.18904166666666666,0.21983333333333333,0.03390416666666665,0.2202398706828512,0.1473134239650163,0.0,0.0
recurring_treatment,periodic,27,5159.521221998838,38077.47712767999,6.449401527498548,0.08102417973366832,-0.056379112297847506,0.1872916666666667,0.21829166666666666,0.03309895833333332,0.22187391575758675,0.16508286063120658,0.0,0.0
recurring_treatment,periodic,28,5133.5334046453345,43211.01053232532,6.4169167558066675,0.0815356159707261,-0.05713096695009095,0.18754166666666666,0.220125,0.03228749999999999,0.22018420362254792,0.1902463027005433,0.0,0.0
recurring_treatment,periodic,29,5083.853701581386,48294.86423390671,6.667317126976732,0.08089910756055883,-0.05571960851427447,0.19041666666666668,0.22454166666666667,0.03367812499999999,0.22094449119430956,0.1915223425125094,1.0,1.0
recurring_treatment,policy_value,5,8823.93926146576,8823.93926146576,11.040340743498865,0.0804650517457554,0.07777455989707503,0.25,0.27775,0.033886458333333334,0.21347064614057168,,0.03333333333333333,0.03333333333333333
recurring_treatment,policy_value,6,8800.880117685794,17624.819379151555,11.053183480440575,0.08160472241919353,0.0779171010200566,0.25,0.27608333333333335,0.03294583333333332,0.2138712056237551,0.17840027170505582,0.16666666666666666,0.16666666666666666
recurring_treatment,policy_value,7,8739.127014693126,26363.94639384468,10.955158768366406,0.08071764844851384,0.07779226625290298,0.25,0.2743333333333334,0.03275937499999999,0.21576885216192074,0.14928722461754404,0.1,0.1
recurring_treatment,policy_value,8,8685.545267815349,35049.49166166003,10.929848251435853,0.08064468709914178,0.07776365003295592,0.25,0.2738333333333333,0.03255833333333332,0.21294159829081977,0.14266265500665523,0.23333333333333334,0.23333333333333334
recurring_treatment,policy_value,9,8630.17104645017,43679.6627081102,10.881463808062712,0.08161511411715858,0.08063810833016848,0.25,0.2753333333333333,0.03369374999999999,0.21377971881630467,0.14832175238558448,0.3,0.3
recurring_treatment,policy_value,10,8085.734222036397,51765.3969301466,10.180084444212163,0.08117655333091109,0.0745810701377831,0.25,0.27329166666666665,0.03454062499999999,0.21535038425883749,0.1409175625872866,0.23333333333333334,0.23333333333333334
recurring_treatment,policy_value,11,7983.86971871452,59749.266648861114,10.042337148393152,0.08106221461154882,0.07997368865496393,0.25,0.275,0.03357291666666666,0.21502959392477008,0.13983635735997751,0.2,0.2
recurring_treatment,policy_value,12,7848.585544415708,67597.85219327682,9.883648597186301,0.08042146511811366,0.08553795228876475,0.25,0.27625,0.03327604166666665,0.21804351731305247,0.16087270332471268,0.23333333333333334,0.23333333333333334
recurring_treatment,policy_value,13,7558.794743756971,75156.6469370338,9.500576763029548,0.08122687544591475,0.07891224003550933,0.25,0.2745416666666667,0.033864583333333316,0.2197044661306851,0.15019546953452872,0.16666666666666666,0.16666666666666666
recurring_treatment,policy_value,14,-9351.268885608237,65805.37805142555,-11.532836107010295,-0.14307226626249128,0.07787592890110995,0.25,0.274875,0.03282812499999999,0.22193597342647642,0.16619751886943715,0.5,0.5
recurring_treatment,policy_value,15,-9600.270130265631,56205.10792115993,-11.81283766283204,-0.14337681408228806,0.04963335710156567,0.24975,0.2775416666666667,0.03359583333333334,0.2214271012473271,0.16785412368424654,0.6,0.6
recurring_treatment,policy_value,16,-9447.304693870212,46757.80322728971,-11.538297534004434,-0.14362165329068127,0.011984098827734579,0.245625,0.2721666666666666,0.03388645833333333,0.21601330215921546,0.19090696235710805,0.8666666666666667,0.8666666666666667
recurring_treatment,policy_value,17,-7803.567417015317,38954.2358102744,-9.504459271269146,-0.14364888288787744,-0.04771596311996018,0.20049999999999998,0.22791666666666668,0.03435520833333332,0.2110937377698665,0.15344715711517645,0.8,0.8
recurring_treatment,policy_value,18,3577.7637203203167,42531.99953059471,4.649287983733729,0.08059227227914366,-0.09337187576614984,0.148625,0.18195833333333333,0.03284479166666666,0.22191691644924252,0.12514614207644056,0.5666666666666667,0.5666666666666667
recurring_treatment,policy_value,19,3719.9817343744558,46251.981264969174,4.74372716796807,0.08142206922273963,-0.09537358689719712,0.1445,0.17741666666666667,0.03382187499999999,0.22269253297246708,0.16158556267777044,0.3,0.3
recurring_treatment,policy_value,20,4121.530732703163,50373.511997672336,5.183163415878954,0.08218156442415306,-0.08370816647842554,0.15595833333333334,0.18954166666666666,0.03343958333333333,0.22224171333410409,0.2106957216884075,0.1,0.1
recurring_treatment,policy_value,21,4137.516352612703,54511.028350285036,5.223978774099211,0.08138195121109368,-0.08239953782269992,0.15962500000000002,0.19070833333333334,0.034110416666666664,0.22345284282948694,0.2083772719647443,0.16666666666666666,0.16666666666666666
recurring_treatment,policy_value,22,-7127.873832917595,47383.154517367446,-8.774425624480326,-0.1434108614380806,-0.06577315171123828,0.17970833333333333,0.213,0.03305729166666665,0.21262293061128845,0.17411492339494883,0.43333333333333335,0.43333333333333335
recurring_treatment,policy_value,23,-7816.488000659172,39566.666516708276,-9.551860000823966,-0.14334305856753154,-0.03814535964660329,0.19854166666666667,0.22920833333333335,0.032711458333333325,0.2124337513217898,0.16318241149607,0.7,0.7
recurring_treatment,policy_value,24,-7772.265925561302,31794.40059114697,-9.475749073618294,-0.14395025261507685,-0.051962161041259385,0.19745833333333335,0.227875,0.03277291666666666,0.21068484809979018,0.15641756854242414,0.7666666666666667,0.7666666666666667
recurring_treatment,policy_value,25,-7022.255238888997,24772.145352257972,-8.538235715277912,-0.14306615763690916,-0.0713816876927009,0.175875,0.20929166666666668,0.03370416666666665,0.21066135152411858,0.14137573362585248,0.7666666666666667,0.7666666666666667
recurring_treatment,policy_value,26,3627.384540710996,28399.529892968967,4.742564009222079,0.08208573242214265,-0.10277291760931773,0.14049999999999999,0.17633333333333334,0.03391354166666665,0.2209038059597294,0.1268564888321172,0.6666666666666666,0.6666666666666666
recurring_treatment,policy_value,27,3770.6579205336207,32170.187813502587,4.8174890673336925,0.08102417973366832,-0.10367831772019503,0.14045833333333332,0.17591666666666667,0.03290833333333331,0.2221683830684519,0.15303215289358288,0.3333333333333333,0.3333333333333333
recurring_treatment,policy_value,28,4216.2495942400765,36386.43740774267,5.343228659466762,0.0815356159707261,-0.09085788194997639,0.15120833333333333,0.1877083333333333,0.03278541666666665,0.22002290471785238,0.19786281133862146,0.23333333333333334,0.23333333333333334
recurring_treatment,policy_value,29,4730.6232827637195,41117.06069050638,6.0174457701213155,0.08089910756055883,-0.0707411814227746,0.18266666666666667,0.21675000000000003,0.033292708333333317,0.22206015758176442,0.1923712772833262,0.3333333333333333,0.3333333333333333
recurring_treatment,policy_value_confident,5,8832.272594799093,8832.272594799093,11.040340743498865,0.0804650517457554,0.07777455989707503,0.25,0.27775,0.033886458333333334,0.21347064614057168,,0.0,0.0
recurring_treatment,policy_value_confident,6,8841.604653312515,17673.877248111607,11.052005816640644,0.08160472241919353,0.07806138402382837,0.25,0.27595833333333336,0.032962499999999985,0.21392920729110157,0.1786469347762118,0.0,0.0
recurring_treatment,policy_value_confident,7,8802.338151245913,26476.215399357523,11.00292268905739,0.08071764844851384,0.07770890629002587,0.25,0.27441666666666664,0.03274583333333332,0.21548558644925986,0.15013533613258526,0.0,0.0
recurring_treatment,policy_value_confident,8,8765.165434260165,35241.38083361769,10.956456792825207,0.08064468709914178,0.0777011438024903,0.25,0.27395833333333336,0.032383333333333326,0.21278875554924256,0.1436506271369178,0.0,0.0
recurring_treatment,policy_value_confident,9,8932.089154439247,44173.46998805694,11.16511144304906,0.08161511411715858,0.0784111437065742,0.25,0.27520833333333333,0.03369895833333333,0.21380889038218845,0.14773027814029593,0.0,0.0
recurring_treatment,policy_value_confident,10,8778.47956191032,52951.94954996726,10.973099452387903,0.08117655333091109,0.07830754427912676,0.25,0.27308333333333334,0.03493645833333332,0.2137311543467031,0.14610437593122755,0.0,0.0
recurring_treatment,policy_value_confident,11,8868.728897335644,61820.678447302904,11.085911121669557,0.08106221461154882,0.07792783895452007,0.25,0.27449999999999997,0.03394791666666666,0.21200648087033755,0.15360378891456639,0.0,0.0
recurring_treatment,policy_value_confident,12,8706.462146286673,70527.14059358957,10.91432768285834,0.08042146511811366,0.07723559779139925,0.25,0.27520833333333333,0.033078124999999986,0.21370684690035419,0.17299307389881818,0.1,0.1
recurring_treatment,policy_value_confident,13,8391.510800232089,78918.65139382167,10.510221833623444,0.08122687544591475,0.07967726586251986,0.25,0.27379166666666666,0.033839583333333326,0.21593631317433,0.15416045146422314,0.06666666666666667,0.06666666666666667
recurring_treatment,policy_value_confident,14,-9032.577643140536,69886.07375068113,-11.259472053925668,-0.14307226626249128,0.0788211641974668,0.25,0.27575000000000005,0.032958333333333326,0.21406862215188044,0.1540813157877478,0.1,0.1
recurring_treatment,policy_value_confident,15,-9094.327136758939,60791.74661392219,-11.263742254282006,-0.14337681408228806,0.07184485391395537,0.25,0.27749999999999997,0.033717708333333325,0.21525946872058563,0.17598772044856484,0.3333333333333333,0.3333333333333333
recurring_treatment,policy_value_confident,16,-9143.328753177078,51648.41786074511,-11.252077608138014,-0.14362165329068127,0.04280422077443707,0.24729166666666666,0.2734583333333333,0.03346458333333333,0.21342384176104534,0.2089450488625962,0.5666666666666667,0.5666666666666667
recurring_treatment,policy_value_confident,17,-8032.268471825019,43616.149388920094,-9.89450225644794,-0.14364888288787744,-0.011361368109463643,0.21283333333333332,0.23875000000000002,0.03439687499999999,0.2124231925570263,0.1761608019813572,0.4666666666666667,0.4666666666666667
recurring_treatment,policy_value_confident,18,5313.659816949769,48929.80920586987,6.746241437853878,0.08059227227914366,-0.0397202191305386,0.19604166666666664,0.22529166666666667,0.03269583333333332,0.2185386727838809,0.13898515102716105,0.3333333333333333,0.3333333333333333
recurring_treatment,policy_value_confident,19,5182.234156459486,54112.04336232935,6.519459362241024,0.08142206922273963,-0.04892530532273346,0.18354166666666666,0.21341666666666667,0.0344875,0.221284918521174,0.1631657474477211,0.13333333333333333,0.13333333333333333
recurring_treatment,policy_value_confident,20,5546.136175316494,59658.17953764585,6.95350355247895,0.08218156442415306,-0.04148595716052772,0.19816666666666669,0.22745833333333335,0.033471875,0.22076201251310676,0.20042555553875765,0.06666666666666667,0.06666666666666667
recurring_treatment,policy_value_confident,21,5589.228409070438,65247.40794671628,6.986535511338047,0.08138195121109368,-0.04066788511726933,0.19875,0.22629166666666667,0.03438645833333333,0.22113054399461068,0.19654864141514888,0.0,0.0
recurring_treatment,policy_value_confident,22,-7601.047762000073,57646.360184716206,-9.459643035833425,-0.1434108614380806,-0.04048162014680811,0.196875,0.22866666666666666,0.033583333333333326,0.21258499078219856,0.18090677863332616,0.13333333333333333,0.13333333333333333
recurring_treatment,policy_value_confident,23,-7709.202649265126,49937.157535451086,-9.574003311581407,-0.14334305856753154,-0.031183638930588183,0.20175,0.23179166666666667,0.03335833333333333,0.2108096131489263,0.16550925622143556,0.2,0.2
recurring_treatment,policy_value_confident,24,-7492.249524443118,42444.90801100796,-9.209061905553899,-0.14395025261507685,-0.0483919442265679,0.1892083333333333,0.221125,0.03334687499999999,0.2103055318282148,0.17449424972834907,0.5,0.5
recurring_treatment,policy_value_confident,25,-7060.104382279486,35384.80362872848,-8.68971381118269,-0.14306615763690916,-0.05802127019247009,0.17608333333333331,0.20987499999999998,0.03382708333333331,0.20974727389212952,0.1565396781616592,0.43333333333333335,0.43333333333333335
recurring_treatment,policy_value_confident,26,4356.3780746924085,39741.18170342089,5.518389260032178,0.08208573242214265,-0.071824574792833,0.15525,0.18920833333333334,0.03356249999999998,0.22027341306207052,0.14235580780883175,0.23333333333333334,0.23333333333333334
recurring_treatment,policy_value_confident,27,4263.530158770838,44004.711862191725,5.371079365130215,0.08102417973366832,-0.07251927436301334,0.15029166666666666,0.1850416666666667,0.03324687499999998,0.220326792966989,0.1573358381848627,0.13333333333333333,0.13333333333333333
recurring_treatment,policy_value_confident,28,4357.029853301179,48361.741715492906,5.477537316626473,0.0815356159707261,-0.06732670821499015,0.155625,0.19133333333333333,0.03280104166666666,0.21983632975519785,0.19194432230208366,0.1,0.1
recurring_treatment,policy_value_confident,29,4740.512496503362,53102.25421199626,5.967307287295869,0.08089910756055883,-0.056899637092476606,0.173625,0.20875000000000002,0.033278124999999985,0.22026397755841165,0.1897611634152116,0.13333333333333333,0.13333333333333333
treatment,cate_shift,5,8832.272594799093,8832.272594799093,11.040340743498865,0.0804650517457554,0.07777455989707503,0.25,0.27775,0.033886458333333334,0.21347064614057168,,0.0,0.0
treatment,cate_shift,6,8799.93798664585,17632.210581444942,11.052005816640644,0.08160472241919353,0.07806138402382837,0.25,0.27595833333333336,0.032962499999999985,0.21392920729110157,0.1786469347762118,0.16666666666666666,0.16666666666666666
treatment,cate_shift,7,8707.509563032047,26339.72014447699,10.88438695379006,0.08071764844851384,0.07637949538637649,0.25,0.2743333333333334,0.032791666666666656,0.21559358044455668,0.1490667089143338,0.0,0.0
treatment,cate_shift,8,8686.851763795392,35026.57190827238,10.858564704744241,0.08064468709914178,0.07622093796250663,0.25,0.27408333333333335,0.03228333333333332,0.21282281462749503,0.14386013391308125,0.0,0.0
treatment,cate_shift,9,8826.724258603168,43853.296166875545,11.043821989920625,0.08161511411715858,0.07694187783044842,0.25,0.275125,0.03393749999999999,0.21375055219847094,0.14880134036426573,0.03333333333333333,0.03333333333333333
treatment,cate_shift,10,8594.175359616533,52447.47152649208,10.753135866187332,0.08117655333091109,0.07589978392678925,0.25,0.272875,0.03493333333333333,0.2139507010311409,0.14423628668463434,0.03333333333333333,0.03333333333333333
treatment,cate_shift,11,8636.297397330876,61083.76892382296,10.805788413330264,0.08106221461154882,0.07335150751305321,0.25,0.27449999999999997,0.0336625,0.21276774748353297,0.14907070538819547,0.03333333333333333,0.03333333333333333
treatment,cate_shift,12,8511.026997066752,69594.79592088971,10.659617079666775,0.08042146511811366,0.07561012510855004,0.25,0.2758333333333333,0.03346666666666666,0.21500110815702217,0.16822458007900473,0.06666666666666667,0.06666666666666667
treatment,cate_shift,13,8297.372207496654,77892.16812838636,10.371715259370818,0.08122687544591475,0.07384207438674235,0.25,0.275,0.033781249999999985,0.21637231667887302,0.15367188614433766,0.0,0.0
treatment,cate_shift,14,-9004.074001493555,68888.09412689281,-11.244675835200278,-0.14307226626249128,0.07509743689729732,0.25,0.27520833333333333,0.03317916666666666,0.21668459253631234,0.15914288097950616,0.03333333333333333,0.03333333333333333
treatment,cate_shift,15,-9040.082465754347,59848.011661138466,-11.258436415526267,-0.14337681408228806,0.06950858961700553,0.24991666666666665,0.27704166666666663,0.033795833333333324,0.21709474171401885,0.1802214234778465,0.13333333333333333,0.13333333333333333
treatment,cate_shift,16,-9203.068656062553,50644.94300507591,-11.37883582007819,-0.14362165329068127,0.05433951475458683,0.25,0.27570833333333333,0.033593749999999985,0.21623923254485616,0.22549292796061998,0.4,0.4
treatment,cate_shift,17,-8113.39672538459,42531.54627969132,-10.110495906730739,-0.14364888288787744,-0.0010989321959487272,0.219375,0.24525,0.03368333333333332,0.21405758982513848,0.18689651678860353,0.1,0.1
treatment,cate_shift,18,-7978.394676509111,34553.15160318221,-9.931326678969723,-0.14397340024466973,-0.013635413175338545,0.21041666666666667,0.237625,0.03327708333333333,0.21026564089098193,0.18128106437020589,0.13333333333333333,0.13333333333333333
treatment,cate_shift,19,-7323.508121496681,27229.64348168553,-9.102301818537518,-0.1435389082227206,-0.03831952243508764,0.19104166666666667,0.2204583333333333,0.03435104166666666,0.21058057316378068,0.17816251958697665,0.16666666666666666,0.16666666666666666
treatment,cate_shift,20,-6587.957396050332,20641.686085635196,-8.203696745062915,-0.14324924346555565,-0.06784593476731844,0.16716666666666666,0.19925,0.03269895833333332,0.21022366907867626,0.16303904402089897,0.1,0.1
treatment,cate_shift,21,-5864.832295979539,14776.853789655655,-7.320623703307757,-0.14339413936975134,-0.0823978514851856,0.14491666666666667,0.17816666666666667,0.033507291666666654,0.21117028676749913,0.1539560299476977,0.03333333333333333,0.03333333333333333
treatment,cate_shift,22,-6011.397284808106,8765.456504847547,-7.482996606010132,-0.1434108614380806,-0.0868541187338591,0.14529166666666665,0.183125,0.03356354166666666,0.21409423230136648,0.17311323060060207,0.1,0.1
treatment,cate_shift,23,-5524.493160375352,3240.963344472196,-6.884783117135857,-0.14334305856753154,-0.10274849541873979,0.13095833333333334,0.16720833333333335,0.032622916666666654,0.21003949756300672,0.16353113862030783,0.06666666666666667,0.06666666666666667
treatment,cate_shift,24,-5263.888253144359,-2022.9249086721632,-6.569443649763782,-0.14395025261507685,-0.10794653004499857,0.11908333333333333,0.15754166666666666,0.03287395833333333,0.21021962195228255,0.1572396020392008,0.03333333333333333,0.03333333333333333
treatment,cate_shift,25,-5047.003151741692,-7069.928060413854,-6.308753939677115,-0.14306615763690916,-0.11353801367748405,0.11316666666666667,0.15191666666666667,0.03435104166666666,0.2096656889310589,0.15027736291467156,0.0,0.0
treatment,cate_shift,26,-5002.867858979503,-12072.795919393358,-6.2535848237243785,-0.14319153028478995,-0.11297335008311753,0.11333333333333333,0.15141666666666667,0.03355312499999999,0.20850582462932413,0.16271668814915374,0.0,0.0
treatment,cate_shift,27,-5013.456899680881,-17086.25281907424,-6.266821124601102,-0.1437376402914524,-0.11411848315784671,0.11229166666666666,0.15095833333333333,0.032666666666666656,0.2105261208216507,0.16356526803654817,0.0,0.0
treatment,cate_shift,28,-5182.163400708416,-22268.416219782655,-6.436037584218853,-0.14358954896402876,-0.11345641288832252,0.11408333333333333,0.15408333333333332,0.033094791666666644,0.20822378855007445,0.1655582906125643,0.13333333333333333,0.13333333333333333
treatment,cate_shift,29,-4586.092725212903,-26854.50894499556,-5.711782573182797,-0.14368616810691634,-0.1267549741170058,0.09575,0.13825,0.033556249999999975,0.20771181437700875,0.14999761273419895,0.06666666666666667,0.06666666666666667
treatment,feature_drift,5,8832.272594799093,8832.272594799093,11.040340743498865,0.0804650517457554,0.07777455989707503,0.25,0.27775,0.033886458333333334,0.21347064614057168,,0.0,0.0
treatment,feature_drift,6,8841.604653312515,17673.877248111607,11.052005816640644,0.08160472241919353,0.07806138402382837,0.25,0.27595833333333336,0.032962499999999985,0.21392920729110157,0.1786469347762118,0.0,0.0
treatment,feature_drift,7,8802.338151245913,26476.215399357523,11.00292268905739,0.08071764844851384,0.07770890629002587,0.25,0.27441666666666664,0.03274583333333332,0.21548558644925986,0.15013533613258526,0.0,0.0
treatment,feature_drift,8,8765.165434260165,35241.38083361769,10.956456792825207,0.08064468709914178,0.0777011438024903,0.25,0.27395833333333336,0.032383333333333326,0.21278875554924256,0.1436506271369178,0.0,0.0
treatment,feature_drift,9,8932.089154439247,44173.46998805694,11.16511144304906,0.08161511411715858,0.0784111437065742,0.25,0.27520833333333333,0.03369895833333333,0.21380889038218845,0.14773027814029593,0.0,0.0
treatment,feature_drift,10,8778.47956191032,52951.94954996726,10.973099452387903,0.08117655333091109,0.07830754427912676,0.25,0.27308333333333334,0.03493645833333332,0.2137311543467031,0.14610437593122755,0.0,0.0
treatment,feature_drift,11,8868.728897335644,61820.678447302904,11.085911121669557,0.08106221461154882,0.07792783895452007,0.25,0.27449999999999997,0.03394791666666666,0.21200648087033755,0.15360378891456639,0.0,0.0
treatment,feature_drift,12,8731.462146286673,70552.14059358957,10.91432768285834,0.08042146511811366,0.07723559779139925,0.25,0.27520833333333333,0.033078124999999986,0.21370684690035419,0.17299307389881818,0.0,0.0
treatment,feature_drift,13,8768.001662201708,79320.14225579127,10.960002077752135,0.08122687544591475,0.07868222317643905,0.25,0.27387500000000004,0.03389791666666665,0.21407755395591677,0.16026122204322293,0.0,0.0
treatment,feature_drift,14,-8940.922050206867,70379.22020558441,-11.165735896091917,-0.14307226626249128,0.07877896916628137,0.25,0.2745416666666667,0.03298124999999999,0.21377769744938535,0.15846757956949312,0.03333333333333333,0.03333333333333333
treatment,feature_drift,15,-8960.5343179331,61418.685887651314,-11.200667897416373,-0.14337681408228806,0.07872817271975839,0.25,0.27770833333333333,0.03407708333333333,0.21428273260524805,0.1762740810147305,0.0,0.0
treatment,feature_drift,16,-8975.150691786768,52443.53519586455,-11.218938364733459,-0.14362165329068127,0.07727462841608985,0.25,0.27570833333333333,0.03350520833333332,0.21445576366806765,0.23639052534854285,0.0,0.0
treatment,feature_drift,17,-8820.041674326785,43623.49352153776,-11.02505209290848,-0.14364888288787744,0.07757733219101372,0.25,0.27299999999999996,0.03343125,0.21602071838740802,0.24142672625026965,0.0,0.0
treatment,feature_drift,18,-8962.06985372398,34661.42366781378,-11.202587317154975,-0.14397340024466973,0.07753008327588269,0.25,0.2737916666666667,0.03297291666666666,0.21222541833384578,0.2444665189137105,0.0,0.0
treatment,feature_drift,19,-8850.519941434797,25810.903726378987,-11.063149926793498,-0.1435389082227206,0.07830055195624432,0.25,0.2723333333333333,0.034704166666666654,0.21507243934595938,0.24611858426685645,0.0,0.0
treatment,feature_drift,20,-8913.50028974689,16897.403436632096,-11.141875362183612,-0.14324924346555565,0.07876559947789613,0.25,0.27375,0.03329687499999999,0.21359708317973827,0.24204765168543171,0.0,0.0
treatment,feature_drift,21,-8797.441565166877,8099.961871465218,-10.996801956458597,-0.14339413936975134,0.07814812572964551,0.25,0.27299999999999996,0.034039583333333324,0.21478911264207218,0.2439072911137662,0.0,0.0
treatment,feature_drift,22,-8900.779486817974,-800.8176153527553,-11.125974358522466,-0.1434108614380806,0.07884539519050053,0.25,0.276375,0.03268020833333332,0.2172888409889211,0.25067409865027857,0.0,0.0
treatment,feature_drift,23,-8918.913024782812,-9719.730640135567,-11.148641280978516,-0.14334305856753154,0.07751690999907888,0.25,0.2750833333333333,0.033044791666666656,0.21476947484986414,0.248893832479297,0.0,0.0
treatment,feature_drift,24,-9018.288364426511,-18738.019004562077,-11.272860455533138,-0.14395025261507685,0.07828562025543075,0.25,0.2764583333333333,0.03280312499999999,0.21481313713539485,0.24041097360559846,0.0,0.0
treatment,feature_drift,25,-8914.084465323369,-27652.103469885446,-11.142605581654212,-0.14306615763690916,0.07874940069088161,0.25,0.2754583333333333,0.03376458333333331,0.21478293657887088,0.23694550280678653,0.0,0.0
treatment,feature_drift,26,-8893.043476567993,-36545.146946453446,-11.105887679043324,-0.14319153028478995,0.07888830069461396,0.25,0.27408333333333335,0.034173958333333324,0.2150279826279188,0.2415806006247089,0.03333333333333333,0.03333333333333333
treatment,feature_drift,27,-8728.424568853608,-45273.57151530705,-10.91053071106701,-0.1437376402914524,0.07028368148121622,0.24358333333333335,0.2684166666666667,0.032941666666666654,0.21541924573848303,0.23530192535195663,0.0,0.0
treatment,feature_drift,28,-8869.94598848434,-54143.51750379139,-11.087432485605424,-0.14358954896402876,0.07088875771259871,0.24408333333333332,0.27116666666666667,0.03310312499999999,0.21412223854443288,0.2386530944804212,0.0,0.0
treatment,feature_drift,29,-8852.967574500788,-62996.48507829218,-11.066209468125983,-0.14368616810691634,0.07044115642073924,0.24429166666666668,0.27245833333333336,0.03467083333333332,0.21371446803795632,0.2500728478505222,0.0,0.0
treatment,never,5,8832.272594799093,8832.272594799093,11.040340743498865,0.0804650517457554,0.07777455989707503,0.25,0.27775,0.033886458333333334,0.21347064614057168,,0.0,0.0
treatment,never,6,8841.604653312515,17673.877248111607,11.052005816640644,0.08160472241919353,0.07806138402382837,0.25,0.27595833333333336,0.032962499999999985,0.21392920729110157,0.1786469347762118,0.0,0.0
treatment,never,7,8802.338151245913,26476.215399357523,11.00292268905739,0.08071764844851384,0.07770890629002587,0.25,0.27441666666666664,0.03274583333333332,0.21548558644925986,0.15013533613258526,0.0,0.0
treatment,never,8,8765.165434260165,35241.38083361769,10.956456792825207,0.08064468709914178,0.0777011438024903,0.25,0.27395833333333336,0.032383333333333326,0.21278875554924256,0.1436506271369178,0.0,0.0
treatment,never,9,8932.089154439247,44173.46998805694,11.16511144304906,0.08161511411715858,0.0784111437065742,0.25,0.27520833333333333,0.03369895833333333,0.21380889038218845,0.14773027814029593,0.0,0.0
treatment,never,10,8778.47956191032,52951.94954996726,10.973099452387903,0.08117655333091109,0.07830754427912676,0.25,0.27308333333333334,0.03493645833333332,0.2137311543467031,0.14610437593122755,0.0,0.0
treatment,never,11,8868.728897335644,61820.678447302904,11.085911121669557,0.08106221461154882,0.07792783895452007,0.25,0.27449999999999997,0.03394791666666666,0.21200648087033755,0.15360378891456639,0.0,0.0
treatment,never,12,8731.462146286673,70552.14059358957,10.91432768285834,0.08042146511811366,0.07723559779139925,0.25,0.27520833333333333,0.033078124999999986,0.21370684690035419,0.17299307389881818,0.0,0.0
treatment,never,13,8768.001662201708,79320.14225579127,10.960002077752135,0.08122687544591475,0.07868222317643905,0.25,0.27387500000000004,0.03389791666666665,0.21407755395591677,0.16026122204322293,0.0,0.0
treatment,never,14,-8932.588716873533,70387.55353891775,-11.165735896091917,-0.14307226626249128,0.07877896916628137,0.25,0.2745416666666667,0.03298124999999999,0.21377769744938535,0.15846757956949312,0.0,0.0
treatment,never,15,-8948.965974393966,61438.58756452378,-11.186207467992457,-0.14337681408228806,0.07890547632318495,0.25,0.27745833333333336,0.034089583333333326,0.21460788424650715,0.17779191789894305,0.0,0.0
treatment,never,16,-8967.071600113239,52471.515964410544,-11.208839500141547,-0.14362165329068127,0.07781180316297504,0.25,0.27575000000000005,0.03339895833333332,0.21471018870834027,0.2383403764655299,0.0,0.0
treatment,never,17,-8801.998885427378,43669.51707898316,-11.002498606784224,-0.14364888288787744,0.07797206553707614,0.25,0.27291666666666664,0.033378125,0.21641510599668837,0.2422993792863203,0.0,0.0
treatment,never,18,-8937.781995982743,34731.73508300042,-11.172227494978427,-0.14397340024466973,0.07766610319779478,0.25,0.27358333333333335,0.03300520833333333,0.21260286759923724,0.245699476186101,0.0,0.0
treatment,never,19,-8843.98180120944,25887.753281790985,-11.054977251511797,-0.1435389082227206,0.07822090822910281,0.25,0.2725,0.03464895833333332,0.21532218103964454,0.24661917979096573,0.0,0.0
treatment,never,20,-8885.859544472163,17001.89373731882,-11.107324430590204,-0.14324924346555565,0.07952885561229055,0.25,0.27358333333333335,0.03318854166666666,0.2140108306187666,0.24128213341858312,0.0,0.0
treatment,never,21,-8789.736469080386,8212.157268238436,-10.987170586350482,-0.14339413936975134,0.07854087088560882,0.25,0.27316666666666667,0.03386145833333332,0.21523541405215246,0.24286792705166557,0.0,0.0
treatment,never,22,-8876.223162647319,-664.065894408884,-11.09527895330915,-0.1434108614380806,0.07894802788026109,0.25,0.27599999999999997,0.032741666666666655,0.2174884760462781,0.24884775709961887,0.0,0.0
treatment,never,23,-8912.458878685702,-9576.524773094588,-11.140573598357129,-0.14334305856753154,0.07845414530023799,0.25,0.2752916666666667,0.03283229166666666,0.21496982554370894,0.24940710382827477,0.0,0.0
treatment,never,24,-8983.840457569751,-18560.365230664338,-11.229800571962189,-0.14395025261507685,0.07870381301538171,0.25,0.27625,0.032839583333333325,0.21503974020745698,0.2405138283317979,0.0,0.0
treatment,never,25,-8907.360938616132,-27467.72616928047,-11.134201173270165,-0.14306615763690916,0.07909072142361792,0.25,0.27570833333333333,0.03370624999999998,0.2150383988288277,0.23677890559864648,0.0,0.0
treatment,never,26,-8887.199804745635,-36354.925974026104,-11.108999755932045,-0.14319153028478995,0.07892815889275684,0.25,0.27408333333333335,0.034322916666666654,0.21534713285438187,0.2411217810891192,0.0,0.0
treatment,never,27,-8897.13205063657,-45252.05802466267,-11.12141506329571,-0.1437376402914524,0.07822927344373075,0.25,0.27395833333333336,0.03278437499999999,0.21582122863737313,0.23695555576970728,0.0,0.0
treatment,never,28,-9031.981076265109,-54284.03910092778,-11.289976345331386,-0.14358954896402876,0.07843503496207652,0.25,0.27708333333333335,0.03317708333333333,0.21419020822662602,0.2409057376516927,0.0,0.0
treatment,never,29,-8995.355563599567,-63279.39466452735,-11.244194454499459,-0.14368616810691634,0.07780842033428442,0.25,0.2775416666666667,0.03450937499999998,0.2138799212116691,0.2507485041733629,0.0,0.0
treatment,performance,5,8832.272594799093,8832.272594799093,11.040340743498865,0.0804650517457554,0.07777455989707503,0.25,0.27775,0.033886458333333334,0.21347064614057168,,0.0,0.0
treatment,performance,6,8841.604653312515,17673.877248111607,11.052005816640644,0.08160472241919353,0.07806138402382837,0.25,0.27595833333333336,0.032962499999999985,0.21392920729110157,0.1786469347762118,0.0,0.0
treatment,performance,7,8802.338151245913,26476.215399357523,11.00292268905739,0.08071764844851384,0.07770890629002587,0.25,0.27441666666666664,0.03274583333333332,0.21548558644925986,0.15013533613258526,0.0,0.0
treatment,performance,8,8765.165434260165,35241.38083361769,10.956456792825207,0.08064468709914178,0.0777011438024903,0.25,0.27395833333333336,0.032383333333333326,0.21278875554924256,0.1436506271369178,0.0,0.0
treatment,performance,9,8932.089154439247,44173.46998805694,11.16511144304906,0.08161511411715858,0.0784111437065742,0.25,0.27520833333333333,0.03369895833333333,0.21380889038218845,0.14773027814029593,0.0,0.0
treatment,performance,10,8778.47956191032,52951.94954996726,10.973099452387903,0.08117655333091109,0.07830754427912676,0.25,0.27308333333333334,0.03493645833333332,0.2137311543467031,0.14610437593122755,0.0,0.0
treatment,performance,11,8868.728897335644,61820.678447302904,11.085911121669557,0.08106221461154882,0.07792783895452007,0.25,0.27449999999999997,0.03394791666666666,0.21200648087033755,0.15360378891456639,0.0,0.0
treatment,performance,12,8731.462146286673,70552.14059358957,10.91432768285834,0.08042146511811366,0.07723559779139925,0.25,0.27520833333333333,0.033078124999999986,0.21370684690035419,0.17299307389881818,0.0,0.0
treatment,performance,13,8759.668328868374,79311.80892245795,10.960002077752135,0.08122687544591475,0.07868222317643905,0.25,0.27387500000000004,0.03389791666666665,0.21407755395591677,0.16026122204322293,0.03333333333333333,0.03333333333333333
treatment,performance,14,-8958.536997168267,70353.27192528968,-11.198171246460333,-0.14307226626249128,0.07704413261916325,0.25,0.27466666666666667,0.03283229166666666,0.21453691960665017,0.15816899054531888,0.0,0.0
treatment,performance,15,-9001.586602615991,61351.685322673686,-11.22073325326999,-0.14337681408228806,0.07703652012581802,0.25,0.2776666666666667,0.03405624999999999,0.21505212991834716,0.17870058687360976,0.1,0.1
treatment,performance,16,-8996.540468837973,52355.144853835714,-11.224842252714133,-0.14362165329068127,0.06512119377936522,0.24887499999999999,0.2743333333333334,0.03317812499999999,0.21492023001199959,0.22843239689072858,0.06666666666666667,0.06666666666666667
treatment,performance,17,-8703.87452063692,43651.2703331988,-10.87984315079615,-0.14364888288787744,0.055134615325383655,0.244125,0.2670833333333333,0.03312916666666666,0.21588668217461,0.22479388139464127,0.0,0.0
treatment,performance,18,-8833.62049431964,34817.64983887916,-11.04202561789955,-0.14397340024466973,0.05441486769393523,0.24395833333333333,0.26779166666666665,0.03317916666666666,0.2124920127772316,0.2311546528590953,0.0,0.0
treatment,performance,19,-8819.27372545982,25998.376113419337,-11.003258823491441,-0.1435389082227206,0.054443942139876876,0.24525,0.268375,0.03456770833333332,0.2151608208087083,0.23348419988119196,0.06666666666666667,0.06666666666666667
treatment,performance,20,-8374.667696675071,17623.708416744266,-10.468334620843839,-0.14324924346555565,0.039118384969670725,0.230875,0.25570833333333337,0.03307083333333333,0.21290846082659481,0.21790130111737993,0.0,0.0
treatment,performance,21,-8323.365986090439,9300.342430653827,-10.393790815946382,-0.14339413936975134,0.03796258446377675,0.23012500000000002,0.255625,0.03399062499999999,0.21425145358941647,0.21674013726971736,0.03333333333333333,0.03333333333333333
treatment,performance,22,-8240.794163140697,1059.5482675131282,-10.280159370592541,-0.1434108614380806,0.035525353532315895,0.224125,0.2530833333333333,0.03260937499999999,0.21588921379052387,0.22244317797975505,0.06666666666666667,0.06666666666666667
treatment,performance,23,-7757.042227176825,-6697.493959663697,-9.696302783971031,-0.14334305856753154,0.02095670040611489,0.21058333333333332,0.23895833333333333,0.032991666666666655,0.21257445062645358,0.21389932482579344,0.0,0.0
treatment,performance,24,-7812.426807722809,-14509.920767386506,-9.765533509653512,-0.14395025261507685,0.021140487769734057,0.211,0.24037499999999998,0.032691666666666654,0.21325007186313952,0.21123230111888716,0.0,0.0
treatment,performance,25,-7813.416494610039,-22323.337261996545,-9.756353951595882,-0.14306615763690916,0.021736031949565936,0.2115,0.24112499999999998,0.03341874999999998,0.21343940365151626,0.2127818612086657,0.03333333333333333,0.03333333333333333
treatment,performance,26,-7836.117381945879,-30159.454643942423,-9.79514672743235,-0.14319153028478995,0.023577131477279387,0.21279166666666666,0.24033333333333334,0.033622916666666655,0.21281736220880815,0.217352020225047,0.0,0.0
treatment,performance,27,-7869.150415065233,-38028.605059007656,-9.83643801883154,-0.1437376402914524,0.02294672030671872,0.212625,0.24016666666666667,0.03319062499999999,0.21393092407186381,0.21160570449813013,0.0,0.0
treatment,performance,28,-8033.760620478463,-46062.365679486116,-10.04220077559808,-0.14358954896402876,0.023943300233847647,0.21433333333333332,0.24466666666666667,0.033410416666666665,0.21217482581767236,0.21887179712340374,0.0,0.0
treatment,performance,29,-7956.457357787672,-54018.823037273796,-9.935155030567923,-0.14368616810691634,0.023220953612112058,0.21312499999999998,0.24395833333333333,0.03469270833333331,0.21107409369883925,0.22813246180377839,0.03333333333333333,0.03333333333333333
treatment,periodic,5,8832.272594799093,8832.272594799093,11.040340743498865,0.0804650517457554,0.07777455989707503,0.25,0.27775,0.033886458333333334,0.21347064614057168,,0.0,0.0
treatment,periodic,6,8841.604653312515,17673.877248111607,11.052005816640644,0.08160472241919353,0.07806138402382837,0.25,0.27595833333333336,0.032962499999999985,0.21392920729110157,0.1786469347762118,0.0,0.0
treatment,periodic,7,8802.338151245913,26476.215399357523,11.00292268905739,0.08071764844851384,0.07770890629002587,0.25,0.27441666666666664,0.03274583333333332,0.21548558644925986,0.15013533613258526,0.0,0.0
treatment,periodic,8,8765.165434260165,35241.38083361769,10.956456792825207,0.08064468709914178,0.0777011438024903,0.25,0.27395833333333336,0.032383333333333326,0.21278875554924256,0.1436506271369178,0.0,0.0
treatment,periodic,9,8682.089154439247,43923.46998805694,11.16511144304906,0.08161511411715858,0.0784111437065742,0.25,0.27520833333333333,0.03369895833333333,0.21380889038218845,0.14773027814029593,1.0,1.0
treatment,periodic,10,7127.727543248378,51051.19753130532,8.909659429060474,0.08117655333091109,0.08610180653764828,0.25,0.2719583333333333,0.03443333333333332,0.2227427460861732,0.12600191561059307,0.0,0.0
treatment,periodic,11,7166.253741082551,58217.451272387865,8.957817176353188,0.08106221461154882,0.08720386825652901,0.25,0.274125,0.033523958333333326,0.22004991008230604,0.15313703533940257,0.0,0.0
treatment,periodic,12,7098.137834039564,65315.589106427426,8.872672292549455,0.08042146511811366,0.08551350096881923,0.25,0.2753333333333333,0.03343645833333331,0.2235824129297346,0.1896513457561763,0.0,0.0
treatment,periodic,13,7103.162665163865,72418.7517715913,8.87895333145483,0.08122687544591475,0.08688281672224524,0.25,0.274625,0.033865624999999996,0.2224139584690505,0.18318718875644122,0.0,0.0
treatment,periodic,14,-9719.09408773138,62699.657683859914,-11.836367609664228,-0.14307226626249128,0.08656183658314855,0.25,0.274875,0.03227187499999999,0.22883195787142918,0.18979931116108556,1.0,1.0
treatment,periodic,15,-9329.716221775696,53369.941462084214,-11.66214527721962,-0.14337681408228806,0.04067699447912935,0.24975,0.27741666666666664,0.03362812499999999,0.21978981586131363,0.15500012534275992,0.0,0.0
treatment,periodic,16,-9346.554443658013,44023.387018426205,-11.683193054572516,-0.14362165329068127,0.03927181270140228,0.24920833333333334,0.27620833333333333,0.03337083333333332,0.2201578316009926,0.22347795065314272,0.0,0.0
treatment,periodic,17,-9150.385175077454,34873.00184334875,-11.43798146884682,-0.14364888288787744,0.03881957302035191,0.24987499999999999,0.27266666666666667,0.03406874999999999,0.22017752156098733,0.23277727832491998,0.0,0.0
treatment,periodic,18,-9247.659213601908,25625.34262974684,-11.559574017002387,-0.14397340024466973,0.04020637294803997,0.25,0.273125,0.03255520833333333,0.21877116134304295,0.23052319435342944,0.0,0.0
treatment,periodic,19,-9448.678128716152,16176.66450103069,-11.49834766089519,-0.1435389082227206,0.03978229858956797,0.25,0.2730416666666667,0.03439479166666664,0.22090351893829302,0.23287538922242362,1.0,1.0
treatment,periodic,20,-3968.446428462784,12208.218072567905,-4.96055803557848,-0.14324924346555565,-0.14918247915469465,0.08154166666666667,0.12220833333333332,0.03339583333333332,0.2117468095091092,0.11466254177876924,0.0,0.0
treatment,periodic,21,-4024.261381120233,8183.956691447672,-5.0303267264002915,-0.14339413936975134,-0.149501642592739,0.08333333333333333,0.12383333333333332,0.03360104166666666,0.21108184770756835,0.13660730932324336,0.0,0.0
treatment,periodic,22,-4086.5855078733857,4097.371183574286,-5.108231884841731,-0.1434108614380806,-0.14953554206226605,0.08275,0.12641666666666668,0.03340624999999999,0.21189493323398642,0.16933093230195306,0.0,0.0
treatment,periodic,23,-4071.7492660494913,25.621917524794814,-5.089686582561865,-0.14334305856753154,-0.14842214088705039,0.08429166666666667,0.12545833333333334,0.03257499999999999,0.21096242810444057,0.16401765897119513,0.0,0.0
treatment,periodic,24,-4276.5388620311305,-4250.916944506335,-5.033173577538913,-0.14395025261507685,-0.15123948812073917,0.080125,0.12241666666666666,0.032891666666666666,0.21069750924444133,0.15802693430613685,1.0,1.0
treatment,periodic,25,-3876.744820904779,-8127.661765411114,-4.845931026130973,-0.14306615763690916,-0.14684025638594358,0.073,0.11554166666666667,0.03392604166666664,0.2097141714549771,0.11145538442467534,0.0,0.0
treatment,periodic,26,-3888.9678005912506,-12016.629566002366,-4.8612097507390635,-0.14319153028478995,-0.14665288198010848,0.07404166666666666,0.11579166666666667,0.03390416666666665,0.2079428632962272,0.13816826208657612,0.0,0.0
treatment,periodic,27,-3835.9824201167667,-15852.611986119131,-4.7949780251459595,-0.1437376402914524,-0.14658583706017414,0.07325000000000001,0.114875,0.03309895833333332,0.20998964353498678,0.14798747951407643,0.0,0.0
treatment,periodic,28,-3980.3342859179024,-19832.946272037036,-4.975417857397378,-0.14358954896402876,-0.14688241376179648,0.07395833333333333,0.11887500000000001,0.03228749999999999,0.20845190761035629,0.15097944805872018,0.0,0.0
treatment,periodic,29,-4176.883768083216,-24009.830040120247,-4.9086047101040196,-0.14368616810691634,-0.1458989077884651,0.07466666666666666,0.11883333333333333,0.03367812499999999,0.2079574994644697,0.1522941278333207,1.0,1.0
treatment,policy_value,5,8823.93926146576,8823.93926146576,11.040340743498865,0.0804650517457554,0.07777455989707503,0.25,0.27775,0.033886458333333334,0.21347064614057168,,0.03333333333333333,0.03333333333333333
treatment,policy_value,6,8800.880117685794,17624.819379151555,11.053183480440575,0.08160472241919353,0.0779171010200566,0.25,0.27608333333333335,0.03294583333333332,0.2138712056237551,0.17840027170505582,0.16666666666666666,0.16666666666666666
treatment,policy_value,7,8739.127014693126,26363.94639384468,10.955158768366406,0.08071764844851384,0.07779226625290298,0.25,0.2743333333333334,0.03275937499999999,0.21576885216192074,0.14928722461754404,0.1,0.1
treatment,policy_value,8,8685.545267815349,35049.49166166003,10.929848251435853,0.08064468709914178,0.07776365003295592,0.25,0.2738333333333333,0.03255833333333332,0.21294159829081977,0.14266265500665523,0.23333333333333334,0.23333333333333334
treatment,policy_value,9,8630.17104645017,43679.6627081102,10.881463808062712,0.08161511411715858,0.08063810833016848,0.25,0.2753333333333333,0.03369374999999999,0.21377971881630467,0.14832175238558448,0.3,0.3
treatment,policy_value,10,8085.734222036397,51765.3969301466,10.180084444212163,0.08117655333091109,0.0745810701377831,0.25,0.27329166666666665,0.03454062499999999,0.21535038425883749,0.1409175625872866,0.23333333333333334,0.23333333333333334
treatment,policy_value,11,7983.86971871452,59749.266648861114,10.042337148393152,0.08106221461154882,0.07997368865496393,0.25,0.275,0.03357291666666666,0.21502959392477008,0.13983635735997751,0.2,0.2
treatment,policy_value,12,7848.585544415708,67597.85219327682,9.883648597186301,0.08042146511811366,0.08553795228876475,0.25,0.27625,0.03327604166666665,0.21804351731305247,0.16087270332471268,0.23333333333333334,0.23333333333333334
treatment,policy_value,13,7558.794743756971,75156.6469370338,9.500576763029548,0.08122687544591475,0.07891224003550933,0.25,0.2745416666666667,0.033864583333333316,0.2197044661306851,0.15019546953452872,0.16666666666666666,0.16666666666666666
treatment,policy_value,14,-9351.268885608237,65805.37805142555,-11.532836107010295,-0.14307226626249128,0.07787592890110995,0.25,0.274875,0.03282812499999999,0.22193597342647642,0.16619751886943715,0.5,0.5
treatment,policy_value,15,-9600.270130265631,56205.10792115993,-11.81283766283204,-0.14337681408228806,0.04963335710156567,0.24975,0.2775416666666667,0.03359583333333334,0.2214271012473271,0.16785412368424654,0.6,0.6
treatment,policy_value,16,-9447.304693870212,46757.80322728971,-11.538297534004434,-0.14362165329068127,0.011984098827734579,0.245625,0.2721666666666666,0.03388645833333333,0.21601330215921546,0.19090696235710805,0.8666666666666667,0.8666666666666667
treatment,policy_value,17,-7803.567417015317,38954.2358102744,-9.504459271269146,-0.14364888288787744,-0.04771596311996018,0.20049999999999998,0.22791666666666668,0.03435520833333332,0.2110937377698665,0.15344715711517645,0.8,0.8
treatment,policy_value,18,-6362.095571752809,32592.140238521588,-7.7026194646910096,-0.14397340024466973,-0.09337187576614984,0.148625,0.18195833333333333,0.03284479166666666,0.2084961111129299,0.13144887218168125,0.8,0.8
treatment,policy_value,19,-4388.403887974396,28203.73635054719,-5.266754859967995,-0.1435389082227206,-0.13945717286948422,0.08654166666666667,0.12591666666666665,0.034185416666666656,0.21084011256592908,0.12170864491808994,0.7,0.7
treatment,policy_value,20,-4422.866554761436,23780.869795785755,-5.278583193451795,-0.14324924346555565,-0.1402617664840268,0.08679166666666666,0.12662500000000002,0.033345833333333325,0.2106741196761304,0.12562378790252104,0.8,0.8
treatment,policy_value,21,-3943.514684374668,19837.355111411085,-4.689810022135002,-0.14339413936975134,-0.15282243199254386,0.07283333333333333,0.114,0.033491666666666656,0.21070757919529454,0.11829854505147336,0.7666666666666667,0.7666666666666667
treatment,policy_value,22,-3772.6962146165374,16064.65889679455,-4.476286934937338,-0.1434108614380806,-0.1546510740391674,0.066625,0.1105,0.032908333333333324,0.21126141810661878,0.13295765008678023,0.7666666666666667,0.7666666666666667
treatment,policy_value,23,-4087.8735745022873,11976.785322292264,-4.911925301461192,-0.14334305856753154,-0.1516981421469845,0.07829166666666666,0.12008333333333333,0.03268958333333332,0.2092119069208149,0.12426439592972706,0.6333333333333333,0.6333333333333333
treatment,policy_value,24,-3932.2486715991977,8044.536650693065,-4.675727506165663,-0.14395025261507685,-0.15153421275648798,0.06970833333333333,0.11266666666666666,0.03299270833333333,0.20873789772209556,0.11460690887251124,0.7666666666666667,0.7666666666666667
treatment,policy_value,25,-3879.991689588653,4164.544961104412,-4.641656278652483,-0.14306615763690916,-0.1503831503415501,0.0685,0.11145833333333334,0.033808333333333315,0.21004843407706938,0.12040076039743249,0.6666666666666666,0.6666666666666666
treatment,policy_value,26,-3749.3375967398415,415.20736436457025,-4.499171995924802,-0.14319153028478995,-0.15325713171545968,0.065375,0.10833333333333334,0.03405937499999999,0.20917334470188367,0.12244125468017139,0.6,0.6
treatment,policy_value,27,-3950.2749818198795,-3535.067617455309,-4.771177060608182,-0.1437376402914524,-0.1503909001306762,0.07141666666666667,0.112875,0.03313854166666665,0.2117183857749076,0.12088114174207237,0.5333333333333333,0.5333333333333333
treatment,policy_value,28,-3909.1999673408145,-7444.267584796124,-4.698999959176018,-0.14358954896402876,-0.15332808829844818,0.06708333333333334,0.111875,0.032997916666666655,0.2089627008549999,0.12886581126759583,0.6,0.6
treatment,policy_value,29,-4009.910524711168,-11454.178109507291,-4.783221489222294,-0.14368616810691634,-0.1545544760483416,0.07075000000000001,0.11624999999999999,0.03337395833333332,0.20941365175442744,0.12322045177698901,0.7333333333333333,0.7333333333333333
treatment,policy_value_confident,5,8832.272594799093,8832.272594799093,11.040340743498865,0.0804650517457554,0.07777455989707503,0.25,0.27775,0.033886458333333334,0.21347064614057168,,0.0,0.0
treatment,policy_value_confident,6,8841.604653312515,17673.877248111607,11.052005816640644,0.08160472241919353,0.07806138402382837,0.25,0.27595833333333336,0.032962499999999985,0.21392920729110157,0.1786469347762118,0.0,0.0
treatment,policy_value_confident,7,8802.338151245913,26476.215399357523,11.00292268905739,0.08071764844851384,0.07770890629002587,0.25,0.27441666666666664,0.03274583333333332,0.21548558644925986,0.15013533613258526,0.0,0.0
treatment,policy_value_confident,8,8765.165434260165,35241.38083361769,10.956456792825207,0.08064468709914178,0.0777011438024903,0.25,0.27395833333333336,0.032383333333333326,0.21278875554924256,0.1436506271369178,0.0,0.0
treatment,policy_value_confident,9,8932.089154439247,44173.46998805694,11.16511144304906,0.08161511411715858,0.0784111437065742,0.25,0.27520833333333333,0.03369895833333333,0.21380889038218845,0.14773027814029593,0.0,0.0
treatment,policy_value_confident,10,8778.47956191032,52951.94954996726,10.973099452387903,0.08117655333091109,0.07830754427912676,0.25,0.27308333333333334,0.03493645833333332,0.2137311543467031,0.14610437593122755,0.0,0.0
treatment,policy_value_confident,11,8868.728897335644,61820.678447302904,11.085911121669557,0.08106221461154882,0.07792783895452007,0.25,0.27449999999999997,0.03394791666666666,0.21200648087033755,0.15360378891456639,0.0,0.0
treatment,policy_value_confident,12,8706.462146286673,70527.14059358957,10.91432768285834,0.08042146511811366,0.07723559779139925,0.25,0.27520833333333333,0.033078124999999986,0.21370684690035419,0.17299307389881818,0.1,0.1
treatment,policy_value_confident,13,8391.510800232089,78918.65139382167,10.510221833623444,0.08122687544591475,0.07967726586251986,0.25,0.27379166666666666,0.033839583333333326,0.21593631317433,0.15416045146422314,0.06666666666666667,0.06666666666666667
treatment,policy_value_confident,14,-9032.577643140536,69886.07375068113,-11.259472053925668,-0.14307226626249128,0.0788211641974668,0.25,0.27575000000000005,0.032958333333333326,0.21406862215188044,0.1540813157877478,0.1,0.1
treatment,policy_value_confident,15,-9094.327136758939,60791.74661392219,-11.263742254282006,-0.14337681408228806,0.07184485391395537,0.25,0.27749999999999997,0.033717708333333325,0.21525946872058563,0.17598772044856484,0.3333333333333333,0.3333333333333333
treatment,policy_value_confident,16,-9143.328753177078,51648.41786074511,-11.252077608138014,-0.14362165329068127,0.04280422077443707,0.24729166666666666,0.2734583333333333,0.03346458333333333,0.21342384176104534,0.2089450488625962,0.5666666666666667,0.5666666666666667
treatment,policy_value_confident,17,-8032.268471825019,43616.149388920094,-9.89450225644794,-0.14364888288787744,-0.011361368109463643,0.21283333333333332,0.23875000000000002,0.03439687499999999,0.2124231925570263,0.1761608019813572,0.4666666666666667,0.4666666666666667
treatment,policy_value_confident,18,-7770.421885504999,35845.727503415095,-9.546360690214582,-0.14397340024466973,-0.0397202191305386,0.19604166666666664,0.22529166666666667,0.03269583333333332,0.20826343327390745,0.16151170685983063,0.5333333333333333,0.5333333333333333
treatment,policy_value_confident,19,-5954.838540677354,29890.888962737743,-7.276881509180026,-0.1435389082227206,-0.08325204469000033,0.1400833333333333,0.17445833333333333,0.03461875,0.21178800903028622,0.15354405593404016,0.5333333333333333,0.5333333333333333
treatment,policy_value_confident,20,-5248.5651363420675,24642.323826395674,-6.394039753760919,-0.14324924346555565,-0.10329410999484821,0.119125,0.15579166666666666,0.03302083333333332,0.21114875715800568,0.1459677979738066,0.5333333333333333,0.5333333333333333
treatment,policy_value_confident,21,-4505.4280791154,20136.895747280276,-5.47553509889425,-0.14339413936975134,-0.12427219486029202,0.09470833333333334,0.1335416666666667,0.033720833333333325,0.2107467538457405,0.13849420552342698,0.5,0.5
treatment,policy_value_confident,22,-4399.003490312257,15737.892256968018,-5.352921029556987,-0.1434108614380806,-0.12693778818342527,0.09075000000000001,0.132875,0.03361041666666665,0.21225501374386724,0.14380622605104457,0.4666666666666667,0.4666666666666667
treatment,policy_value_confident,23,-4210.555206086485,11527.337050881533,-5.106944007608106,-0.14334305856753154,-0.13662117179589223,0.08429166666666667,0.12512500000000001,0.03274374999999999,0.21003767066897894,0.12995148500725134,0.5,0.5
treatment,policy_value_confident,24,-3985.3924867175465,7541.944564163987,-4.8359072750636,-0.14395025261507685,-0.1455253869679932,0.07391666666666667,0.11641666666666667,0.03336249999999999,0.20966616382429018,0.1191375692418259,0.4666666666666667,0.4666666666666667
treatment,policy_value_confident,25,-3651.684384865841,3890.2601792981454,-4.450022147748967,-0.14306615763690916,-0.14937928218732086,0.063375,0.10716666666666666,0.033803124999999996,0.2102516236087473,0.12637193786865583,0.36666666666666664,0.36666666666666664
treatment,policy_value_confident,26,-3631.249355540946,259.01082375719926,-4.414061694426183,-0.14319153028478995,-0.1499158165564293,0.06429166666666666,0.106875,0.033991666666666656,0.20964899770028575,0.13392240359885174,0.4,0.4
treatment,policy_value_confident,27,-3668.559793905781,-3409.5489701485817,-4.51278307571556,-0.1437376402914524,-0.15446239154591487,0.06391666666666666,0.10683333333333334,0.03271145833333332,0.2110829770282714,0.1271511088383393,0.23333333333333334,0.23333333333333334
treatment,policy_value_confident,28,-3645.2065536958157,-7054.755523844398,-4.46275819211977,-0.14358954896402876,-0.1543281566214304,0.05954166666666667,0.10508333333333333,0.033060416666666655,0.2100235757703755,0.13911099271771044,0.3,0.3
treatment,policy_value_confident,29,-3663.0023250290456,-10717.757848873443,-4.44333623961964,-0.14368616810691634,-0.15415242280057964,0.060333333333333336,0.1065,0.033206249999999986,0.20881934794467125,0.13144631785749528,0.43333333333333335,0.43333333333333335
